termo,freq_tecnico,freq_critico,por_mil_tecnico,por_mil_critico,keyness_g2,polo
social,85,4480,0.341,9.081,3005.36,crítico
how,271,4909,1.087,9.95,2481.26,crítico
ai,217,4105,0.87,8.321,2111.02,crítico
media,77,3248,0.309,6.584,2093.43,crítico
performance,1267,200,5.081,0.405,1760.79,técnico
system,1724,560,6.914,1.135,1677.05,técnico
digital,172,3018,0.69,6.117,1505.56,crítico
algorithm,1154,223,4.628,0.452,1481.72,técnico
detection,838,78,3.361,0.158,1359.58,técnico
accuracy,862,104,3.457,0.211,1306.71,técnico
political,3,1622,0.012,3.288,1289.87,crítico
control,1429,569,5.731,1.153,1197.51,técnico
learning,1398,588,5.606,1.192,1119.67,técnico
practices,22,1577,0.088,3.197,1106.0,crítico
image,936,220,3.754,0.446,1097.92,técnico
neural,564,34,2.262,0.069,997.92,técnico
parameters,447,23,1.793,0.047,810.89,técnico
network,1039,453,4.167,0.918,806.7,técnico
science,59,1418,0.237,2.874,793.36,crítico
public,102,1639,0.409,3.322,786.93,crítico
feature,549,82,2.202,0.166,777.95,técnico
noise,448,36,1.797,0.073,751.0,técnico
what,53,1305,0.213,2.645,735.69,crítico
online,140,1704,0.561,3.454,708.82,crítico
controller,336,3,1.347,0.006,701.54,técnico
simulation,442,51,1.773,0.103,678.59,técnico
error,397,30,1.592,0.061,673.95,técnico
frequency,442,55,1.773,0.111,663.99,técnico
optimization,442,57,1.773,0.116,656.88,técnico
algorithmic,11,916,0.044,1.857,654.04,crítico
ethical,8,889,0.032,1.802,653.38,crítico
estimation,296,3,1.187,0.006,614.99,técnico
governance,6,814,0.024,1.65,608.12,crítico
signal,358,29,1.436,0.059,599.12,técnico
high,827,401,3.316,0.813,581.8,técnico
compared,507,125,2.033,0.253,580.35,técnico
speed,365,39,1.464,0.079,572.18,técnico
xlink,262,0,1.051,0.0,571.9,técnico
news,36,981,0.144,1.988,569.94,crítico
users,133,1449,0.533,2.937,562.72,crítico
problem,660,261,2.647,0.529,556.14,técnico
voltage,260,1,1.043,0.002,555.22,técnico
xmlns,276,6,1.107,0.012,549.29,técnico
multi,530,157,2.125,0.318,546.83,técnico
features,620,232,2.486,0.47,545.41,técnico
http,285,10,1.143,0.02,542.94,técnico
motion,305,18,1.223,0.036,541.57,técnico
input,339,34,1.359,0.069,540.11,técnico
fault,271,7,1.087,0.014,531.9,técnico
classification,455,109,1.825,0.221,528.6,técnico
deep,455,111,1.825,0.225,523.7,técnico
time,1141,803,4.576,1.628,511.7,técnico
platforms,54,974,0.217,1.974,491.45,crítico
www,281,19,1.127,0.039,487.29,técnico
training,456,131,1.829,0.266,479.28,técnico
optimal,270,16,1.083,0.032,479.09,técnico
people,83,1081,0.333,2.191,467.32,crítico
org,285,27,1.143,0.055,460.45,técnico
prediction,389,90,1.56,0.182,459.89,técnico
nonlinear,223,3,0.894,0.006,457.33,técnico
ways,25,760,0.1,1.54,454.85,crítico
real,582,253,2.334,0.513,453.05,técnico
obtained,298,36,1.195,0.073,451.57,técnico
experimental,474,159,1.901,0.322,451.18,técnico
effectiveness,335,58,1.343,0.118,449.76,técnico
sensor,269,22,1.079,0.045,449.26,técnico
interviews,13,664,0.052,1.346,443.13,crítico
vehicle,287,33,1.151,0.067,441.05,técnico
cultural,22,715,0.088,1.449,435.17,crítico
images,560,248,2.246,0.503,428.82,técnico
cnn,195,0,0.782,0.0,425.65,técnico
improve,403,116,1.616,0.235,423.08,técnico
efficient,280,35,1.123,0.071,420.06,técnico
discourse,3,545,0.012,1.105,415.22,crítico
rate,268,30,1.075,0.061,414.91,técnico
scheme,245,19,0.983,0.039,413.74,técnico
experiments,365,93,1.464,0.189,410.59,técnico
ethics,3,535,0.012,1.084,407.15,crítico
technique,318,62,1.275,0.126,406.76,técnico
improved,271,35,1.087,0.071,402.57,técnico
actors,6,554,0.024,1.123,400.0,crítico
segmentation,207,7,0.83,0.014,395.92,técnico
politics,1,481,0.004,0.975,381.37,crítico
engagement,18,616,0.072,1.249,379.58,crítico
math,230,20,0.922,0.041,379.03,técnico
examines,31,688,0.124,1.395,375.01,crítico
module,177,1,0.71,0.002,374.82,técnico
forms,20,622,0.08,1.261,374.44,crítico
dynamic,425,162,1.704,0.328,368.62,técnico
technologies,165,1258,0.662,2.55,368.34,crítico
stability,255,37,1.023,0.075,364.92,técnico
fusion,189,6,0.758,0.012,363.87,técnico
signals,238,28,0.954,0.057,363.4,técnico
implications,34,688,0.136,1.395,362.96,crítico
load,180,4,0.722,0.008,357.64,técnico
target,295,65,1.183,0.132,357.1,técnico
energy,448,191,1.797,0.387,354.68,técnico
parameter,174,3,0.698,0.006,351.85,técnico
achieves,170,2,0.682,0.004,350.92,técnico
task,363,123,1.456,0.249,343.14,técnico
moral,1,426,0.004,0.863,336.61,crítico
output,265,53,1.063,0.107,335.25,técnico
graph,180,8,0.722,0.016,333.29,técnico
content,145,1122,0.581,2.274,333.14,crítico
linear,237,37,0.95,0.075,330.67,técnico
participation,4,445,0.016,0.902,327.09,crítico
health,75,830,0.301,1.682,325.62,crítico
fuzzy,168,5,0.674,0.01,325.51,técnico
human,347,1787,1.392,3.622,324.67,crítico
convolutional,164,4,0.658,0.008,323.45,técnico
phase,254,51,1.019,0.103,320.78,técnico
efficiency,348,128,1.396,0.259,310.12,técnico
who,58,728,0.233,1.476,308.27,crítico
adaptive,257,58,1.031,0.118,307.55,técnico
facebook,4,418,0.016,0.847,305.5,crítico
cost,270,69,1.083,0.14,303.24,técnico
grid,192,20,0.77,0.041,302.98,técnico
examine,29,576,0.116,1.168,301.78,crítico
vector,178,14,0.714,0.028,299.73,técnico
dataset,340,127,1.363,0.257,299.5,técnico
community,33,590,0.132,1.196,296.63,crítico
platform,113,937,0.453,1.899,296.12,crítico
single,304,99,1.219,0.201,295.22,técnico
scientific,61,719,0.245,1.457,293.41,crítico
quality,442,228,1.773,0.462,292.09,técnico
applied,346,138,1.388,0.28,289.56,técnico
technology,289,1526,1.159,3.093,288.02,crítico
dc,149,5,0.598,0.01,285.22,técnico
big,50,656,0.201,1.33,284.73,crítico
agency,8,424,0.032,0.859,284.69,crítico
robustness,159,9,0.638,0.018,284.24,técnico
mml,252,64,1.011,0.13,283.97,técnico
accurate,237,54,0.95,0.109,282.3,técnico
understanding,109,896,0.437,1.816,281.02,crítico
narratives,1,353,0.004,0.716,277.26,crítico
low,421,218,1.688,0.442,277.11,técnico
contemporary,8,410,0.032,0.831,273.77,crítico
culture,4,375,0.016,0.76,271.18,crítico
mathml,145,6,0.581,0.012,270.95,técnico
twitter,8,404,0.032,0.819,269.1,crítico
society,30,535,0.12,1.084,268.69,crítico
practice,60,674,0.241,1.366,266.96,crítico
concerns,28,518,0.112,1.05,264.05,crítico
resolution,172,20,0.69,0.041,263.5,técnico
applications,408,216,1.636,0.438,262.31,técnico
outperforms,125,1,0.501,0.002,262.01,técnico
converter,120,0,0.481,0.0,261.94,técnico
research,699,2645,2.803,5.361,261.12,crítico
robot,374,183,1.5,0.371,260.78,técnico
domain,323,135,1.295,0.274,260.08,técnico
policy,66,688,0.265,1.395,259.41,crítico
ethnographic,0,317,0.0,0.643,259.36,crítico
trained,197,36,0.79,0.073,258.88,técnico
care,21,471,0.084,0.955,257.64,crítico
personal,16,440,0.064,0.892,256.29,crítico
obtain,162,17,0.65,0.034,255.15,técnico
achieve,280,100,1.123,0.203,254.99,técnico
data,1908,5684,7.652,11.521,254.92,crítico
test,333,148,1.335,0.3,254.18,técnico
layer,149,11,0.598,0.022,254.11,técnico
motor,134,5,0.537,0.01,253.52,técnico
trust,28,503,0.112,1.02,253.38,crítico
sensors,204,43,0.818,0.087,252.09,técnico
experiences,24,478,0.096,0.969,250.7,crítico
scientists,13,408,0.052,0.827,246.18,crítico
edge,163,20,0.654,0.041,245.88,técnico
application,365,185,1.464,0.375,245.64,técnico
privacy,66,666,0.265,1.35,245.5,crítico
communities,12,400,0.048,0.811,244.95,crítico
selection,243,75,0.974,0.152,244.37,técnico
intelligence,171,1052,0.686,2.132,244.24,crítico
robust,230,65,0.922,0.132,244.1,técnico
epistemic,3,332,0.012,0.673,243.92,crítico
operation,227,63,0.91,0.128,243.48,técnico
role,132,915,0.529,1.855,243.44,crítico
sts,1,310,0.004,0.628,242.34,crítico
filter,178,30,0.714,0.061,241.46,técnico
everyday,7,361,0.028,0.732,241.3,crítico
technological,45,567,0.18,1.149,240.62,crítico
perceived,17,424,0.068,0.859,239.98,crítico
misinformation,2,316,0.008,0.641,238.65,crítico
united,8,364,0.032,0.738,238.02,crítico
workers,6,349,0.024,0.707,237.78,crítico
infrastructures,6,346,0.024,0.701,235.43,crítico
order,472,309,1.893,0.626,234.68,técnico
techniques,381,210,1.528,0.426,234.36,técnico
women,8,358,0.032,0.726,233.37,crítico
channel,165,25,0.662,0.051,232.66,técnico
datasets,324,155,1.299,0.314,230.94,técnico
debates,0,282,0.0,0.572,230.73,crítico
average,177,33,0.71,0.067,230.7,técnico
legal,14,392,0.056,0.795,229.49,crítico
random,165,26,0.662,0.053,229.45,técnico
classifier,132,9,0.529,0.018,228.55,técnico
identity,23,441,0.092,0.894,227.98,crítico
explores,37,511,0.148,1.036,227.95,crítico
government,6,336,0.024,0.681,227.59,crítico
participants,49,564,0.197,1.143,226.83,crítico
suggest,40,523,0.16,1.06,226.58,crítico
clustering,141,14,0.565,0.028,225.21,técnico
traffic,195,48,0.782,0.097,223.4,técnico
us,55,580,0.221,1.176,220.41,crítico
sociotechnical,0,269,0.0,0.545,220.09,crítico
tasks,293,133,1.175,0.27,219.41,técnico
estimate,127,9,0.509,0.018,218.31,técnico
designed,353,194,1.416,0.393,217.85,técnico
solution,238,85,0.954,0.172,216.74,técnico
number,331,174,1.327,0.353,214.42,técnico
collective,6,318,0.024,0.645,213.52,crítico
recognition,324,169,1.299,0.343,211.63,técnico
gradient,105,2,0.421,0.004,210.95,técnico
achieved,186,47,0.746,0.095,210.17,técnico
national,18,389,0.072,0.788,210.1,crítico
lstm,101,1,0.405,0.002,210.04,técnico
processing,338,185,1.355,0.375,209.54,técnico
imaginaries,0,256,0.0,0.519,209.45,crítico
imaging,129,12,0.517,0.024,209.32,técnico
effective,311,159,1.247,0.322,207.44,técnico
semantic,168,36,0.674,0.073,206.04,técnico
democratic,1,265,0.004,0.537,205.84,crítico
class,240,93,0.962,0.189,205.51,técnico
contexts,27,428,0.108,0.868,204.23,crítico
citizens,3,281,0.012,0.57,203.19,crítico
accountability,2,271,0.008,0.549,202.44,crítico
measurement,180,46,0.722,0.093,202.16,técnico
dimensional,161,33,0.646,0.067,201.49,técnico
responsibility,4,287,0.016,0.582,201.31,crítico
tracking,301,154,1.207,0.312,200.62,técnico
institutional,4,286,0.016,0.58,200.52,crítico
surveillance,30,437,0.12,0.886,200.29,crítico
surface,151,27,0.606,0.055,200.17,técnico
individuals,43,494,0.172,1.001,198.45,crítico
strategy,287,142,1.151,0.288,197.92,técnico
novel,384,245,1.54,0.497,197.65,técnico
socio,2,264,0.008,0.535,196.82,crítico
affordances,2,264,0.008,0.535,196.82,crítico
solve,174,44,0.698,0.089,196.53,técnico
score,137,20,0.549,0.041,195.65,técnico
discourses,0,238,0.0,0.482,194.73,crítico
effectively,226,87,0.906,0.176,194.52,técnico
engage,8,307,0.032,0.622,194.08,crítico
finite,103,4,0.413,0.008,193.96,técnico
risks,18,366,0.072,0.742,193.43,crítico
distribution,262,121,1.051,0.245,193.1,técnico
mediated,4,276,0.016,0.559,192.62,crítico
increasingly,67,583,0.269,1.182,191.92,crítico
sliding,87,0,0.349,0.0,189.9,técnico
verified,95,2,0.381,0.004,189.52,técnico
object,253,115,1.015,0.233,189.22,técnico
broader,8,299,0.032,0.606,187.95,crítico
concept,91,667,0.365,1.352,187.94,crítico
questions,37,451,0.148,0.914,187.76,crítico
numerical,140,25,0.561,0.051,185.69,técnico
simulations,140,25,0.561,0.051,185.69,técnico
transparency,10,307,0.04,0.622,184.2,crítico
angle,110,9,0.441,0.018,183.7,técnico
activism,0,224,0.0,0.454,183.27,crítico
ratio,105,7,0.421,0.014,182.55,técnico
matrix,133,22,0.533,0.045,181.69,técnico
function,298,166,1.195,0.336,181.13,técnico
regulatory,6,275,0.024,0.557,180.06,crítico
scholars,13,319,0.052,0.647,179.65,crítico
respectively,150,34,0.602,0.069,179.13,técnico
pixel,82,0,0.329,0.0,178.99,técnico
tex,82,0,0.329,0.0,178.99,técnico
scholarship,0,218,0.0,0.442,178.36,crítico
vehicles,166,46,0.666,0.093,178.21,técnico
groups,45,467,0.18,0.947,175.54,crítico
hardware,128,21,0.513,0.043,175.4,técnico
accounts,3,243,0.012,0.493,172.96,crítico
observer,90,3,0.361,0.006,172.4,técnico
art,240,114,0.962,0.231,172.24,técnico
justice,3,242,0.012,0.491,172.17,crítico
young,8,278,0.032,0.563,171.92,crítico
evidence,18,336,0.072,0.681,171.89,crítico
architecture,202,79,0.81,0.16,171.72,técnico
self,183,943,0.734,1.911,171.49,crítico
children,23,361,0.092,0.732,171.48,crítico
understand,49,477,0.197,0.967,171.34,crítico
vibration,97,6,0.389,0.012,170.88,técnico
bearing,92,4,0.369,0.008,170.84,técnico
improvement,135,27,0.541,0.055,170.79,técnico
norms,3,240,0.012,0.486,170.58,crítico
inverter,78,0,0.313,0.0,170.26,técnico
benchmark,109,12,0.437,0.024,169.52,técnico
normative,5,254,0.02,0.515,169.35,crítico
gt,118,17,0.473,0.034,169.27,técnico
critical,171,899,0.686,1.822,168.57,crítico
discursive,0,206,0.0,0.418,168.54,crítico
presented,265,143,1.063,0.29,166.88,técnico
conventional,192,73,0.77,0.148,166.86,técnico
supervised,120,19,0.481,0.039,166.59,técnico
finally,330,214,1.323,0.434,166.2,técnico
camera,107,12,0.429,0.024,165.57,técnico
detect,150,40,0.602,0.081,164.58,técnico
velocity,89,4,0.357,0.008,164.55,técnico
fast,130,26,0.521,0.053,164.46,técnico
technical,76,570,0.305,1.155,164.28,crítico
relations,37,415,0.148,0.841,164.22,crítico
maximum,98,8,0.393,0.016,163.74,técnico
posts,3,231,0.012,0.468,163.45,crítico
instagram,1,212,0.004,0.43,162.92,crítico
firstly,111,15,0.445,0.03,162.58,técnico
networks,428,335,1.716,0.679,161.95,técnico
uav,74,0,0.297,0.0,161.53,técnico
rotor,74,0,0.297,0.0,161.53,técnico
claims,5,243,0.02,0.493,160.79,crítico
flow,180,66,0.722,0.134,160.78,técnico
discussions,11,281,0.044,0.57,160.2,crítico
making,162,852,0.65,1.727,159.85,crítico
harmonic,73,0,0.293,0.0,159.35,técnico
improves,111,16,0.445,0.032,159.2,técnico
feedback,173,61,0.694,0.124,159.01,técnico
matching,109,15,0.437,0.03,158.72,técnico
lt,114,18,0.457,0.036,158.41,técnico
affective,1,206,0.004,0.418,158.07,crítico
nodes,101,11,0.405,0.022,157.53,técnico
validate,97,9,0.389,0.018,157.49,técnico
societal,4,231,0.016,0.468,157.21,crítico
labor,18,315,0.072,0.638,156.97,crítico
circuit,106,14,0.425,0.028,156.38,técnico
delay,85,4,0.341,0.008,156.18,técnico
matlab,76,1,0.305,0.002,156.04,técnico
around,57,483,0.229,0.979,155.51,crítico
pid,71,0,0.285,0.0,154.98,técnico
wavelet,71,0,0.285,0.0,154.98,técnico
tech,7,249,0.028,0.505,154.81,crítico
moderation,1,201,0.004,0.407,154.02,crítico
themselves,11,272,0.044,0.551,153.54,crítico
notion,11,271,0.044,0.549,152.8,crítico
sup,70,0,0.281,0.0,152.8,técnico
trajectory,139,37,0.557,0.075,152.66,técnico
economic,47,438,0.188,0.888,152.27,crítico
datafication,0,186,0.0,0.377,152.18,crítico
rights,9,258,0.036,0.523,152.02,crítico
estimated,96,10,0.385,0.02,151.49,técnico
wind,94,9,0.377,0.018,151.48,técnico
attitudes,9,257,0.036,0.521,151.27,crítico
explore,75,543,0.301,1.101,151.12,crítico
probability,118,23,0.473,0.047,150.95,técnico
qualitative,37,394,0.148,0.799,150.71,crítico
european,11,266,0.044,0.539,149.11,crítico
evaluated,151,48,0.606,0.097,149.0,técnico
radar,84,5,0.337,0.01,148.94,técnico
characteristics,275,169,1.103,0.343,148.58,técnico
sequence,100,13,0.401,0.026,148.25,técnico
life,104,639,0.417,1.295,148.12,crítico
hybrid,198,90,0.794,0.182,148.09,técnico
debate,2,203,0.008,0.411,147.96,crítico
road,98,12,0.393,0.024,147.92,técnico
extract,110,19,0.441,0.039,147.82,técnico
yet,62,489,0.249,0.991,147.79,crítico
participatory,1,193,0.004,0.391,147.56,crítico
localization,92,9,0.369,0.018,147.49,técnico
disturbances,72,1,0.289,0.002,147.41,técnico
consequences,14,280,0.056,0.568,147.08,crítico
automatic,106,17,0.425,0.034,146.47,técnico
tuning,85,6,0.341,0.012,146.22,técnico
perceptions,11,262,0.044,0.531,146.17,crítico
loss,154,52,0.618,0.105,145.92,técnico
retrieval,95,11,0.381,0.022,145.71,técnico
ann,71,1,0.285,0.002,145.26,técnico
emotional,13,272,0.052,0.551,145.25,crítico
gender,36,381,0.144,0.772,145.14,crítico
beyond,33,368,0.132,0.746,145.08,crítico
racial,0,177,0.0,0.359,144.82,crítico
temperature,98,13,0.393,0.026,144.38,técnico
inference,98,13,0.393,0.026,144.38,técnico
developed,385,303,1.544,0.614,144.32,técnico
transmission,123,29,0.493,0.059,144.05,técnico
literacy,2,198,0.008,0.401,143.96,crítico
stage,183,79,0.734,0.16,143.32,técnico
proposes,276,175,1.107,0.355,143.23,técnico
adults,1,187,0.004,0.379,142.71,crítico
accurately,104,17,0.417,0.034,142.7,técnico
samples,144,46,0.577,0.093,141.63,técnico
expertise,10,250,0.04,0.507,141.6,crítico
transformer,91,10,0.365,0.02,141.59,técnico
zero,87,8,0.349,0.016,141.55,técnico
wireless,87,8,0.349,0.016,141.55,técnico
carried,140,43,0.561,0.087,141.23,técnico
tensions,2,194,0.008,0.393,140.77,crítico
mechanism,214,111,0.858,0.225,140.61,técnico
publics,0,171,0.0,0.347,139.91,crítico
capital,5,216,0.02,0.438,139.87,crítico
modal,92,11,0.369,0.022,139.83,técnico
scenarios,173,72,0.694,0.146,139.8,técnico
verify,107,20,0.429,0.041,139.32,técnico
comments,6,222,0.024,0.45,139.24,crítico
audiences,0,170,0.0,0.345,139.09,crítico
examining,11,252,0.044,0.511,138.82,crítico
gaussian,68,1,0.273,0.002,138.8,técnico
students,283,188,1.135,0.381,137.9,técnico
mode,210,109,0.842,0.221,137.88,técnico
emerging,39,382,0.156,0.774,137.83,crítico
conclude,9,239,0.036,0.484,137.83,crítico
power,715,763,2.867,1.547,137.6,técnico
swarm,63,0,0.253,0.0,137.52,técnico
torque,63,0,0.253,0.0,137.52,técnico
impedance,63,0,0.253,0.0,137.52,técnico
diagnosis,132,39,0.529,0.079,136.41,técnico
theories,14,265,0.056,0.537,136.31,crítico
loop,144,49,0.577,0.099,135.72,técnico
information,944,1109,3.786,2.248,135.14,técnico
pandemic,13,258,0.052,0.523,135.13,crítico
force,154,58,0.618,0.118,134.81,técnico
switching,77,5,0.309,0.01,134.51,técnico
citizen,0,164,0.0,0.332,134.18,crítico
climate,12,251,0.048,0.509,134.02,crítico
disturbance,79,6,0.317,0.012,133.97,técnico
state,537,518,2.154,1.05,133.79,técnico
sexual,0,163,0.0,0.33,133.36,crítico
svm,61,0,0.245,0.0,133.15,técnico
knowledge,283,1146,1.135,2.323,133.01,crítico
economy,22,300,0.088,0.608,132.94,crítico
correlation,97,16,0.389,0.032,132.65,técnico
internet,99,592,0.397,1.2,132.65,crítico
intelligent,169,73,0.678,0.148,132.29,técnico
feminist,2,183,0.008,0.371,132.0,crítico
scene,106,22,0.425,0.045,131.91,técnico
actuator,60,0,0.241,0.0,130.97,técnico
methodological,4,197,0.016,0.399,130.66,crítico
extraction,178,83,0.714,0.168,130.01,técnico
contributes,20,286,0.08,0.58,129.88,crítico
electrical,79,7,0.317,0.014,129.64,técnico
optimized,83,9,0.333,0.018,129.61,técnico
electric,92,14,0.369,0.028,129.53,técnico
simple,134,44,0.537,0.089,129.41,técnico
capitalism,0,158,0.0,0.32,129.27,crítico
older,3,187,0.012,0.379,128.7,crítico
logics,0,157,0.0,0.318,128.45,crítico
similarity,114,29,0.457,0.059,128.35,técnico
sampling,114,29,0.457,0.059,128.35,técnico
inspection,74,5,0.297,0.01,128.34,técnico
entropy,69,3,0.277,0.006,128.13,técnico
themes,0,156,0.0,0.316,127.64,crítico
journalists,1,168,0.004,0.341,127.38,crítico
path,142,52,0.569,0.105,126.96,técnico
detecting,97,18,0.389,0.036,126.67,técnico
sar,58,0,0.233,0.0,126.6,técnico
forest,85,11,0.341,0.022,126.19,técnico
controllers,68,3,0.273,0.006,126.03,técnico
effects,100,582,0.401,1.18,125.92,crítico
measurements,104,23,0.417,0.047,125.67,técnico
survey,46,390,0.184,0.791,125.62,crítico
particle,65,2,0.261,0.004,125.53,técnico
journalism,0,153,0.0,0.31,125.18,crítico
identities,0,153,0.0,0.31,125.18,crítico
robotic,142,53,0.569,0.107,125.16,técnico
suitable,112,29,0.449,0.059,124.9,técnico
artificial,229,972,0.918,1.97,124.88,crítico
visibility,7,209,0.028,0.424,124.5,crítico
demonstrate,376,317,1.508,0.643,124.43,técnico
lyapunov,57,0,0.229,0.0,124.42,técnico
violence,0,152,0.0,0.308,124.36,crítico
attacks,113,30,0.453,0.061,124.29,técnico
organizations,16,258,0.064,0.523,124.07,crítico
sparse,74,6,0.297,0.012,123.82,técnico
size,141,53,0.565,0.107,123.61,técnico
democracy,0,151,0.0,0.306,123.54,crítico
theory,125,657,0.501,1.332,123.15,crítico
precision,172,82,0.69,0.166,123.01,técnico
reduced,144,56,0.577,0.114,122.96,técnico
evaluation,224,136,0.898,0.276,122.89,técnico
cultures,0,150,0.0,0.304,122.73,crítico
discussion,26,302,0.104,0.612,122.14,crítico
others,30,319,0.12,0.647,121.91,crítico
rotation,60,1,0.241,0.002,121.58,técnico
optical,84,12,0.337,0.024,120.83,técnico
advantages,104,25,0.417,0.051,120.61,técnico
extracted,104,25,0.417,0.051,120.61,técnico
context,139,695,0.557,1.409,120.51,crítico
distance,149,62,0.598,0.126,120.42,técnico
navigation,98,21,0.393,0.043,120.19,técnico
inertial,55,0,0.221,0.0,120.05,técnico
kalman,55,0,0.221,0.0,120.05,técnico
doing,8,209,0.032,0.424,119.95,crítico
corporate,4,183,0.016,0.371,119.78,crítico
ensemble,72,6,0.289,0.012,119.77,técnico
density,74,7,0.297,0.014,119.6,técnico
compression,59,1,0.237,0.002,119.43,técnico
magnetic,59,1,0.237,0.002,119.43,técnico
distortion,62,2,0.249,0.004,119.17,técnico
likely,13,235,0.052,0.476,118.68,crítico
labour,1,157,0.004,0.318,118.52,crítico
superior,91,17,0.365,0.034,118.51,técnico
risk,76,486,0.305,0.985,118.19,crítico
ongoing,9,212,0.036,0.43,117.85,crítico
formula,64,3,0.257,0.006,117.65,técnico
companies,26,295,0.104,0.598,117.59,crítico
capability,123,41,0.493,0.083,117.59,técnico
filtering,98,22,0.393,0.045,117.58,técnico
pi,61,2,0.245,0.004,117.05,técnico
epistemological,0,143,0.0,0.29,117.0,crítico
tiktok,0,143,0.0,0.29,117.0,crítico
reconstruction,90,17,0.361,0.034,116.67,técnico
age,25,289,0.1,0.586,116.54,crítico
end,233,152,0.934,0.308,116.4,técnico
exposure,22,275,0.088,0.557,116.17,crítico
interventions,5,185,0.02,0.375,116.03,crítico
teaching,117,37,0.469,0.075,115.84,técnico
might,34,326,0.136,0.661,115.8,crítico
mean,137,54,0.549,0.109,115.74,técnico
battery,70,6,0.281,0.012,115.72,técnico
proportional,53,0,0.213,0.0,115.69,técnico
cnns,53,0,0.213,0.0,115.69,técnico
organizational,2,162,0.008,0.328,115.31,crítico
race,9,208,0.036,0.422,114.92,crítico
emergence,6,190,0.024,0.385,114.9,crítico
spaces,24,282,0.096,0.572,114.86,crítico
desired,92,19,0.369,0.039,114.75,técnico
understandings,0,140,0.0,0.284,114.54,crítico
stories,2,161,0.008,0.326,114.51,crítico
harms,1,152,0.004,0.308,114.49,crítico
extensive,136,54,0.545,0.109,114.23,técnico
commentary,0,139,0.0,0.282,113.73,crítico
sensing,156,73,0.626,0.148,113.56,técnico
loads,52,0,0.209,0.0,113.51,técnico
covid,27,293,0.108,0.594,113.49,crítico
standard,158,75,0.634,0.152,113.47,técnico
expectations,9,206,0.036,0.418,113.45,crítico
validated,97,23,0.389,0.047,113.28,técnico
history,18,252,0.072,0.511,113.21,crítico
apps,3,167,0.012,0.339,113.01,crítico
reduces,101,26,0.405,0.053,112.99,técnico
influencers,0,138,0.0,0.28,112.91,crítico
situated,4,174,0.016,0.353,112.82,crítico
contribute,25,283,0.1,0.574,112.64,crítico
components,158,76,0.634,0.154,112.03,técnico
relationships,53,393,0.213,0.797,112.01,crítico
adolescents,0,136,0.0,0.276,111.27,crítico
mediation,0,136,0.0,0.276,111.27,crítico
meaning,18,249,0.072,0.505,111.17,crítico
relationship,97,542,0.389,1.099,110.99,crítico
generation,195,115,0.782,0.233,110.87,técnico
probabilistic,82,14,0.329,0.028,110.69,técnico
challenging,159,78,0.638,0.158,110.58,técnico
uk,4,171,0.016,0.347,110.5,crítico
innovation,41,345,0.164,0.699,110.42,crítico
train,102,28,0.409,0.057,110.09,técnico
countries,22,265,0.088,0.537,109.56,crítico
narrative,7,189,0.028,0.383,109.52,crítico
classes,89,19,0.357,0.039,109.34,técnico
right,30,299,0.12,0.606,109.25,crítico
uavs,50,0,0.201,0.0,109.14,técnico
multiple,321,267,1.287,0.541,108.96,técnico
transfer,109,34,0.437,0.069,108.88,técnico
improving,139,60,0.557,0.122,108.87,técnico
weights,54,1,0.217,0.002,108.69,técnico
members,10,205,0.04,0.416,108.67,crítico
bayesian,57,2,0.229,0.004,108.59,técnico
design,678,770,2.719,1.561,108.44,técnico
parallel,101,28,0.405,0.057,108.4,técnico
performed,150,71,0.602,0.144,108.02,técnico
significantly,231,158,0.926,0.32,108.01,técnico
square,64,5,0.257,0.01,107.92,técnico
performs,68,7,0.273,0.014,107.63,técnico
futures,3,160,0.012,0.324,107.54,crítico
calls,2,152,0.008,0.308,107.38,crítico
understood,14,224,0.056,0.454,107.34,crítico
illumination,59,3,0.237,0.006,107.22,técnico
sites,16,233,0.064,0.472,106.77,crítico
memory,157,79,0.63,0.16,106.44,técnico
decomposition,61,4,0.245,0.008,106.37,técnico
activists,0,130,0.0,0.264,106.36,crítico
call,20,251,0.08,0.509,106.28,crítico
reduce,178,101,0.714,0.205,105.93,técnico
sub,126,50,0.505,0.101,105.88,técnico
framing,2,150,0.008,0.304,105.8,crítico
calculated,69,8,0.277,0.016,105.79,técnico
introduced,168,91,0.674,0.184,105.36,técnico
cloud,108,35,0.433,0.071,105.22,técnico
amplitude,48,0,0.192,0.0,104.78,técnico
pso,48,0,0.192,0.0,104.78,técnico
institutions,21,253,0.084,0.513,104.61,crítico
operating,117,43,0.469,0.087,104.33,técnico
generalization,60,4,0.241,0.008,104.32,técnico
societies,0,127,0.0,0.257,103.91,crítico
node,64,6,0.257,0.012,103.66,técnico
minimum,64,6,0.257,0.012,103.66,técnico
utilized,107,35,0.429,0.071,103.6,técnico
reinforcement,90,22,0.361,0.045,103.48,técnico
corresponding,98,28,0.393,0.057,103.34,técnico
faults,57,3,0.229,0.006,103.05,técnico
ga,47,0,0.188,0.0,102.59,técnico
wheel,47,0,0.188,0.0,102.59,técnico
manipulator,47,0,0.188,0.0,102.59,técnico
coefficients,47,0,0.188,0.0,102.59,técnico
iot,111,39,0.445,0.079,102.28,técnico
indigenous,0,125,0.0,0.253,102.27,crítico
spectral,59,4,0.237,0.008,102.26,técnico
feasibility,69,9,0.277,0.018,102.19,técnico
spatial,217,148,0.87,0.3,101.89,técnico
anomaly,63,6,0.253,0.012,101.66,técnico
efforts,26,270,0.104,0.547,101.54,crítico
regimes,0,124,0.0,0.251,101.45,crítico
visions,0,124,0.0,0.251,101.45,crítico
structure,246,183,0.987,0.371,101.26,técnico
attack,90,23,0.361,0.047,101.08,técnico
autonomy,13,210,0.052,0.426,101.07,crítico
perspectives,22,252,0.088,0.511,101.05,crítico
bit,56,3,0.225,0.006,100.97,técnico
consent,0,123,0.0,0.249,100.64,crítico
process,650,746,2.607,1.512,100.53,técnico
seismic,46,0,0.184,0.0,100.41,técnico
histogram,46,0,0.184,0.0,100.41,técnico
utilizes,66,8,0.265,0.016,99.91,técnico
socially,0,122,0.0,0.247,99.82,crítico
optimize,79,16,0.317,0.032,99.39,técnico
fieldwork,0,121,0.0,0.245,99.0,crítico
enhance,189,119,0.758,0.241,98.98,técnico
infrastructural,3,149,0.012,0.302,98.96,crítico
processes,126,607,0.505,1.23,98.95,crítico
kernel,55,3,0.221,0.006,98.9,técnico
suggests,21,244,0.084,0.495,98.7,crítico
flexible,99,31,0.397,0.063,98.64,técnico
reliability,120,49,0.481,0.099,98.52,técnico
objective,157,85,0.63,0.172,98.51,técnico
roles,11,196,0.044,0.397,98.4,crítico
pose,112,42,0.449,0.085,98.37,técnico
denoising,45,0,0.18,0.0,98.23,técnico
nn,45,0,0.18,0.0,98.23,técnico
sense,33,293,0.132,0.594,98.05,crítico
ac,52,2,0.209,0.004,98.03,técnico
geometry,49,1,0.197,0.002,97.97,técnico
sharing,43,331,0.172,0.671,97.8,crítico
noisy,59,5,0.237,0.01,97.78,técnico
simulated,75,14,0.301,0.028,97.7,técnico
fine,81,18,0.325,0.036,97.66,técnico
defects,61,6,0.245,0.012,97.66,técnico
critique,1,131,0.004,0.266,97.61,crítico
china,23,251,0.092,0.509,97.58,crítico
traditional,295,249,1.183,0.505,97.41,técnico
threshold,85,21,0.341,0.043,97.19,técnico
errors,98,31,0.393,0.063,97.01,técnico
relation,28,271,0.112,0.549,96.93,crítico
engaging,3,146,0.012,0.296,96.63,crítico
dominant,10,188,0.04,0.381,96.45,crítico
literature,102,527,0.409,1.068,96.23,crítico
encoding,56,4,0.225,0.008,96.12,técnico
infrastructure,60,389,0.241,0.788,96.12,crítico
gait,44,0,0.176,0.0,96.04,técnico
actuation,44,0,0.176,0.0,96.04,técnico
kinematic,44,0,0.176,0.0,96.04,técnico
microgrid,44,0,0.176,0.0,96.04,técnico
degradation,64,8,0.257,0.016,96.01,técnico
pattern,129,59,0.517,0.12,95.93,técnico
implemented,135,65,0.541,0.132,95.63,técnico
central,38,308,0.152,0.624,95.41,crítico
reduction,103,36,0.413,0.073,95.27,técnico
eu,1,128,0.004,0.259,95.2,crítico
industrial,159,90,0.638,0.182,94.89,técnico
little,24,251,0.096,0.509,94.85,crítico
labels,85,22,0.341,0.045,94.81,técnico
acoustic,53,3,0.213,0.006,94.75,técnico
stakeholders,7,169,0.028,0.343,94.69,crítico
detected,65,9,0.261,0.018,94.47,técnico
modeling,185,119,0.742,0.241,94.19,técnico
shown,139,70,0.557,0.142,94.16,técnico
relational,21,237,0.084,0.48,94.15,crítico
inputs,79,18,0.317,0.036,94.1,técnico
frameworks,25,254,0.1,0.515,94.08,crítico
dnn,43,0,0.172,0.0,93.86,técnico
quantization,43,0,0.172,0.0,93.86,técnico
convolution,43,0,0.172,0.0,93.86,técnico
civic,0,114,0.0,0.231,93.27,crítico
manufacturing,84,22,0.337,0.045,93.09,técnico
bodies,13,198,0.052,0.401,92.73,crítico
flight,52,3,0.209,0.006,92.68,técnico
related,137,625,0.549,1.267,92.49,crítico
joint,95,31,0.381,0.063,92.13,técnico
regression,122,55,0.489,0.111,91.93,técnico
better,306,271,1.227,0.549,91.9,técnico
query,60,7,0.241,0.014,91.83,técnico
band,56,5,0.225,0.01,91.74,técnico
thermal,56,5,0.225,0.01,91.74,técnico
inline,42,0,0.168,0.0,91.68,técnico
deviation,46,1,0.184,0.002,91.55,técnico
component,114,48,0.457,0.097,91.22,técnico
problems,315,284,1.263,0.576,91.16,técnico
app,6,158,0.024,0.32,90.89,crítico
computation,84,23,0.337,0.047,90.8,técnico
techno,2,131,0.008,0.266,90.79,crítico
closed,85,24,0.341,0.049,90.26,técnico
consists,90,28,0.361,0.057,90.05,técnico
why,16,208,0.064,0.422,89.83,crítico
compensation,82,22,0.329,0.045,89.67,técnico
plane,48,2,0.192,0.004,89.62,técnico
simulink,41,0,0.164,0.0,89.5,técnico
pv,41,0,0.164,0.0,89.5,técnico
discuss,50,340,0.201,0.689,88.61,crítico
associated,91,476,0.365,0.965,88.57,crítico
focusing,34,281,0.136,0.57,88.55,crítico
memes,0,108,0.0,0.219,88.36,crítico
turn,28,257,0.112,0.521,88.3,crítico
weighted,52,4,0.209,0.008,87.96,técnico
critically,11,181,0.044,0.367,87.83,crítico
ability,238,189,0.954,0.383,87.83,técnico
amount,86,26,0.345,0.053,87.62,técnico
coefficient,47,2,0.188,0.004,87.52,técnico
pixels,47,2,0.188,0.004,87.52,técnico
encoder,40,0,0.16,0.0,87.31,técnico
scheduling,44,1,0.176,0.002,87.27,técnico
laser,44,1,0.176,0.002,87.27,técnico
legitimacy,1,118,0.004,0.239,87.18,crítico
geometric,49,3,0.197,0.006,86.47,técnico
professional,28,254,0.112,0.515,86.47,crítico
empirical,73,413,0.293,0.837,86.03,crítico
own,32,269,0.128,0.545,86.02,crítico
therefore,252,209,1.011,0.424,86.0,técnico
unit,85,26,0.341,0.053,85.97,técnico
interdisciplinary,4,139,0.016,0.282,85.96,crítico
axis,51,4,0.205,0.008,85.93,técnico
approximation,53,5,0.213,0.01,85.71,técnico
should,93,476,0.373,0.965,85.66,crítico
enhancement,86,27,0.345,0.055,85.55,técnico
shaped,14,192,0.056,0.389,85.34,crítico
creators,4,138,0.016,0.28,85.2,crítico
fractional,39,0,0.156,0.0,85.13,técnico
segment,43,1,0.172,0.002,85.13,técnico
deformation,39,0,0.156,0.0,85.13,técnico
rgb,39,0,0.156,0.0,85.13,técnico
parametric,39,0,0.156,0.0,85.13,técnico
contested,0,104,0.0,0.211,85.09,crítico
transnational,0,104,0.0,0.211,85.09,crítico
organisations,0,104,0.0,0.211,85.09,crítico
length,65,12,0.261,0.024,85.06,técnico
best,178,120,0.714,0.243,84.97,técnico
equipment,68,14,0.273,0.028,84.93,técnico
market,37,286,0.148,0.58,84.83,crítico
them,168,695,0.674,1.409,84.56,crítico
imaginary,2,123,0.008,0.249,84.49,crítico
rl,48,3,0.192,0.006,84.41,técnico
operator,48,3,0.192,0.006,84.41,técnico
topology,63,11,0.253,0.022,84.3,técnico
focus,132,590,0.529,1.196,84.01,crítico
mechanical,91,32,0.365,0.065,83.8,técnico
unmanned,54,6,0.217,0.012,83.77,técnico
ethnography,0,102,0.0,0.207,83.45,crítico
text,242,200,0.97,0.405,83.13,técnico
improvements,67,14,0.269,0.028,83.12,técnico
nearest,42,1,0.168,0.002,83.0,técnico
professionals,7,153,0.028,0.31,82.96,crítico
crisis,5,141,0.02,0.286,82.71,crítico
mathematical,83,26,0.333,0.053,82.68,técnico
disinformation,0,101,0.0,0.205,82.64,crítico
testing,140,80,0.561,0.162,82.64,técnico
algorithms,542,625,2.174,1.267,82.55,técnico
modulation,57,8,0.229,0.016,82.47,técnico
tree,62,11,0.249,0.022,82.45,técnico
fairness,13,183,0.052,0.371,82.44,crítico
humans,47,318,0.188,0.645,82.43,crítico
youth,1,112,0.004,0.227,82.37,crítico
steady,47,3,0.188,0.006,82.35,técnico
reflect,20,214,0.08,0.434,82.12,crítico
generalized,55,7,0.221,0.014,82.07,técnico
authority,6,146,0.024,0.296,82.0,crítico
planning,125,65,0.501,0.132,81.91,técnico
db,49,4,0.197,0.008,81.87,técnico
election,0,100,0.0,0.203,81.82,crítico
synchronous,53,6,0.213,0.012,81.8,técnico
color,93,35,0.373,0.071,81.46,técnico
act,17,199,0.068,0.403,80.87,crítico
pairs,41,1,0.164,0.002,80.86,técnico
abnormal,41,1,0.164,0.002,80.86,técnico
rmse,37,0,0.148,0.0,80.76,técnico
ultrasonic,37,0,0.148,0.0,80.76,técnico
classifiers,61,11,0.245,0.022,80.59,técnico
recall,61,11,0.245,0.022,80.59,técnico
agenda,2,118,0.008,0.239,80.57,crítico
largely,16,194,0.064,0.393,80.52,crítico
essay,5,138,0.02,0.28,80.47,crítico
achieving,90,33,0.361,0.067,80.39,técnico
complex,329,320,1.319,0.649,80.38,técnico
western,3,125,0.012,0.253,80.37,crítico
responsible,17,198,0.068,0.401,80.22,crítico
south,11,170,0.044,0.345,80.17,crítico
sex,1,109,0.004,0.221,79.97,crítico
hate,1,109,0.004,0.221,79.97,crítico
precise,80,25,0.321,0.051,79.82,técnico
static,68,16,0.273,0.032,79.72,técnico
efficiently,68,16,0.273,0.032,79.72,técnico
reveal,40,288,0.16,0.584,79.71,crítico
google,17,197,0.068,0.399,79.56,crítico
wikipedia,1,108,0.004,0.219,79.17,crítico
reference,119,61,0.477,0.124,79.16,técnico
think,2,116,0.008,0.235,79.0,crítico
experimentally,60,11,0.241,0.022,78.74,técnico
equations,40,1,0.16,0.002,78.73,técnico
itself,24,225,0.096,0.456,78.58,crítico
infrared,36,0,0.144,0.0,78.58,técnico
angular,36,0,0.144,0.0,78.58,técnico
block,70,18,0.281,0.036,78.36,técnico
case,214,805,0.858,1.632,78.28,crítico
claim,5,135,0.02,0.274,78.23,crítico
step,128,71,0.513,0.144,78.18,técnico
predict,128,71,0.513,0.144,78.18,técnico
baseline,67,16,0.269,0.032,77.96,técnico
requirements,123,66,0.493,0.134,77.94,técnico
github,51,6,0.205,0.012,77.87,técnico
conceptual,32,255,0.128,0.517,77.79,crítico
sequences,64,14,0.257,0.028,77.74,técnico
gendered,0,95,0.0,0.193,77.73,crítico
production,128,562,0.513,1.139,77.31,crítico
framed,3,121,0.012,0.245,77.29,crítico
plant,72,20,0.289,0.041,77.19,técnico
highlight,35,265,0.14,0.537,77.08,crítico
interference,59,11,0.237,0.022,76.9,técnico
properties,124,68,0.497,0.138,76.71,técnico
defect,39,1,0.156,0.002,76.6,técnico
preprocessing,39,1,0.156,0.002,76.6,técnico
motors,39,1,0.156,0.002,76.6,técnico
level,403,432,1.616,0.876,76.58,técnico
tested,107,51,0.429,0.103,76.54,técnico
microgrids,35,0,0.14,0.0,76.4,técnico
multiscale,35,0,0.14,0.0,76.4,técnico
dof,35,0,0.14,0.0,76.4,técnico
region,85,31,0.341,0.063,76.23,técnico
identification,187,140,0.75,0.284,76.19,técnico
calibration,57,10,0.229,0.02,76.13,técnico
controversies,0,93,0.0,0.189,76.09,crítico
positively,2,112,0.008,0.227,75.86,crítico
underwater,46,4,0.184,0.008,75.81,técnico
parents,3,119,0.012,0.241,75.75,crítico
ontological,0,92,0.0,0.186,75.27,crítico
notions,5,131,0.02,0.266,75.25,crítico
dating,1,103,0.004,0.209,75.18,crítico
harm,7,142,0.028,0.288,74.98,crítico
academic,41,283,0.164,0.574,74.95,crítico
mixture,41,2,0.164,0.004,74.95,técnico
solving,83,30,0.333,0.061,74.93,técnico
communication,200,757,0.802,1.534,74.78,crítico
weight,84,31,0.337,0.063,74.67,técnico
problematic,5,130,0.02,0.264,74.51,crítico
gaming,5,130,0.02,0.264,74.51,crítico
chaotic,38,1,0.152,0.002,74.46,técnico
routing,38,1,0.152,0.002,74.46,técnico
monitoring,172,124,0.69,0.251,74.37,técnico
set,300,290,1.203,0.588,74.37,técnico
generator,51,7,0.205,0.014,74.33,técnico
healthcare,32,249,0.128,0.505,74.32,crítico
beam,34,0,0.136,0.0,74.22,técnico
neighbor,34,0,0.136,0.0,74.22,técnico
demonstrated,121,67,0.485,0.136,74.05,técnico
offers,49,309,0.197,0.626,73.92,crítico
prototype,66,17,0.265,0.034,73.81,técnico
projects,26,225,0.104,0.456,73.73,crítico
lens,15,179,0.06,0.363,73.59,crítico
modified,76,25,0.305,0.051,73.31,técnico
interactions,52,318,0.209,0.645,73.29,crítico
magnet,40,2,0.16,0.004,72.87,técnico
cluster,72,22,0.289,0.045,72.87,técnico
sovereignty,0,89,0.0,0.18,72.82,crítico
initiatives,7,139,0.028,0.282,72.82,crítico
interplay,1,100,0.004,0.203,72.78,crítico
place,38,268,0.152,0.543,72.61,crítico
play,40,275,0.16,0.557,72.52,crítico
fourier,37,1,0.148,0.002,72.33,técnico
parking,37,1,0.148,0.002,72.33,técnico
navigate,5,127,0.02,0.257,72.28,crítico
converters,33,0,0.132,0.0,72.03,técnico
sociology,0,88,0.0,0.178,72.0,crítico
communicative,1,99,0.004,0.201,71.98,crítico
disclosure,2,107,0.008,0.217,71.95,crítico
shot,46,5,0.184,0.01,71.78,técnico
conditions,324,328,1.299,0.665,71.75,técnico
city,19,193,0.076,0.391,71.48,crítico
damage,59,13,0.237,0.026,71.42,técnico
units,59,13,0.237,0.026,71.42,técnico
credibility,3,113,0.012,0.229,71.15,crítico
superiority,51,8,0.205,0.016,71.04,técnico
audience,15,175,0.06,0.355,70.97,crítico
future,187,710,0.75,1.439,70.69,crítico
point,235,208,0.942,0.422,70.66,técnico
scenes,60,14,0.241,0.028,70.64,técnico
vectors,54,10,0.217,0.02,70.58,técnico
distinct,36,257,0.144,0.521,70.51,crítico
grounded,10,151,0.04,0.306,70.43,crítico
lightweight,36,1,0.144,0.002,70.2,técnico
dimensions,39,267,0.156,0.541,70.1,crítico
shaping,21,199,0.084,0.403,70.07,crítico
polynomial,32,0,0.128,0.0,69.85,técnico
stator,32,0,0.128,0.0,69.85,técnico
ensures,45,5,0.18,0.01,69.81,técnico
dense,43,4,0.172,0.008,69.77,técnico
argument,10,150,0.04,0.304,69.74,crítico
enhanced,99,48,0.397,0.097,69.65,técnico
filters,58,13,0.233,0.026,69.64,técnico
forecasting,55,11,0.221,0.022,69.58,técnico
seeking,6,129,0.024,0.261,69.55,crítico
complexity,170,127,0.682,0.257,69.5,técnico
perspective,79,397,0.317,0.805,69.4,crítico
populations,4,117,0.016,0.237,69.32,crítico
named,62,16,0.249,0.032,69.27,técnico
tools,106,478,0.425,0.969,69.22,crítico
line,131,82,0.525,0.166,69.13,técnico
faster,59,14,0.237,0.028,68.88,técnico
influence,104,471,0.417,0.955,68.76,crítico
controversy,0,84,0.0,0.17,68.73,crítico
argued,0,84,0.0,0.17,68.73,crítico
soft,79,30,0.317,0.061,68.72,técnico
computed,38,2,0.152,0.004,68.7,técnico
tweets,8,138,0.032,0.28,68.35,crítico
additionally,104,54,0.417,0.109,68.26,técnico
question,52,308,0.209,0.624,68.18,crítico
area,146,100,0.585,0.203,68.13,técnico
international,29,227,0.116,0.46,68.13,crítico
wise,35,1,0.14,0.002,68.08,técnico
mental,17,179,0.068,0.363,67.95,crítico
welfare,0,83,0.0,0.168,67.91,crítico
enacted,0,83,0.0,0.168,67.91,crítico
citizenship,0,83,0.0,0.168,67.91,crítico
coordinates,44,5,0.176,0.01,67.84,técnico
transient,44,5,0.176,0.01,67.84,técnico
nuanced,4,115,0.016,0.233,67.81,crítico
bandwidth,42,4,0.168,0.008,67.77,técnico
inverse,42,4,0.168,0.008,67.77,técnico
historical,30,230,0.12,0.466,67.7,crítico
despite,52,307,0.209,0.622,67.67,crítico
feedforward,31,0,0.124,0.0,67.67,técnico
mpc,31,0,0.124,0.0,67.67,técnico
lidar,31,0,0.124,0.0,67.67,técnico
psychological,8,137,0.032,0.278,67.65,crítico
large,380,417,1.524,0.845,67.49,técnico
constraints,134,87,0.537,0.176,67.38,técnico
germany,3,108,0.012,0.219,67.33,crítico
computing,133,86,0.533,0.174,67.24,técnico
selected,108,59,0.433,0.12,67.1,técnico
datafied,0,82,0.0,0.166,67.09,crítico
lives,24,206,0.096,0.418,67.05,crítico
reliable,93,44,0.373,0.089,67.0,técnico
required,150,106,0.602,0.215,66.86,técnico
insights,62,338,0.249,0.685,66.85,crítico
war,2,100,0.008,0.203,66.5,crítico
decisions,48,291,0.192,0.59,66.35,crítico
sensitivity,68,22,0.273,0.045,66.32,técnico
queer,0,81,0.0,0.164,66.27,crítico
conspiracy,0,81,0.0,0.164,66.27,crítico
black,28,220,0.112,0.446,66.26,crítico
residual,45,6,0.18,0.012,66.19,técnico
quantum,50,9,0.201,0.018,66.11,técnico
practitioners,12,154,0.048,0.312,66.03,crítico
procedure,69,23,0.277,0.047,65.96,técnico
angles,34,1,0.136,0.002,65.95,técnico
throughput,34,1,0.136,0.002,65.95,técnico
sr,34,1,0.136,0.002,65.95,técnico
arm,43,5,0.172,0.01,65.87,técnico
informed,20,188,0.08,0.381,65.79,crítico
validation,89,41,0.357,0.083,65.75,técnico
worlds,2,99,0.008,0.201,65.72,crítico
complete,77,30,0.309,0.061,65.65,técnico
main,212,185,0.85,0.375,65.6,técnico
excitation,30,0,0.12,0.0,65.48,técnico
drl,30,0,0.12,0.0,65.48,técnico
bayes,30,0,0.12,0.0,65.48,técnico
marginalized,0,80,0.0,0.162,65.45,crítico
empathy,0,80,0.0,0.162,65.45,crítico
intimate,0,80,0.0,0.162,65.45,crítico
culturally,0,80,0.0,0.162,65.45,crítico
medicine,14,162,0.056,0.328,65.37,crítico
amp,117,70,0.469,0.142,65.36,técnico
thematic,5,117,0.02,0.237,64.9,crítico
matrices,36,2,0.144,0.004,64.55,técnico
action,62,333,0.249,0.675,64.45,crítico
biases,11,147,0.044,0.298,64.44,crítico
schemes,63,19,0.253,0.039,64.28,técnico
reducing,94,47,0.377,0.095,64.14,técnico
reveals,32,231,0.128,0.468,64.1,crítico
growing,44,273,0.176,0.553,64.04,crítico
come,12,151,0.048,0.306,64.03,crítico
conceptualize,1,89,0.004,0.18,64.01,crítico
small,172,136,0.69,0.276,63.95,técnico
metaphor,0,78,0.0,0.158,63.82,crítico
interpersonal,0,78,0.0,0.158,63.82,crítico
pair,40,4,0.16,0.008,63.78,técnico
bias,35,241,0.14,0.488,63.66,crítico
harmonics,29,0,0.116,0.0,63.3,técnico
dynamical,29,0,0.116,0.0,63.3,técnico
xgboost,29,0,0.116,0.0,63.3,técnico
motions,29,0,0.116,0.0,63.3,técnico
regularization,29,0,0.116,0.0,63.3,técnico
radial,29,0,0.116,0.0,63.3,técnico
decoder,29,0,0.116,0.0,63.3,técnico
capacitor,29,0,0.116,0.0,63.3,técnico
variable,82,36,0.329,0.073,63.28,técnico
addition,191,161,0.766,0.326,63.23,técnico
adversarial,66,22,0.265,0.045,63.09,técnico
ideological,0,77,0.0,0.156,63.0,crítico
insurance,0,77,0.0,0.156,63.0,crítico
words,88,42,0.353,0.085,62.87,técnico
visual,260,254,1.043,0.515,62.86,técnico
done,96,50,0.385,0.101,62.8,técnico
choices,3,102,0.012,0.207,62.76,crítico
metric,67,23,0.269,0.047,62.76,técnico
secondly,62,19,0.249,0.039,62.63,técnico
environmental,84,397,0.337,0.805,62.61,crítico
engaged,2,95,0.008,0.193,62.61,crítico
terminal,35,2,0.14,0.004,62.47,técnico
rank,43,6,0.172,0.012,62.34,técnico
pseudo,43,6,0.172,0.012,62.34,técnico
combination,134,92,0.537,0.186,62.32,técnico
individual,115,487,0.461,0.987,62.27,crítico
reflexive,0,76,0.0,0.154,62.18,crítico
child,7,124,0.028,0.251,62.1,crítico
integrated,157,120,0.63,0.243,61.84,técnico
beliefs,2,94,0.008,0.191,61.83,crítico
arguing,2,94,0.008,0.191,61.83,crítico
incremental,39,4,0.156,0.008,61.79,técnico
database,82,37,0.329,0.075,61.74,técnico
hydraulic,32,1,0.128,0.002,61.71,técnico
tuned,32,1,0.128,0.002,61.71,técnico
adaptively,32,1,0.128,0.002,61.71,técnico
scholarly,6,118,0.024,0.239,61.59,crítico
without,249,241,0.999,0.488,61.55,técnico
cycle,86,41,0.345,0.083,61.5,técnico
nature,77,373,0.309,0.756,61.38,crítico
rooted,0,75,0.0,0.152,61.36,crítico
politically,0,75,0.0,0.152,61.36,crítico
biology,0,75,0.0,0.152,61.36,crítico
position,171,138,0.686,0.28,61.34,técnico
abc,28,0,0.112,0.0,61.12,técnico
carrier,28,0,0.112,0.0,61.12,técnico
compact,28,0,0.112,0.0,61.12,técnico
damping,28,0,0.112,0.0,61.12,técnico
turbine,28,0,0.112,0.0,61.12,técnico
quadratic,28,0,0.112,0.0,61.12,técnico
american,11,142,0.044,0.288,61.09,crítico
party,4,106,0.016,0.215,61.09,crítico
boundaries,23,192,0.092,0.389,61.03,crítico
proved,44,7,0.176,0.014,60.98,técnico
device,117,74,0.469,0.15,60.92,técnico
emerge,6,117,0.024,0.237,60.88,crítico
possibilities,14,155,0.056,0.314,60.83,crítico
hierarchical,77,33,0.309,0.067,60.69,técnico
audio,78,34,0.313,0.069,60.57,técnico
blocks,50,11,0.201,0.022,60.57,técnico
stochastic,50,11,0.201,0.022,60.57,técnico
influencer,0,74,0.0,0.15,60.54,crítico
partisan,0,74,0.0,0.15,60.54,crítico
hashtag,0,74,0.0,0.15,60.54,crítico
discrete,79,35,0.317,0.071,60.47,técnico
experience,85,395,0.341,0.801,60.45,crítico
driving,113,70,0.453,0.142,60.44,técnico
peak,42,6,0.168,0.012,60.42,técnico
losses,42,6,0.168,0.012,60.42,técnico
ultimately,18,171,0.072,0.347,60.32,crítico
targets,85,41,0.341,0.083,60.1,técnico
evaluate,126,85,0.505,0.172,60.09,técnico
sciences,15,158,0.06,0.32,60.0,crítico
greatly,51,12,0.205,0.024,59.79,técnico
propagation,45,8,0.18,0.016,59.79,técnico
enhances,59,18,0.237,0.036,59.77,técnico
policing,0,73,0.0,0.148,59.73,crítico
policymakers,3,98,0.012,0.199,59.72,crítico
raises,4,104,0.016,0.211,59.6,crítico
fiber,31,1,0.124,0.002,59.59,técnico
pulse,31,1,0.124,0.002,59.59,técnico
states,83,387,0.333,0.784,59.59,crítico
word,103,60,0.413,0.122,59.43,técnico
strategic,9,130,0.036,0.264,59.33,crítico
century,7,120,0.028,0.243,59.28,crítico
politicians,1,83,0.004,0.168,59.24,crítico
game,38,243,0.152,0.493,59.09,crítico
ecosystem,5,109,0.02,0.221,59.05,crítico
female,3,97,0.012,0.197,58.96,crítico
imagined,3,97,0.012,0.197,58.96,crítico
convex,27,0,0.108,0.0,58.94,técnico
pmsm,27,0,0.108,0.0,58.94,técnico
cyberbullying,0,72,0.0,0.146,58.91,crítico
current,392,454,1.572,0.92,58.86,técnico
map,130,91,0.521,0.184,58.77,técnico
caused,86,43,0.345,0.087,58.68,técnico
kingdom,1,82,0.004,0.166,58.45,crítico
emergent,5,108,0.02,0.219,58.32,crítico
promising,103,61,0.413,0.124,58.26,técnico
intervention,14,151,0.056,0.306,58.25,crítico
realize,58,18,0.233,0.036,58.12,técnico
rhetoric,0,71,0.0,0.144,58.09,crítico
temporalities,0,71,0.0,0.144,58.09,crítico
assemblages,0,71,0.0,0.144,58.09,crítico
enact,0,71,0.0,0.144,58.09,crítico
consciousness,0,71,0.0,0.144,58.09,crítico
curve,39,5,0.156,0.01,58.06,técnico
equivalent,50,12,0.201,0.024,58.03,técnico
counter,6,113,0.024,0.229,58.01,crítico
governments,2,89,0.008,0.18,57.96,crítico
philosophical,2,89,0.008,0.18,57.96,crítico
tactile,44,8,0.176,0.016,57.94,técnico
combinations,44,8,0.176,0.016,57.94,técnico
convergence,97,55,0.389,0.111,57.77,técnico
initial,117,77,0.469,0.156,57.75,técnico
charging,30,1,0.12,0.002,57.47,técnico
elastic,30,1,0.12,0.002,57.47,técnico
mlp,30,1,0.12,0.002,57.47,técnico
fear,3,95,0.012,0.193,57.45,crítico
unknown,86,44,0.345,0.089,57.32,técnico
harassment,0,70,0.0,0.142,57.27,crítico
modeled,48,11,0.192,0.022,57.01,técnico
architectures,69,28,0.277,0.057,56.94,técnico
execution,52,14,0.209,0.028,56.75,técnico
snr,26,0,0.104,0.0,56.75,técnico
aerodynamic,26,0,0.104,0.0,56.75,técnico
mm,26,0,0.104,0.0,56.75,técnico
classify,62,22,0.249,0.045,56.73,técnico
tracing,4,100,0.016,0.203,56.64,crítico
regarding,50,278,0.201,0.563,56.54,crítico
journalistic,0,69,0.0,0.14,56.45,crítico
europe,2,87,0.008,0.176,56.41,crítico
differential,73,32,0.293,0.065,56.41,técnico
indoor,32,2,0.128,0.004,56.27,técnico
batch,32,2,0.128,0.004,56.27,técnico
ship,32,2,0.128,0.004,56.27,técnico
bus,43,8,0.172,0.016,56.09,técnico
investigates,46,264,0.184,0.535,56.07,crítico
principles,34,223,0.136,0.452,55.83,crítico
transform,117,79,0.469,0.16,55.73,técnico
reddit,0,68,0.0,0.138,55.64,crítico
colonial,0,68,0.0,0.138,55.64,crítico
greater,33,219,0.132,0.444,55.56,crítico
lane,29,1,0.116,0.002,55.35,técnico
transformers,29,1,0.116,0.002,55.35,técnico
forecast,29,1,0.116,0.002,55.35,técnico
rf,29,1,0.116,0.002,55.35,técnico
switched,29,1,0.116,0.002,55.35,técnico
aircraft,41,7,0.164,0.014,55.34,técnico
researchers,95,412,0.381,0.835,55.31,crítico
coupling,55,17,0.221,0.034,55.26,técnico
functions,164,137,0.658,0.278,55.22,técnico
markets,6,109,0.024,0.221,55.16,crítico
variation,61,22,0.245,0.045,55.16,técnico
transportation,51,14,0.205,0.028,55.05,técnico
short,134,100,0.537,0.203,54.88,técnico
lived,2,85,0.008,0.172,54.87,crítico
australia,0,67,0.0,0.136,54.82,crítico
modules,39,6,0.156,0.012,54.7,técnico
final,78,38,0.313,0.077,54.62,técnico
combined,116,79,0.465,0.16,54.58,técnico
notation,25,0,0.1,0.0,54.57,técnico
covariance,25,0,0.1,0.0,54.57,técnico
simulator,25,0,0.1,0.0,54.57,técnico
hz,25,0,0.1,0.0,54.57,técnico
bp,25,0,0.1,0.0,54.57,técnico
tunnel,25,0,0.1,0.0,54.57,técnico
unsupervised,48,12,0.192,0.024,54.54,técnico
police,1,77,0.004,0.156,54.48,crítico
advertising,4,97,0.016,0.197,54.42,crítico
creative,30,206,0.12,0.418,54.26,crítico
boosting,42,8,0.168,0.016,54.26,técnico
adaptability,42,8,0.168,0.016,54.26,técnico
varying,97,58,0.389,0.118,54.23,técnico
muscle,31,2,0.124,0.004,54.21,técnico
interval,31,2,0.124,0.004,54.21,técnico
religious,2,84,0.008,0.17,54.09,crítico
motivations,2,84,0.008,0.17,54.09,crítico
co,57,295,0.229,0.598,54.01,crítico
ideology,0,66,0.0,0.134,54.0,crítico
predicting,68,29,0.273,0.059,53.82,técnico
pressure,92,53,0.369,0.107,53.79,técnico
agencies,3,90,0.012,0.182,53.68,crítico
interests,19,164,0.076,0.332,53.63,crítico
vs,17,156,0.068,0.316,53.59,crítico
gesture,40,7,0.16,0.014,53.48,técnico
regulation,44,252,0.176,0.511,53.37,crítico
index,61,23,0.245,0.047,53.35,técnico
promises,2,83,0.008,0.168,53.32,crítico
considered,199,186,0.798,0.377,53.28,técnico
thickness,28,1,0.112,0.002,53.24,técnico
overcome,79,40,0.317,0.081,53.22,técnico
advocacy,0,65,0.0,0.132,53.18,crítico
employed,138,107,0.553,0.217,53.06,técnico
inform,8,116,0.032,0.235,53.04,crítico
br,38,6,0.152,0.012,52.8,técnico
environment,275,294,1.103,0.596,52.65,técnico
texture,44,10,0.176,0.02,52.48,técnico
continuous,115,80,0.461,0.162,52.47,técnico
crane,24,0,0.096,0.0,52.39,técnico
braking,24,0,0.096,0.0,52.39,técnico
pole,24,0,0.096,0.0,52.39,técnico
hyperparameter,24,0,0.096,0.0,52.39,técnico
spatio,24,0,0.096,0.0,52.39,técnico
autoencoder,24,0,0.096,0.0,52.39,técnico
sector,17,154,0.068,0.312,52.37,crítico
speculative,0,64,0.0,0.13,52.36,crítico
neoliberal,0,64,0.0,0.13,52.36,crítico
traces,7,110,0.028,0.223,52.28,crítico
collision,36,5,0.144,0.01,52.27,técnico
allocation,68,30,0.273,0.061,52.25,técnico
besides,48,13,0.192,0.026,52.21,técnico
upper,30,2,0.12,0.004,52.16,técnico
latency,34,4,0.136,0.008,51.91,técnico
original,144,116,0.577,0.235,51.82,técnico
invisible,2,81,0.008,0.164,51.78,crítico
rigid,39,7,0.156,0.014,51.62,técnico
assemblage,0,63,0.0,0.128,51.55,crítico
criterion,42,9,0.168,0.018,51.51,técnico
concern,21,168,0.084,0.341,51.43,crítico
anti,20,164,0.08,0.332,51.33,crítico
squared,27,1,0.108,0.002,51.13,técnico
unbalanced,27,1,0.108,0.002,51.13,técnico
ids,27,1,0.108,0.002,51.13,técnico
graphs,46,12,0.184,0.024,51.09,técnico
examined,34,214,0.136,0.434,51.07,crítico
video,226,227,0.906,0.46,51.05,técnico
breast,37,6,0.148,0.012,50.92,técnico
emotions,7,108,0.028,0.219,50.89,crítico
men,7,108,0.028,0.219,50.89,crítico
alternative,58,291,0.233,0.59,50.74,crítico
intimacy,0,62,0.0,0.126,50.73,crítico
origins,0,62,0.0,0.126,50.73,crítico
temporality,0,62,0.0,0.126,50.73,crítico
excellent,43,10,0.172,0.02,50.71,técnico
shared,42,240,0.168,0.486,50.68,crítico
regions,81,44,0.325,0.089,50.64,técnico
range,209,204,0.838,0.414,50.64,técnico
assumptions,17,151,0.068,0.306,50.55,crítico
points,156,133,0.626,0.27,50.53,técnico
materiality,1,72,0.004,0.146,50.52,crítico
enforcement,1,72,0.004,0.146,50.52,crítico
element,77,40,0.309,0.081,50.51,técnico
project,85,371,0.341,0.752,50.44,crítico
redundant,35,5,0.14,0.01,50.35,técnico
event,101,66,0.405,0.134,50.34,técnico
seek,12,130,0.048,0.264,50.3,crítico
just,21,166,0.084,0.336,50.27,crítico
tactics,2,79,0.008,0.16,50.25,crítico
estimator,23,0,0.092,0.0,50.2,técnico
chip,23,0,0.092,0.0,50.2,técnico
hyperspectral,23,0,0.092,0.0,50.2,técnico
tire,23,0,0.092,0.0,50.2,técnico
morphing,23,0,0.092,0.0,50.2,técnico
rnn,23,0,0.092,0.0,50.2,técnico
backstepping,23,0,0.092,0.0,50.2,técnico
injection,29,2,0.116,0.004,50.11,técnico
outperform,29,2,0.116,0.004,50.11,técnico
constraint,44,11,0.176,0.022,50.0,técnico
offer,48,258,0.192,0.523,49.99,crítico
cell,61,25,0.245,0.051,49.93,técnico
circulation,3,85,0.012,0.172,49.92,crítico
artists,0,61,0.0,0.124,49.91,crítico
advocates,0,61,0.0,0.124,49.91,crítico
cable,31,3,0.124,0.006,49.83,técnico
fused,31,3,0.124,0.006,49.83,técnico
approximate,38,7,0.152,0.014,49.77,técnico
extent,24,176,0.096,0.357,49.62,crítico
classical,64,28,0.257,0.057,49.54,técnico
distributed,154,132,0.618,0.268,49.37,técnico
moving,101,67,0.405,0.136,49.31,técnico
emerges,4,90,0.016,0.182,49.28,crítico
integral,69,33,0.277,0.067,49.2,técnico
technoscientific,0,60,0.0,0.122,49.09,crítico
critiques,0,60,0.0,0.122,49.09,crítico
arbitrary,36,6,0.144,0.012,49.04,técnico
intrusion,36,6,0.144,0.012,49.04,técnico
discriminative,26,1,0.104,0.002,49.02,técnico
outperformed,26,1,0.104,0.002,49.02,técnico
monte,26,1,0.104,0.002,49.02,técnico
markov,26,1,0.104,0.002,49.02,técnico
rise,20,160,0.08,0.324,48.98,crítico
access,99,407,0.397,0.825,48.85,crítico
different,780,1109,3.128,2.248,48.83,técnico
aerial,51,17,0.205,0.034,48.75,técnico
networked,16,144,0.064,0.292,48.72,crítico
material,112,443,0.449,0.898,48.72,crítico
marketing,2,77,0.008,0.156,48.71,crítico
humanitarian,2,77,0.008,0.156,48.71,crítico
producing,11,123,0.044,0.249,48.58,crítico
analyses,48,255,0.192,0.517,48.57,crítico
total,86,51,0.345,0.103,48.57,técnico
calculation,52,18,0.209,0.036,48.43,técnico
far,37,219,0.148,0.444,48.43,crítico
games,20,159,0.08,0.322,48.4,crítico
conceptions,0,59,0.0,0.12,48.27,crítico
solved,43,11,0.172,0.022,48.27,técnico
negotiate,0,59,0.0,0.12,48.27,crítico
re,38,222,0.152,0.45,48.27,crítico
live,13,131,0.052,0.266,48.24,crítico
epistemology,1,69,0.004,0.14,48.15,crítico
family,16,143,0.064,0.29,48.11,crítico
drilling,28,2,0.112,0.004,48.06,técnico
source,187,178,0.75,0.361,48.05,técnico
platoon,22,0,0.088,0.0,48.02,técnico
antenna,22,0,0.088,0.0,48.02,técnico
kinematics,22,0,0.088,0.0,48.02,técnico
optimizer,22,0,0.088,0.0,48.02,técnico
curvature,22,0,0.088,0.0,48.02,técnico
fuse,22,0,0.088,0.0,48.02,técnico
auc,22,0,0.088,0.0,48.02,técnico
cpu,22,0,0.088,0.0,48.02,técnico
perturbation,22,0,0.088,0.0,48.02,técnico
locomotion,22,0,0.088,0.0,48.02,técnico
cad,22,0,0.088,0.0,48.02,técnico
rectifier,22,0,0.088,0.0,48.02,técnico
descriptors,22,0,0.088,0.0,48.02,técnico
rolling,32,4,0.128,0.008,48.01,técnico
become,150,544,0.602,1.103,48.01,crítico
disability,2,76,0.008,0.154,47.94,crítico
discussing,2,76,0.008,0.154,47.94,crítico
normal,65,30,0.261,0.061,47.93,técnico
recommendation,76,41,0.305,0.083,47.87,técnico
distances,30,3,0.12,0.006,47.83,técnico
detectors,30,3,0.12,0.006,47.83,técnico
systemic,4,88,0.016,0.178,47.82,crítico
aesthetic,4,88,0.016,0.178,47.82,crítico
arguments,3,82,0.012,0.166,47.68,crítico
renewable,44,12,0.176,0.024,47.67,técnico
concludes,8,108,0.032,0.219,47.6,crítico
youtube,14,134,0.056,0.272,47.53,crítico
regulations,5,93,0.02,0.189,47.51,crítico
archival,0,58,0.0,0.118,47.45,crítico
populist,0,58,0.0,0.118,47.45,crítico
negotiated,1,68,0.004,0.138,47.37,crítico
generate,154,135,0.618,0.274,47.22,técnico
remote,84,50,0.337,0.101,47.22,técnico
perform,133,108,0.533,0.219,47.18,técnico
magnitude,35,6,0.14,0.012,47.17,técnico
select,50,17,0.201,0.034,47.15,técnico
implementation,166,151,0.666,0.306,47.15,técnico
acquired,45,13,0.18,0.026,47.14,técnico
involvement,8,107,0.032,0.217,46.93,crítico
interpolation,25,1,0.1,0.002,46.91,técnico
roll,25,1,0.1,0.002,46.91,técnico
induction,25,1,0.1,0.002,46.91,técnico
bearings,25,1,0.1,0.002,46.91,técnico
barriers,5,92,0.02,0.186,46.8,crítico
methodology,131,106,0.525,0.215,46.77,técnico
stable,89,56,0.357,0.114,46.65,técnico
negotiation,0,57,0.0,0.116,46.64,crítico
dutch,0,57,0.0,0.116,46.64,crítico
meme,0,57,0.0,0.116,46.64,crítico
consistency,63,29,0.253,0.059,46.57,técnico
comparison,122,95,0.489,0.193,46.57,técnico
minimizing,33,5,0.132,0.01,46.53,técnico
estimating,33,5,0.132,0.01,46.53,técnico
backbone,33,5,0.132,0.01,46.53,técnico
expensive,33,5,0.132,0.01,46.53,técnico
funding,2,74,0.008,0.15,46.41,crítico
determined,68,34,0.273,0.069,46.4,técnico
firms,3,80,0.012,0.162,46.19,crítico
opportunities,39,221,0.156,0.448,46.14,crítico
nlp,36,7,0.144,0.014,46.1,técnico
my,6,96,0.024,0.195,46.0,crítico
guarantee,43,12,0.172,0.024,45.97,técnico
descriptor,21,0,0.084,0.0,45.84,técnico
unlabeled,21,0,0.084,0.0,45.84,técnico
ev,21,0,0.084,0.0,45.84,técnico
gpu,21,0,0.084,0.0,45.84,técnico
psnr,21,0,0.084,0.0,45.84,técnico
spatially,29,3,0.116,0.006,45.84,técnico
outdoor,29,3,0.116,0.006,45.84,técnico
margin,21,0,0.084,0.0,45.84,técnico
inclusion,12,123,0.048,0.249,45.84,crítico
perceptron,21,0,0.084,0.0,45.84,técnico
rhetorical,0,56,0.0,0.114,45.82,crítico
commodification,0,56,0.0,0.114,45.82,crítico
imagination,0,56,0.0,0.114,45.82,crítico
performative,1,66,0.004,0.134,45.79,crítico
oversight,1,66,0.004,0.134,45.79,crítico
persons,1,66,0.004,0.134,45.79,crítico
primarily,17,143,0.068,0.29,45.75,crítico
players,10,114,0.04,0.231,45.58,crítico
frequencies,40,10,0.16,0.02,45.45,técnico
entertainment,3,79,0.012,0.16,45.45,crítico
reconstructed,34,6,0.136,0.012,45.31,técnico
automatically,74,41,0.297,0.083,45.25,técnico
successfully,62,29,0.249,0.059,45.15,técnico
student,72,39,0.289,0.079,45.15,técnico
advantage,70,37,0.281,0.075,45.08,técnico
mediate,0,55,0.0,0.111,45.0,crítico
contingent,0,55,0.0,0.111,45.0,crítico
liberal,0,55,0.0,0.111,45.0,crítico
racist,0,55,0.0,0.111,45.0,crítico
corporations,1,65,0.004,0.132,45.0,crítico
aged,2,72,0.008,0.146,44.89,crítico
ball,24,1,0.096,0.002,44.81,técnico
tests,91,60,0.365,0.122,44.81,técnico
aperture,24,1,0.096,0.002,44.81,técnico
location,103,74,0.413,0.15,44.77,técnico
genai,11,117,0.044,0.237,44.72,crítico
private,30,188,0.12,0.381,44.64,crítico
particularly,80,342,0.321,0.693,44.59,crítico
considerations,9,108,0.036,0.219,44.55,crítico
issues,130,480,0.521,0.973,44.46,crítico
extremely,38,9,0.152,0.018,44.4,técnico
bi,35,7,0.14,0.014,44.28,técnico
storage,77,45,0.309,0.091,44.26,técnico
derived,94,64,0.377,0.13,44.24,técnico
economies,1,64,0.004,0.13,44.21,crítico
existential,1,64,0.004,0.13,44.21,crítico
pragmatic,0,54,0.0,0.109,44.18,crítico
leaders,0,54,0.0,0.109,44.18,crítico
ideologies,0,54,0.0,0.109,44.18,crítico
parental,0,54,0.0,0.109,44.18,crítico
judgments,0,54,0.0,0.109,44.18,crítico
seemingly,2,71,0.008,0.144,44.12,crítico
programming,99,70,0.397,0.142,44.09,técnico
perceive,7,98,0.028,0.199,44.03,crítico
difficult,129,107,0.517,0.217,44.02,técnico
carlo,26,2,0.104,0.004,43.98,técnico
plate,26,2,0.104,0.004,43.98,técnico
male,5,88,0.02,0.178,43.96,crítico
regime,5,88,0.02,0.178,43.96,crítico
visualization,58,26,0.233,0.053,43.93,técnico
learns,28,3,0.112,0.006,43.86,técnico
imbalanced,28,3,0.112,0.006,43.86,técnico
software,199,202,0.798,0.409,43.77,técnico
euclidean,20,0,0.08,0.0,43.66,técnico
perturbations,20,0,0.08,0.0,43.66,técnico
greedy,20,0,0.08,0.0,43.66,técnico
gradients,20,0,0.08,0.0,43.66,técnico
anfis,20,0,0.08,0.0,43.66,técnico
compressive,20,0,0.08,0.0,43.66,técnico
gcn,20,0,0.08,0.0,43.66,técnico
overhead,20,0,0.08,0.0,43.66,técnico
gnss,20,0,0.08,0.0,43.66,técnico
malware,20,0,0.08,0.0,43.66,técnico
seconds,20,0,0.08,0.0,43.66,técnico
controlled,82,51,0.329,0.103,43.63,técnico
became,4,82,0.016,0.166,43.47,crítico
archives,1,63,0.004,0.128,43.43,crítico
concepts,49,247,0.197,0.501,43.39,crítico
organisational,0,53,0.0,0.107,43.36,crítico
humanity,0,53,0.0,0.107,43.36,crítico
mundane,0,53,0.0,0.107,43.36,crítico
immigration,0,53,0.0,0.107,43.36,crítico
interview,2,70,0.008,0.142,43.36,crítico
sometimes,7,97,0.028,0.197,43.35,crítico
living,12,119,0.048,0.241,43.32,crítico
protocol,51,20,0.205,0.041,43.26,técnico
messages,15,131,0.06,0.266,43.25,crítico
landscape,9,106,0.036,0.215,43.24,crítico
wider,14,127,0.056,0.257,43.23,crítico
authenticity,6,92,0.024,0.186,43.23,crítico
root,45,15,0.18,0.03,43.02,técnico
distributions,45,15,0.18,0.03,43.02,técnico
german,8,101,0.032,0.205,42.91,crítico
utilizing,75,44,0.301,0.089,42.91,técnico
together,50,249,0.201,0.505,42.89,crítico
very,175,170,0.702,0.345,42.88,técnico
opinion,11,114,0.044,0.231,42.81,crítico
segmented,31,5,0.124,0.01,42.75,técnico
detector,31,5,0.124,0.01,42.75,técnico
bits,31,5,0.124,0.01,42.75,técnico
occlusion,23,1,0.092,0.002,42.71,técnico
oscillation,23,1,0.092,0.002,42.71,técnico
controversial,1,62,0.004,0.126,42.64,crítico
histories,1,62,0.004,0.126,42.64,crítico
matters,1,62,0.004,0.126,42.64,crítico
subjectivity,1,62,0.004,0.126,42.64,crítico
outlets,1,62,0.004,0.126,42.64,crítico
explain,14,126,0.056,0.255,42.63,crítico
induced,41,12,0.164,0.024,42.61,técnico
federal,0,52,0.0,0.105,42.55,crítico
censorship,0,52,0.0,0.105,42.55,crítico
postcolonial,0,52,0.0,0.105,42.55,crítico
agi,0,52,0.0,0.105,42.55,crítico
crises,0,52,0.0,0.105,42.55,crítico
synchronization,34,7,0.136,0.014,42.47,técnico
super,47,17,0.188,0.034,42.41,técnico
learn,100,73,0.401,0.148,42.41,técnico
etc,59,28,0.237,0.057,42.38,técnico
typical,66,35,0.265,0.071,42.36,técnico
fixed,65,34,0.261,0.069,42.33,técnico
analyse,17,137,0.068,0.278,42.22,crítico
contrastive,29,4,0.116,0.008,42.2,técnico
branch,29,4,0.116,0.008,42.2,técnico
outside,12,117,0.048,0.237,42.08,crítico
conflict,7,95,0.028,0.193,41.99,crítico
reflects,7,95,0.028,0.193,41.99,crítico
policies,37,206,0.148,0.418,41.97,crítico
string,25,2,0.1,0.004,41.95,técnico
ripple,25,2,0.1,0.004,41.95,técnico
ieee,25,2,0.1,0.004,41.95,técnico
surrogate,27,3,0.108,0.006,41.89,técnico
receiver,27,3,0.108,0.006,41.89,técnico
determine,97,70,0.389,0.142,41.88,técnico
site,24,162,0.096,0.328,41.88,crítico
desire,1,61,0.004,0.124,41.85,crítico
typology,1,61,0.004,0.124,41.85,crítico
realities,1,61,0.004,0.124,41.85,crítico
historically,2,68,0.008,0.138,41.84,crítico
sphere,2,68,0.008,0.138,41.84,crítico
relate,6,90,0.024,0.182,41.84,crítico
head,43,14,0.172,0.028,41.76,técnico
experts,39,212,0.156,0.43,41.76,crítico
benefits,45,231,0.18,0.468,41.76,crítico
dl,43,14,0.172,0.028,41.76,técnico
ecology,3,74,0.012,0.15,41.74,crítico
intellectual,3,74,0.012,0.15,41.74,crítico
editors,0,51,0.0,0.103,41.73,crítico
imagine,0,51,0.0,0.103,41.73,crítico
engagements,0,51,0.0,0.103,41.73,crítico
authoritarian,0,51,0.0,0.103,41.73,crítico
calculate,35,8,0.14,0.016,41.63,técnico
guarantees,32,6,0.128,0.012,41.61,técnico
satellite,51,21,0.205,0.043,41.58,técnico
urban,49,243,0.197,0.493,41.58,crítico
series,141,126,0.565,0.255,41.57,técnico
articles,30,182,0.12,0.369,41.53,crítico
contour,19,0,0.076,0.0,41.47,técnico
har,19,0,0.076,0.0,41.47,técnico
nonlinearity,19,0,0.076,0.0,41.47,técnico
slot,19,0,0.076,0.0,41.47,técnico
sparsity,19,0,0.076,0.0,41.47,técnico
overfitting,19,0,0.076,0.0,41.47,técnico
backpropagation,19,0,0.076,0.0,41.47,técnico
gan,19,0,0.076,0.0,41.47,técnico
piezoelectric,19,0,0.076,0.0,41.47,técnico
malignant,19,0,0.076,0.0,41.47,técnico
rc,19,0,0.076,0.0,41.47,técnico
railway,19,0,0.076,0.0,41.47,técnico
inverters,19,0,0.076,0.0,41.47,técnico
advanced,94,67,0.377,0.136,41.36,técnico
exploring,31,185,0.124,0.375,41.35,crítico
measure,108,84,0.433,0.17,41.31,técnico
distinction,4,79,0.016,0.16,41.3,crítico
mind,4,79,0.016,0.16,41.3,crítico
voices,2,67,0.008,0.136,41.08,crítico
dna,2,67,0.008,0.136,41.08,crítico
empirically,17,135,0.068,0.274,41.06,crítico
comment,3,73,0.012,0.148,41.0,crítico
synthesis,63,33,0.253,0.067,40.97,técnico
minimize,40,12,0.16,0.024,40.95,técnico
leverages,40,12,0.16,0.024,40.95,técnico
campaign,8,98,0.032,0.199,40.92,crítico
require,106,82,0.425,0.166,40.92,técnico
stereotypes,0,50,0.0,0.101,40.91,crítico
conceptualized,0,50,0.0,0.101,40.91,crítico
abuse,0,50,0.0,0.101,40.91,crítico
australian,0,50,0.0,0.101,40.91,crítico
sustain,0,50,0.0,0.101,40.91,crítico
constituted,0,50,0.0,0.101,40.91,crítico
sociological,0,50,0.0,0.101,40.91,crítico
respondents,9,102,0.036,0.207,40.63,crítico
meanings,9,102,0.036,0.207,40.63,crítico
status,36,200,0.144,0.405,40.63,crítico
optimum,22,1,0.088,0.002,40.61,técnico
gravity,22,1,0.088,0.002,40.61,técnico
rail,22,1,0.088,0.002,40.61,técnico
steering,41,13,0.164,0.026,40.52,técnico
feelings,2,66,0.008,0.134,40.32,crítico
campaigns,2,66,0.008,0.134,40.32,crítico
partners,1,59,0.004,0.12,40.28,crítico
sentences,28,4,0.112,0.008,40.28,técnico
edges,28,4,0.112,0.008,40.28,técnico
multimedia,28,4,0.112,0.008,40.28,técnico
computationally,49,20,0.197,0.041,40.24,técnico
positioning,71,42,0.285,0.085,40.22,técnico
did,19,141,0.076,0.286,40.22,crítico
drug,87,60,0.349,0.122,40.2,técnico
net,42,14,0.168,0.028,40.15,técnico
reproductive,0,49,0.0,0.099,40.09,crítico
friends,0,49,0.0,0.099,40.09,crítico
asymmetries,0,49,0.0,0.099,40.09,crítico
deliberative,0,49,0.0,0.099,40.09,crítico
migrants,0,49,0.0,0.099,40.09,crítico
autonomous,149,139,0.598,0.282,40.06,técnico
does,76,319,0.305,0.647,40.04,crítico
governing,7,92,0.028,0.186,39.97,crítico
fluctuation,24,2,0.096,0.004,39.92,técnico
stationary,24,2,0.096,0.004,39.92,técnico
dimensionality,24,2,0.096,0.004,39.92,técnico
alarm,24,2,0.096,0.004,39.92,técnico
studying,17,133,0.068,0.27,39.9,crítico
responses,47,233,0.188,0.472,39.84,crítico
inquiry,10,105,0.04,0.213,39.79,crítico
investment,6,87,0.024,0.176,39.78,crítico
instead,50,242,0.201,0.491,39.76,crítico
organization,22,151,0.088,0.306,39.75,crítico
any,158,152,0.634,0.308,39.61,técnico
configuration,58,29,0.233,0.059,39.58,técnico
layers,59,30,0.237,0.061,39.58,técnico
background,99,75,0.397,0.152,39.57,técnico
latin,2,65,0.008,0.132,39.56,crítico
governmental,2,65,0.008,0.132,39.56,crítico
responsibilities,2,65,0.008,0.132,39.56,crítico
digitalization,2,65,0.008,0.132,39.56,crítico
moreover,155,148,0.622,0.3,39.54,técnico
conversations,3,71,0.012,0.144,39.53,crítico
opacity,1,58,0.004,0.118,39.5,crítico
racism,1,58,0.004,0.118,39.5,crítico
developers,17,132,0.068,0.268,39.32,crítico
extracting,39,12,0.156,0.024,39.3,técnico
suffer,39,12,0.156,0.024,39.3,técnico
trains,18,0,0.072,0.0,39.29,técnico
column,18,0,0.072,0.0,39.29,técnico
ultrasound,18,0,0.072,0.0,39.29,técnico
servo,18,0,0.072,0.0,39.29,técnico
mae,18,0,0.072,0.0,39.29,técnico
buck,18,0,0.072,0.0,39.29,técnico
voltages,18,0,0.072,0.0,39.29,técnico
diameter,18,0,0.072,0.0,39.29,técnico
speeds,18,0,0.072,0.0,39.29,técnico
obtains,18,0,0.072,0.0,39.29,técnico
loading,18,0,0.072,0.0,39.29,técnico
neuromorphic,18,0,0.072,0.0,39.29,técnico
ekf,18,0,0.072,0.0,39.29,técnico
factorization,18,0,0.072,0.0,39.29,técnico
dehazing,18,0,0.072,0.0,39.29,técnico
planar,18,0,0.072,0.0,39.29,técnico
hysteresis,18,0,0.072,0.0,39.29,técnico
rcnn,18,0,0.072,0.0,39.29,técnico
agendas,0,48,0.0,0.097,39.27,crítico
repertoires,0,48,0.0,0.097,39.27,crítico
appropriation,0,48,0.0,0.097,39.27,crítico
representation,159,154,0.638,0.312,39.24,técnico
makers,6,86,0.024,0.174,39.1,crítico
variant,29,5,0.116,0.01,39.0,técnico
pump,29,5,0.116,0.01,39.0,técnico
direction,79,52,0.317,0.105,38.99,técnico
gas,40,13,0.16,0.026,38.9,técnico
acquisition,69,41,0.277,0.083,38.87,técnico
polarization,3,70,0.012,0.142,38.79,crítico
toxic,1,57,0.004,0.116,38.72,crítico
guidelines,9,99,0.036,0.201,38.69,crítico
compensated,21,1,0.084,0.002,38.52,técnico
scan,21,1,0.084,0.002,38.52,técnico
intermediaries,0,47,0.0,0.095,38.45,crítico
platformization,0,47,0.0,0.095,38.45,crítico
african,0,47,0.0,0.095,38.45,crítico
whatsapp,0,47,0.0,0.095,38.45,crítico
concerning,14,119,0.056,0.241,38.41,crítico
width,27,4,0.108,0.008,38.37,técnico
bands,27,4,0.108,0.008,38.37,técnico
shifting,8,94,0.032,0.191,38.29,crítico
spectrum,60,32,0.241,0.065,38.27,técnico
characteristic,57,29,0.229,0.059,38.21,técnico
table,33,8,0.132,0.016,38.11,técnico
absolute,33,8,0.132,0.016,38.11,técnico
constitutes,3,69,0.012,0.14,38.06,crítico
existing,372,478,1.492,0.969,38.0,técnico
thinking,27,165,0.108,0.334,37.99,crítico
acceleration,43,16,0.172,0.032,37.99,técnico
now,30,175,0.12,0.355,37.98,crítico
baselines,25,3,0.1,0.006,37.96,técnico
mounted,25,3,0.1,0.006,37.96,técnico
compressed,25,3,0.1,0.006,37.96,técnico
decoding,23,2,0.092,0.004,37.9,técnico
steganography,23,2,0.092,0.004,37.9,técnico
great,78,52,0.313,0.105,37.82,técnico
seeks,6,84,0.024,0.17,37.74,crítico
vulnerability,4,74,0.016,0.15,37.72,crítico
body,76,313,0.305,0.634,37.71,crítico
space,313,386,1.255,0.782,37.65,técnico
interpretive,0,46,0.0,0.093,37.64,crítico
morally,0,46,0.0,0.093,37.64,crítico
storytelling,0,46,0.0,0.093,37.64,crítico
genetics,0,46,0.0,0.093,37.64,crítico
exclusion,5,79,0.02,0.16,37.64,crítico
injustice,0,46,0.0,0.093,37.64,crítico
aware,88,64,0.353,0.13,37.54,técnico
eliminate,34,9,0.136,0.018,37.46,técnico
shape,102,384,0.409,0.778,37.42,crítico
agent,92,69,0.369,0.14,37.38,técnico
industry,98,373,0.393,0.756,37.37,crítico
protest,3,68,0.012,0.138,37.33,crítico
conceptualization,2,62,0.008,0.126,37.29,crítico
seeing,2,62,0.008,0.126,37.29,crítico
articulate,2,62,0.008,0.126,37.29,crítico
respond,10,101,0.04,0.205,37.25,crítico
furthermore,163,163,0.654,0.33,37.23,técnico
peer,14,117,0.056,0.237,37.23,crítico
creation,32,180,0.128,0.365,37.2,crítico
added,48,21,0.192,0.043,37.16,técnico
authorship,1,55,0.004,0.111,37.15,crítico
fitting,28,5,0.112,0.01,37.14,técnico
scanning,28,5,0.112,0.01,37.14,técnico
subspace,17,0,0.068,0.0,37.11,técnico
rotating,17,0,0.068,0.0,37.11,técnico
posterior,17,0,0.068,0.0,37.11,técnico
pipe,17,0,0.068,0.0,37.11,técnico
microphone,17,0,0.068,0.0,37.11,técnico
runtime,17,0,0.068,0.0,37.11,técnico
vit,17,0,0.068,0.0,37.11,técnico
dropout,17,0,0.068,0.0,37.11,técnico
pyramid,17,0,0.068,0.0,37.11,técnico
latex,17,0,0.068,0.0,37.11,técnico
inductance,17,0,0.068,0.0,37.11,técnico
deviations,17,0,0.068,0.0,37.11,técnico
multilayer,17,0,0.068,0.0,37.11,técnico
stiffness,17,0,0.068,0.0,37.11,técnico
odometry,17,0,0.068,0.0,37.11,técnico
quaternion,17,0,0.068,0.0,37.11,técnico
ls,17,0,0.068,0.0,37.11,técnico
lot,31,7,0.124,0.014,37.09,técnico
flux,31,7,0.124,0.014,37.09,técnico
temporal,157,155,0.63,0.314,37.01,técnico
labeled,40,14,0.16,0.028,36.96,técnico
recurrent,40,14,0.16,0.028,36.96,técnico
vertical,35,10,0.14,0.02,36.91,técnico
electronic,57,30,0.229,0.061,36.88,técnico
protection,35,189,0.14,0.383,36.87,crítico
hashtags,0,45,0.0,0.091,36.82,crítico
pornography,0,45,0.0,0.091,36.82,crítico
engages,0,45,0.0,0.091,36.82,crítico
gambling,0,45,0.0,0.091,36.82,crítico
mobilized,0,45,0.0,0.091,36.82,crítico
contestation,0,45,0.0,0.091,36.82,crítico
icts,0,45,0.0,0.091,36.82,crítico
contend,0,45,0.0,0.091,36.82,crítico
global,167,552,0.67,1.119,36.76,crítico
ties,3,67,0.012,0.136,36.6,crítico
country,11,104,0.044,0.211,36.55,crítico
curation,2,61,0.008,0.124,36.54,crítico
dnns,20,1,0.08,0.002,36.43,técnico
nmf,20,1,0.08,0.002,36.43,técnico
something,1,54,0.004,0.109,36.37,crítico
intertwined,1,54,0.004,0.109,36.37,crítico
nation,1,54,0.004,0.109,36.37,crítico
mobilization,1,54,0.004,0.109,36.37,crítico
participate,5,77,0.02,0.156,36.25,crítico
augmentation,37,12,0.148,0.024,36.03,técnico
negotiations,0,44,0.0,0.089,36.0,crítico
extractive,0,44,0.0,0.089,36.0,crítico
stake,0,44,0.0,0.089,36.0,crítico
base,63,37,0.253,0.075,36.0,técnico
trump,0,44,0.0,0.089,36.0,crítico
moderated,0,44,0.0,0.089,36.0,crítico
alongside,12,107,0.048,0.217,35.93,crítico
post,56,251,0.225,0.509,35.93,crítico
optimizing,45,19,0.18,0.039,35.92,técnico
envelope,22,2,0.088,0.004,35.89,técnico
pedestrian,22,2,0.088,0.004,35.89,técnico
maneuvering,22,2,0.088,0.004,35.89,técnico
produced,45,218,0.18,0.442,35.88,crítico
disciplinary,3,66,0.012,0.134,35.87,crítico
had,46,221,0.184,0.448,35.86,crítico
usually,78,54,0.313,0.109,35.84,técnico
adoption,32,177,0.128,0.359,35.74,crítico
easy,47,21,0.188,0.043,35.7,técnico
foster,6,81,0.024,0.164,35.7,crítico
highest,48,22,0.192,0.045,35.63,técnico
semiotic,1,53,0.004,0.107,35.59,crítico
digitally,4,71,0.016,0.144,35.59,crítico
accountable,1,53,0.004,0.107,35.59,crítico
additional,82,59,0.329,0.12,35.56,técnico
participant,5,76,0.02,0.154,35.56,crítico
talk,5,76,0.02,0.154,35.56,crítico
parts,76,52,0.305,0.105,35.52,técnico
scores,54,28,0.217,0.057,35.49,técnico
integrates,52,26,0.209,0.053,35.48,técnico
chatgpt,14,114,0.056,0.231,35.46,crítico
embodied,14,114,0.056,0.231,35.46,crítico
operational,81,58,0.325,0.118,35.39,técnico
boost,39,14,0.156,0.028,35.38,técnico
capable,86,64,0.345,0.13,35.38,técnico
huge,30,7,0.12,0.014,35.32,técnico
composite,30,7,0.12,0.014,35.32,técnico
appear,7,85,0.028,0.172,35.31,crítico
formulated,34,10,0.136,0.02,35.23,técnico
cameras,34,10,0.136,0.02,35.23,técnico
trans,0,43,0.0,0.087,35.18,crítico
sociality,0,43,0.0,0.087,35.18,crítico
whom,0,43,0.0,0.087,35.18,crítico
contentious,0,43,0.0,0.087,35.18,crítico
previous,151,150,0.606,0.304,35.06,técnico
mining,79,56,0.317,0.114,35.05,técnico
coping,2,59,0.008,0.12,35.03,crítico
mimo,16,0,0.064,0.0,34.93,técnico
linearization,16,0,0.064,0.0,34.93,técnico
pneumatic,16,0,0.064,0.0,34.93,técnico
sift,16,0,0.064,0.0,34.93,técnico
fibers,16,0,0.064,0.0,34.93,técnico
gate,16,0,0.064,0.0,34.93,técnico
tail,16,0,0.064,0.0,34.93,técnico
pwm,16,0,0.064,0.0,34.93,técnico
joints,16,0,0.064,0.0,34.93,técnico
damper,16,0,0.064,0.0,34.93,técnico
np,16,0,0.064,0.0,34.93,técnico
stereo,16,0,0.064,0.0,34.93,técnico
lbp,16,0,0.064,0.0,34.93,técnico
arduino,16,0,0.064,0.0,34.93,técnico
ablation,16,0,0.064,0.0,34.93,técnico
roc,16,0,0.064,0.0,34.93,técnico
solutions,174,183,0.698,0.371,34.86,técnico
positive,82,322,0.329,0.653,34.81,crítico
laboratories,1,52,0.004,0.105,34.81,crítico
gaps,17,124,0.068,0.251,34.77,crítico
experienced,10,97,0.04,0.197,34.75,crítico
processed,42,17,0.168,0.034,34.73,técnico
variables,91,71,0.365,0.144,34.62,técnico
electromagnetic,25,4,0.1,0.008,34.57,técnico
surfaces,36,12,0.144,0.024,34.42,técnico
conception,3,64,0.012,0.13,34.41,crítico
thought,8,88,0.032,0.178,34.39,crítico
selfie,0,42,0.0,0.085,34.36,crítico
interrogate,0,42,0.0,0.085,34.36,crítico
phenotyping,0,42,0.0,0.085,34.36,crítico
legislation,0,42,0.0,0.085,34.36,crítico
incivility,0,42,0.0,0.085,34.36,crítico
foot,19,1,0.076,0.002,34.35,técnico
degrade,19,1,0.076,0.002,34.35,técnico
fl,19,1,0.076,0.002,34.35,técnico
pc,19,1,0.076,0.002,34.35,técnico
vessel,19,1,0.076,0.002,34.35,técnico
circuits,28,6,0.112,0.012,34.34,técnico
seen,32,174,0.128,0.353,34.29,crítico
raised,2,58,0.008,0.118,34.28,crítico
informal,2,58,0.008,0.118,34.28,crítico
utilization,46,21,0.184,0.043,34.27,técnico
form,161,528,0.646,1.07,34.24,crítico
matter,17,123,0.068,0.249,34.21,crítico
realistic,53,28,0.213,0.057,34.15,técnico
operators,50,25,0.201,0.051,34.12,técnico
instruction,23,3,0.092,0.006,34.06,técnico
borders,1,51,0.004,0.103,34.03,crítico
weighting,21,2,0.084,0.004,33.89,técnico
extracts,21,2,0.084,0.004,33.89,técnico
slam,21,2,0.084,0.004,33.89,técnico
cells,39,15,0.156,0.03,33.59,técnico
share,26,153,0.104,0.31,33.58,crítico
compute,29,7,0.116,0.014,33.56,técnico
mask,29,7,0.116,0.014,33.56,técnico
intersectional,0,41,0.0,0.083,33.55,crítico
singapore,0,41,0.0,0.083,33.55,crítico
enactment,0,41,0.0,0.083,33.55,crítico
affordance,0,41,0.0,0.083,33.55,crítico
artist,0,41,0.0,0.083,33.55,crítico
opposition,0,41,0.0,0.083,33.55,crítico
scrutiny,0,41,0.0,0.083,33.55,crítico
selfies,0,41,0.0,0.083,33.55,crítico
adm,0,41,0.0,0.083,33.55,crítico
entangled,2,57,0.008,0.116,33.53,crítico
definitions,2,57,0.008,0.116,33.53,crítico
america,2,57,0.008,0.116,33.53,crítico
emerged,30,166,0.12,0.336,33.53,crítico
disciplines,11,99,0.044,0.201,33.49,crítico
congestion,26,5,0.104,0.01,33.45,técnico
ir,26,5,0.104,0.01,33.45,técnico
completion,26,5,0.104,0.01,33.45,técnico
setup,26,5,0.104,0.01,33.45,técnico
identifies,22,139,0.088,0.282,33.33,crítico
strength,59,35,0.237,0.071,33.31,técnico
way,156,512,0.626,1.038,33.29,crítico
messaging,1,50,0.004,0.101,33.25,crítico
governed,1,50,0.004,0.101,33.25,crítico
collaboration,25,149,0.1,0.302,33.25,crítico
ignorance,1,50,0.004,0.101,33.25,crítico
official,1,50,0.004,0.101,33.25,crítico
support,194,607,0.778,1.23,33.23,crítico
ensure,106,92,0.425,0.186,33.15,técnico
fact,26,152,0.104,0.308,33.08,crítico
his,13,106,0.052,0.215,33.01,crítico
families,3,62,0.012,0.126,32.96,crítico
condition,105,91,0.421,0.184,32.94,técnico
speaker,30,8,0.12,0.016,32.92,técnico
interpretability,30,8,0.12,0.016,32.92,técnico
handle,44,20,0.176,0.041,32.91,técnico
predictions,82,62,0.329,0.126,32.88,técnico
applicability,45,21,0.18,0.043,32.84,técnico
dynamically,35,12,0.14,0.024,32.81,técnico
agriculture,2,56,0.008,0.114,32.78,crítico
editorial,2,56,0.008,0.114,32.78,crítico
trustworthy,2,56,0.008,0.114,32.78,crítico
https,48,24,0.192,0.049,32.75,técnico
vsc,15,0,0.06,0.0,32.74,técnico
ris,15,0,0.06,0.0,32.74,técnico
computations,15,0,0.06,0.0,32.74,técnico
integer,15,0,0.06,0.0,32.74,técnico
ra,15,0,0.06,0.0,32.74,técnico
waveform,15,0,0.06,0.0,32.74,técnico
regularized,15,0,0.06,0.0,32.74,técnico
impulse,15,0,0.06,0.0,32.74,técnico
neurons,15,0,0.06,0.0,32.74,técnico
rotational,15,0,0.06,0.0,32.74,técnico
arrays,15,0,0.06,0.0,32.74,técnico
cmos,15,0,0.06,0.0,32.74,técnico
numerically,15,0,0.06,0.0,32.74,técnico
idf,15,0,0.06,0.0,32.74,técnico
residuals,15,0,0.06,0.0,32.74,técnico
대한,15,0,0.06,0.0,32.74,técnico
hyperparameters,15,0,0.06,0.0,32.74,técnico
presidential,0,40,0.0,0.081,32.73,crítico
metaphors,0,40,0.0,0.081,32.73,crítico
activist,0,40,0.0,0.081,32.73,crítico
framings,0,40,0.0,0.081,32.73,crítico
tumor,24,4,0.096,0.008,32.69,técnico
implement,63,40,0.253,0.081,32.64,técnico
available,173,186,0.694,0.377,32.6,técnico
conversion,36,13,0.144,0.026,32.52,técnico
registration,36,13,0.144,0.026,32.52,técnico
initiative,1,49,0.004,0.099,32.47,crítico
reflection,8,85,0.032,0.172,32.47,crítico
forum,1,49,0.004,0.099,32.47,crítico
ideals,1,49,0.004,0.099,32.47,crítico
investments,1,49,0.004,0.099,32.47,crítico
highlights,39,192,0.156,0.389,32.46,crítico
impact,149,491,0.598,0.995,32.37,crítico
union,6,76,0.024,0.154,32.35,crítico
spherical,18,1,0.072,0.002,32.27,técnico
flying,18,1,0.072,0.002,32.27,técnico
chaos,18,1,0.072,0.002,32.27,técnico
resnet,18,1,0.072,0.002,32.27,técnico
knn,18,1,0.072,0.002,32.27,técnico
attackers,18,1,0.072,0.002,32.27,técnico
ps,18,1,0.072,0.002,32.27,técnico
ring,18,1,0.072,0.002,32.27,técnico
iris,18,1,0.072,0.002,32.27,técnico
strategies,137,460,0.549,0.932,32.26,crítico
algorithmically,3,61,0.012,0.124,32.24,crítico
multivariate,22,3,0.088,0.006,32.13,técnico
landing,22,3,0.088,0.006,32.13,técnico
indonesian,22,3,0.088,0.006,32.13,técnico
lateral,22,3,0.088,0.006,32.13,técnico
influential,4,66,0.016,0.134,32.07,crítico
physics,38,15,0.152,0.03,32.07,técnico
reactions,2,55,0.008,0.111,32.04,crítico
humanities,2,55,0.008,0.111,32.04,crítico
increase,166,177,0.666,0.359,32.02,técnico
solar,32,10,0.128,0.02,31.93,técnico
server,32,10,0.128,0.02,31.93,técnico
capitalist,0,39,0.0,0.079,31.91,crítico
democracies,0,39,0.0,0.079,31.91,crítico
deliberation,0,39,0.0,0.079,31.91,crítico
epistemologies,0,39,0.0,0.079,31.91,crítico
racialized,0,39,0.0,0.079,31.91,crítico
farmers,0,39,0.0,0.079,31.91,crítico
nonhuman,0,39,0.0,0.079,31.91,crítico
entanglements,0,39,0.0,0.079,31.91,crítico
lgbtq,0,39,0.0,0.079,31.91,crítico
ideas,24,143,0.096,0.29,31.9,crítico
orthogonal,20,2,0.08,0.004,31.89,técnico
tracker,20,2,0.08,0.004,31.89,técnico
annotated,20,2,0.08,0.004,31.89,técnico
partition,20,2,0.08,0.004,31.89,técnico
suggesting,13,104,0.052,0.211,31.84,crítico
fundamentally,8,84,0.032,0.17,31.83,crítico
adjustment,28,7,0.112,0.014,31.82,técnico
trace,16,115,0.064,0.233,31.77,crítico
anxiety,9,88,0.036,0.178,31.71,crítico
strategically,1,48,0.004,0.097,31.69,crítico
amid,1,48,0.004,0.097,31.69,crítico
canada,1,48,0.004,0.097,31.69,crítico
illustrates,6,75,0.024,0.152,31.68,crítico
centered,10,92,0.04,0.186,31.67,crítico
updating,25,5,0.1,0.01,31.63,técnico
spatiotemporal,25,5,0.1,0.01,31.63,técnico
attending,3,60,0.012,0.122,31.52,crítico
constitutive,3,60,0.012,0.122,31.52,crítico
dual,79,60,0.317,0.122,31.44,técnico
correct,49,26,0.197,0.053,31.43,técnico
harmful,7,79,0.028,0.16,31.38,crítico
account,71,282,0.285,0.572,31.31,crítico
deepfakes,2,54,0.008,0.109,31.29,crítico
income,2,54,0.008,0.109,31.29,crítico
generative,75,293,0.301,0.594,31.29,crítico
business,29,158,0.116,0.32,31.22,crítico
factor,86,69,0.345,0.14,31.17,técnico
latour,0,38,0.0,0.077,31.09,crítico
theorizing,0,38,0.0,0.077,31.09,crítico
dilemmas,0,38,0.0,0.077,31.09,crítico
elections,0,38,0.0,0.077,31.09,crítico
precarious,0,38,0.0,0.077,31.09,crítico
socialization,0,38,0.0,0.077,31.09,crítico
solidarity,0,38,0.0,0.077,31.09,crítico
multiplicity,0,38,0.0,0.077,31.09,crítico
pluralism,0,38,0.0,0.077,31.09,crítico
sexting,0,38,0.0,0.077,31.09,crítico
sns,0,38,0.0,0.077,31.09,crítico
broadly,6,74,0.024,0.15,31.02,crítico
widely,128,125,0.513,0.253,30.98,técnico
danish,1,47,0.004,0.095,30.92,crítico
propaganda,1,47,0.004,0.095,30.92,crítico
mobilize,1,47,0.004,0.095,30.92,crítico
product,99,86,0.397,0.174,30.91,técnico
bounds,23,4,0.092,0.008,30.83,técnico
shift,51,224,0.205,0.454,30.83,crítico
moderators,3,59,0.012,0.12,30.8,crítico
solid,26,6,0.104,0.012,30.78,técnico
cover,36,14,0.144,0.028,30.74,técnico
nowadays,30,9,0.12,0.018,30.71,técnico
know,16,113,0.064,0.229,30.66,crítico
all,339,448,1.359,0.908,30.65,técnico
variational,14,0,0.056,0.0,30.56,técnico
quadrotor,14,0,0.056,0.0,30.56,técnico
kw,14,0,0.056,0.0,30.56,técnico
rotary,14,0,0.056,0.0,30.56,técnico
asymptotic,14,0,0.056,0.0,30.56,técnico
cr,14,0,0.056,0.0,30.56,técnico
crack,14,0,0.056,0.0,30.56,técnico
kernels,14,0,0.056,0.0,30.56,técnico
slots,14,0,0.056,0.0,30.56,técnico
pairwise,14,0,0.056,0.0,30.56,técnico
cavity,14,0,0.056,0.0,30.56,técnico
smc,14,0,0.056,0.0,30.56,técnico
subsystem,14,0,0.056,0.0,30.56,técnico
hsi,14,0,0.056,0.0,30.56,técnico
machining,14,0,0.056,0.0,30.56,técnico
ghz,14,0,0.056,0.0,30.56,técnico
gnn,14,0,0.056,0.0,30.56,técnico
scattering,14,0,0.056,0.0,30.56,técnico
imu,14,0,0.056,0.0,30.56,técnico
fpga,14,0,0.056,0.0,30.56,técnico
viewers,2,53,0.008,0.107,30.55,crítico
govern,2,53,0.008,0.107,30.55,crítico
trustworthiness,2,53,0.008,0.107,30.55,crítico
story,10,90,0.04,0.182,30.45,crítico
mapping,103,92,0.413,0.186,30.4,técnico
analysing,6,73,0.024,0.148,30.36,crítico
otherwise,6,73,0.024,0.148,30.36,crítico
logistic,31,10,0.124,0.02,30.29,técnico
compensate,31,10,0.124,0.02,30.29,técnico
optimisation,31,10,0.124,0.02,30.29,técnico
situating,0,37,0.0,0.075,30.27,crítico
precarity,0,37,0.0,0.075,30.27,crítico
conceptualizations,0,37,0.0,0.075,30.27,crítico
finnish,0,37,0.0,0.075,30.27,crítico
tradition,0,37,0.0,0.075,30.27,crítico
undermine,0,37,0.0,0.075,30.27,crítico
personhood,0,37,0.0,0.075,30.27,crítico
bed,17,1,0.068,0.002,30.2,técnico
highway,17,1,0.068,0.002,30.2,técnico
height,17,1,0.068,0.002,30.2,técnico
planner,17,1,0.068,0.002,30.2,técnico
gans,17,1,0.068,0.002,30.2,técnico
leakage,17,1,0.068,0.002,30.2,técnico
feeder,17,1,0.068,0.002,30.2,técnico
rfid,17,1,0.068,0.002,30.2,técnico
mse,17,1,0.068,0.002,30.2,técnico
manipulators,17,1,0.068,0.002,30.2,técnico
younger,1,46,0.004,0.093,30.14,crítico
religion,1,46,0.004,0.093,30.14,crítico
resist,1,46,0.004,0.093,30.14,crítico
scripts,1,46,0.004,0.093,30.14,crítico
viral,1,46,0.004,0.093,30.14,crítico
remain,26,146,0.104,0.296,30.1,crítico
difficulty,48,26,0.192,0.053,30.1,técnico
paid,7,77,0.028,0.156,30.09,crítico
derivative,27,7,0.108,0.014,30.09,técnico
heritage,5,68,0.02,0.138,30.09,crítico
pervasive,5,68,0.02,0.138,30.09,crítico
ask,7,77,0.028,0.156,30.09,crítico
although,65,262,0.261,0.531,30.09,crítico
meanwhile,43,21,0.172,0.043,30.04,técnico
paths,44,22,0.176,0.045,30.02,técnico
asks,4,63,0.016,0.128,29.97,crítico
capabilities,110,102,0.441,0.207,29.97,técnico
scalable,32,11,0.128,0.022,29.95,técnico
pruning,19,2,0.076,0.004,29.9,técnico
summarization,19,2,0.076,0.004,29.9,técnico
invariant,19,2,0.076,0.004,29.9,técnico
opportunity,11,93,0.044,0.189,29.89,crítico
local,252,312,1.011,0.632,29.86,técnico
resonant,24,5,0.096,0.01,29.82,técnico
grids,24,5,0.096,0.01,29.82,técnico
bringing,2,52,0.008,0.105,29.8,crítico
continued,2,52,0.008,0.105,29.8,crítico
residents,2,52,0.008,0.105,29.8,crítico
opaque,2,52,0.008,0.105,29.8,crítico
hand,135,137,0.541,0.278,29.71,técnico
further,301,390,1.207,0.791,29.68,técnico
ensuring,74,56,0.297,0.114,29.63,técnico
significant,299,387,1.199,0.784,29.62,técnico
volume,63,43,0.253,0.087,29.55,técnico
active,148,156,0.594,0.316,29.47,técnico
sociocultural,0,36,0.0,0.073,29.45,crítico
acts,7,76,0.028,0.154,29.45,crítico
hegemonic,0,36,0.0,0.073,29.45,crítico
commons,0,36,0.0,0.073,29.45,crítico
workshops,0,36,0.0,0.073,29.45,crítico
technologically,0,36,0.0,0.073,29.45,crítico
uniform,34,13,0.136,0.026,29.42,técnico
simulate,34,13,0.136,0.026,29.42,técnico
imbalance,34,13,0.136,0.026,29.42,técnico
classified,34,13,0.136,0.026,29.42,técnico
guidance,62,42,0.249,0.085,29.39,técnico
incidental,1,45,0.004,0.091,29.37,crítico
disparities,1,45,0.004,0.091,29.37,crítico
asian,1,45,0.004,0.091,29.37,crítico
virtue,1,45,0.004,0.091,29.37,crítico
surrounding,15,107,0.06,0.217,29.33,crítico
migration,9,84,0.036,0.17,29.24,crítico
introduce,128,128,0.513,0.259,29.24,técnico
ethically,2,51,0.008,0.103,29.06,crítico
personalization,2,51,0.008,0.103,29.06,crítico
profit,2,51,0.008,0.103,29.06,crítico
illuminate,2,51,0.008,0.103,29.06,crítico
lower,117,113,0.469,0.229,29.06,técnico
legacy,2,51,0.008,0.103,29.06,crítico
mechanisms,55,231,0.221,0.468,29.03,crítico
directional,25,6,0.1,0.012,29.02,técnico
mr,25,6,0.1,0.012,29.02,técnico
impulsive,22,4,0.088,0.008,28.97,técnico
vibrations,22,4,0.088,0.008,28.97,técnico
smooth,38,17,0.152,0.034,28.84,técnico
comparable,38,17,0.152,0.034,28.84,técnico
capturing,47,26,0.188,0.053,28.79,técnico
bring,15,106,0.06,0.215,28.78,crítico
gap,57,236,0.229,0.478,28.76,crítico
nuclear,11,91,0.044,0.184,28.7,crítico
next,69,51,0.277,0.103,28.7,técnico
contains,45,24,0.18,0.049,28.7,técnico
machine,449,636,1.801,1.289,28.7,técnico
classifying,30,10,0.12,0.02,28.68,técnico
iterative,57,37,0.229,0.075,28.67,técnico
reactive,41,20,0.164,0.041,28.67,técnico
doubt,0,35,0.0,0.071,28.64,crítico
discursively,0,35,0.0,0.071,28.64,crítico
girls,0,35,0.0,0.071,28.64,crítico
connective,0,35,0.0,0.071,28.64,crítico
protests,0,35,0.0,0.071,28.64,crítico
israeli,0,35,0.0,0.071,28.64,crítico
feminism,0,35,0.0,0.071,28.64,crítico
archive,4,61,0.016,0.124,28.59,crítico
promoted,1,44,0.004,0.089,28.59,crítico
fans,1,44,0.004,0.089,28.59,crítico
stakeholder,1,44,0.004,0.089,28.59,crítico
hard,63,44,0.253,0.089,28.58,técnico
create,67,263,0.269,0.533,28.41,crítico
allows,141,148,0.565,0.3,28.4,técnico
lifting,13,0,0.052,0.0,28.38,técnico
dispatch,13,0,0.052,0.0,28.38,técnico
effector,13,0,0.052,0.0,28.38,técnico
actuated,13,0,0.052,0.0,28.38,técnico
turbines,13,0,0.052,0.0,28.38,técnico
mg,13,0,0.052,0.0,28.38,técnico
electro,13,0,0.052,0.0,28.38,técnico
workpiece,13,0,0.052,0.0,28.38,técnico
verifies,13,0,0.052,0.0,28.38,técnico
plates,13,0,0.052,0.0,28.38,técnico
welding,13,0,0.052,0.0,28.38,técnico
orbit,13,0,0.052,0.0,28.38,técnico
nose,13,0,0.052,0.0,28.38,técnico
extractor,13,0,0.052,0.0,28.38,técnico
grayscale,13,0,0.052,0.0,28.38,técnico
위한,13,0,0.052,0.0,28.38,técnico
roi,13,0,0.052,0.0,28.38,técnico
bounding,13,0,0.052,0.0,28.38,técnico
cascaded,13,0,0.052,0.0,28.38,técnico
commands,13,0,0.052,0.0,28.38,técnico
cd,13,0,0.052,0.0,28.38,técnico
scans,13,0,0.052,0.0,28.38,técnico
sgd,13,0,0.052,0.0,28.38,técnico
obstacle,26,7,0.104,0.014,28.37,técnico
bidirectional,31,11,0.124,0.022,28.36,técnico
valuation,2,50,0.008,0.101,28.32,crítico
centre,2,50,0.008,0.101,28.32,crítico
employment,2,50,0.008,0.101,28.32,crítico
environments,185,213,0.742,0.432,28.32,técnico
tolerant,20,3,0.08,0.006,28.3,técnico
arrival,20,3,0.08,0.006,28.3,técnico
redundancy,20,3,0.08,0.006,28.3,técnico
winding,16,1,0.064,0.002,28.14,técnico
photovoltaic,16,1,0.064,0.002,28.14,técnico
critic,16,1,0.064,0.002,28.14,técnico
inefficient,16,1,0.064,0.002,28.14,técnico
mixtures,16,1,0.064,0.002,28.14,técnico
processor,16,1,0.064,0.002,28.14,técnico
posture,16,1,0.064,0.002,28.14,técnico
negative,68,265,0.273,0.537,28.13,crítico
chinese,35,170,0.14,0.345,28.1,crítico
subset,32,12,0.128,0.024,28.1,técnico
topologies,23,5,0.092,0.01,28.02,técnico
delays,23,5,0.092,0.01,28.02,técnico
pooling,18,2,0.072,0.004,27.92,técnico
additive,18,2,0.072,0.004,27.92,técnico
lifetime,18,2,0.072,0.004,27.92,técnico
oscillations,18,2,0.072,0.004,27.92,técnico
transmit,18,2,0.072,0.004,27.92,técnico
degraded,18,2,0.072,0.004,27.92,técnico
smoothing,18,2,0.072,0.004,27.92,técnico
container,18,2,0.072,0.004,27.92,técnico
rarely,4,60,0.016,0.122,27.9,crítico
transparent,4,60,0.016,0.122,27.9,crítico
benchmarks,33,13,0.132,0.026,27.89,técnico
adjust,33,13,0.132,0.026,27.89,técnico
bert,27,8,0.108,0.016,27.85,técnico
restoration,27,8,0.108,0.016,27.85,técnico
sentence,27,8,0.108,0.016,27.85,técnico
equality,0,34,0.0,0.069,27.82,crítico
valence,0,34,0.0,0.069,27.82,crítico
situates,0,34,0.0,0.069,27.82,crítico
mediating,1,43,0.004,0.087,27.82,crítico
frictions,0,34,0.0,0.069,27.82,crítico
paying,0,34,0.0,0.069,27.82,crítico
auditing,0,34,0.0,0.069,27.82,crítico
electoral,0,34,0.0,0.069,27.82,crítico
branding,1,43,0.004,0.087,27.82,crítico
populism,0,34,0.0,0.069,27.82,crítico
theorize,1,43,0.004,0.087,27.82,crítico
involved,44,196,0.176,0.397,27.73,crítico
eye,34,14,0.136,0.028,27.72,técnico
natural,149,161,0.598,0.326,27.68,técnico
objectivity,2,49,0.008,0.099,27.58,crítico
worker,2,49,0.008,0.099,27.58,crítico
stakes,2,49,0.008,0.099,27.58,crítico
correction,47,27,0.188,0.055,27.57,técnico
consider,69,266,0.277,0.539,27.51,crítico
prior,99,91,0.397,0.184,27.49,técnico
physical,173,197,0.694,0.399,27.44,técnico
associations,8,77,0.032,0.156,27.43,crítico
productive,8,77,0.032,0.156,27.43,crítico
gains,42,22,0.168,0.045,27.31,técnico
serve,25,137,0.1,0.278,27.3,crítico
fed,24,6,0.096,0.012,27.27,técnico
studied,92,82,0.369,0.166,27.27,técnico
fluctuations,24,6,0.096,0.012,27.27,técnico
leveraging,54,35,0.217,0.071,27.22,técnico
seem,4,59,0.016,0.12,27.21,crítico
reinforce,4,59,0.016,0.12,27.21,crítico
actuators,21,4,0.084,0.008,27.13,técnico
walking,29,10,0.116,0.02,27.08,técnico
would,64,251,0.257,0.509,27.06,crítico
tendencies,1,42,0.004,0.085,27.05,crítico
ecosystems,1,42,0.004,0.085,27.05,crítico
commenting,0,33,0.0,0.067,27.0,crítico
tacit,0,33,0.0,0.067,27.0,crítico
policymaking,0,33,0.0,0.067,27.0,crítico
aspirations,0,33,0.0,0.067,27.0,crítico
mothers,0,33,0.0,0.067,27.0,crítico
israel,0,33,0.0,0.067,27.0,crítico
resignation,0,33,0.0,0.067,27.0,crítico
forums,0,33,0.0,0.067,27.0,crítico
douyin,0,33,0.0,0.067,27.0,crítico
proponents,0,33,0.0,0.067,27.0,crítico
ambivalent,0,33,0.0,0.067,27.0,crítico
migrant,0,33,0.0,0.067,27.0,crítico
voters,0,33,0.0,0.067,27.0,crítico
situate,0,33,0.0,0.067,27.0,crítico
encounters,7,72,0.028,0.146,26.9,crítico
pro,7,72,0.028,0.146,26.9,crítico
theoretical,125,411,0.501,0.833,26.89,crítico
discrimination,18,113,0.072,0.229,26.89,crítico
instrumental,2,48,0.008,0.097,26.84,crítico
radical,2,48,0.008,0.097,26.84,crítico
hacking,2,48,0.008,0.097,26.84,crítico
pharmaceutical,2,48,0.008,0.097,26.84,crítico
raise,8,76,0.032,0.154,26.81,crítico
updates,30,11,0.12,0.022,26.8,técnico
revealing,9,80,0.036,0.162,26.8,crítico
sizes,30,11,0.12,0.022,26.8,técnico
looking,9,80,0.036,0.162,26.8,crítico
demographic,5,63,0.02,0.128,26.74,crítico
degree,86,75,0.345,0.152,26.64,técnico
past,46,199,0.184,0.403,26.58,crítico
scalability,31,12,0.124,0.024,26.57,técnico
goals,23,129,0.092,0.261,26.55,crítico
compare,75,61,0.301,0.124,26.53,técnico
constant,62,45,0.249,0.091,26.53,técnico
spheres,4,58,0.016,0.118,26.52,crítico
late,4,58,0.016,0.118,26.52,crítico
pathways,4,58,0.016,0.118,26.52,crítico
raising,3,53,0.012,0.107,26.51,crítico
conflicts,3,53,0.012,0.107,26.51,crítico
purpose,116,116,0.465,0.235,26.49,técnico
schedules,19,3,0.076,0.006,26.4,técnico
slip,19,3,0.076,0.006,26.4,técnico
outperforming,19,3,0.076,0.006,26.4,técnico
log,19,3,0.076,0.006,26.4,técnico
combines,66,50,0.265,0.101,26.38,técnico
jointly,32,13,0.128,0.026,26.38,técnico
intentions,11,87,0.044,0.176,26.36,crítico
embedding,70,55,0.281,0.111,26.31,técnico
linked,16,105,0.064,0.213,26.31,crítico
bodily,1,41,0.004,0.083,26.28,crítico
netherlands,1,41,0.004,0.083,26.28,crítico
funded,1,41,0.004,0.083,26.28,crítico
british,1,41,0.004,0.083,26.28,crítico
differently,7,71,0.028,0.144,26.27,crítico
devices,189,224,0.758,0.454,26.25,técnico
relay,22,5,0.088,0.01,26.24,técnico
web,47,201,0.188,0.407,26.23,crítico
unseen,26,8,0.104,0.016,26.2,técnico
vortex,12,0,0.048,0.0,26.19,técnico
pendulum,12,0,0.048,0.0,26.19,técnico
lagrange,12,0,0.048,0.0,26.19,técnico
sinusoidal,12,0,0.048,0.0,26.19,técnico
defective,12,0,0.048,0.0,26.19,técnico
vertices,12,0,0.048,0.0,26.19,técnico
sac,12,0,0.048,0.0,26.19,técnico
nonconvex,12,0,0.048,0.0,26.19,técnico
propeller,12,0,0.048,0.0,26.19,técnico
gyroscope,12,0,0.048,0.0,26.19,técnico
raspberry,12,0,0.048,0.0,26.19,técnico
splitting,12,0,0.048,0.0,26.19,técnico
fcs,12,0,0.048,0.0,26.19,técnico
legged,12,0,0.048,0.0,26.19,técnico
volumetric,12,0,0.048,0.0,26.19,técnico
switches,12,0,0.048,0.0,26.19,técnico
fps,12,0,0.048,0.0,26.19,técnico
geometrical,12,0,0.048,0.0,26.19,técnico
layout,12,0,0.048,0.0,26.19,técnico
neuron,12,0,0.048,0.0,26.19,técnico
discretization,12,0,0.048,0.0,26.19,técnico
monocular,12,0,0.048,0.0,26.19,técnico
coil,12,0,0.048,0.0,26.19,técnico
curved,12,0,0.048,0.0,26.19,técnico
pedestrians,12,0,0.048,0.0,26.19,técnico
anonymity,0,32,0.0,0.065,26.18,crítico
reconfigure,0,32,0.0,0.065,26.18,crítico
epigenetics,0,32,0.0,0.065,26.18,crítico
ambivalence,0,32,0.0,0.065,26.18,crítico
minorities,0,32,0.0,0.065,26.18,crítico
prosocial,0,32,0.0,0.065,26.18,crítico
interviewees,0,32,0.0,0.065,26.18,crítico
cynicism,0,32,0.0,0.065,26.18,crítico
biodiversity,0,32,0.0,0.065,26.18,crítico
bureaucratic,0,32,0.0,0.065,26.18,crítico
programme,0,32,0.0,0.065,26.18,crítico
applicable,34,15,0.136,0.03,26.12,técnico
empowerment,2,47,0.008,0.095,26.11,crítico
openness,2,47,0.008,0.095,26.11,crítico
foundations,2,47,0.008,0.095,26.11,crítico
followers,2,47,0.008,0.095,26.11,crítico
dominance,2,47,0.008,0.095,26.11,crítico
hierarchies,2,47,0.008,0.095,26.11,crítico
fading,15,1,0.06,0.002,26.08,técnico
resampling,15,1,0.06,0.002,26.08,técnico
patch,15,1,0.06,0.002,26.08,técnico
corrosion,15,1,0.06,0.002,26.08,técnico
ray,15,1,0.06,0.002,26.08,técnico
cl,15,1,0.06,0.002,26.08,técnico
synergistic,15,1,0.06,0.002,26.08,técnico
bone,15,1,0.06,0.002,26.08,técnico
forensic,5,62,0.02,0.126,26.07,crítico
reporting,5,62,0.02,0.126,26.07,crítico
legitimate,5,62,0.02,0.126,26.07,crítico
label,53,35,0.213,0.071,26.04,técnico
displacement,35,16,0.14,0.032,26.04,técnico
candidate,35,16,0.14,0.032,26.04,técnico
group,102,349,0.409,0.707,25.98,crítico
pa,17,2,0.068,0.004,25.96,técnico
curves,17,2,0.068,0.004,25.96,técnico
led,40,180,0.16,0.365,25.96,crítico
requirement,37,18,0.148,0.036,25.95,técnico
reinforcing,4,57,0.016,0.116,25.84,crítico
st,27,9,0.108,0.018,25.81,técnico
exact,27,9,0.108,0.018,25.81,técnico
variability,27,9,0.108,0.018,25.81,técnico
relating,3,52,0.012,0.105,25.81,crítico
arrangements,6,66,0.024,0.134,25.79,crítico
parties,11,86,0.044,0.174,25.78,crítico
advance,16,104,0.064,0.211,25.77,crítico
extended,71,57,0.285,0.116,25.7,técnico
security,192,230,0.77,0.466,25.69,técnico
deeply,7,70,0.028,0.142,25.64,crítico
music,42,185,0.168,0.375,25.61,crítico
anomalies,23,6,0.092,0.012,25.54,técnico
representational,1,40,0.004,0.081,25.51,crítico
similar,126,132,0.505,0.268,25.51,técnico
today,32,155,0.128,0.314,25.5,crítico
phenomenon,33,158,0.132,0.32,25.49,crítico
belief,5,61,0.02,0.124,25.41,crítico
creativity,12,89,0.048,0.18,25.37,crítico
disconnection,2,46,0.008,0.093,25.37,crítico
mere,2,46,0.008,0.093,25.37,crítico
facilitated,2,46,0.008,0.093,25.37,crítico
ended,2,46,0.008,0.093,25.37,crítico
prevailing,2,46,0.008,0.093,25.37,crítico
snss,0,31,0.0,0.063,25.36,crítico
conventions,0,31,0.0,0.063,25.36,crítico
spotify,0,31,0.0,0.063,25.36,crítico
refugee,0,31,0.0,0.063,25.36,crítico
london,0,31,0.0,0.063,25.36,crítico
korea,0,31,0.0,0.063,25.36,crítico
caring,0,31,0.0,0.063,25.36,crítico
reflexivity,0,31,0.0,0.063,25.36,crítico
gig,0,31,0.0,0.063,25.36,crítico
domestication,0,31,0.0,0.063,25.36,crítico
utopian,0,31,0.0,0.063,25.36,crítico
twitch,0,31,0.0,0.063,25.36,crítico
technicians,0,31,0.0,0.063,25.36,crítico
grassroots,0,31,0.0,0.063,25.36,crítico
colonialism,0,31,0.0,0.063,25.36,crítico
binary,73,60,0.293,0.122,25.33,técnico
hence,73,60,0.293,0.122,25.33,técnico
asymmetric,20,4,0.08,0.008,25.3,técnico
sentiment,69,55,0.277,0.111,25.3,técnico
automotive,20,4,0.08,0.008,25.3,técnico
license,20,4,0.08,0.008,25.3,técnico
stitching,20,4,0.08,0.008,25.3,técnico
port,20,4,0.08,0.008,25.3,técnico
exhibits,29,11,0.116,0.022,25.25,técnico
reward,29,11,0.116,0.022,25.25,técnico
exploiting,29,11,0.116,0.022,25.25,técnico
competing,6,65,0.024,0.132,25.15,crítico
daily,30,148,0.12,0.3,25.11,crítico
objects,176,207,0.706,0.42,25.1,técnico
conceptually,3,51,0.012,0.103,25.1,crítico
awareness,33,157,0.132,0.318,25.05,crítico
full,91,84,0.365,0.17,25.04,técnico
engine,53,36,0.213,0.073,25.03,técnico
defining,7,69,0.028,0.14,25.01,crítico
conversation,7,69,0.028,0.14,25.01,crítico
constitute,7,69,0.028,0.14,25.01,crítico
outliers,24,7,0.096,0.014,25.0,técnico
cooperative,24,7,0.096,0.014,25.0,técnico
clear,20,116,0.08,0.235,24.98,crítico
analysis,765,1870,3.068,3.79,24.98,crítico
websites,8,73,0.032,0.148,24.97,crítico
reasons,18,109,0.072,0.221,24.82,crítico
tackle,42,24,0.168,0.049,24.79,técnico
opening,5,60,0.02,0.122,24.75,crítico
month,1,39,0.004,0.079,24.74,crítico
skepticism,1,39,0.004,0.079,24.74,crítico
persuasive,1,39,0.004,0.079,24.74,crítico
extreme,57,41,0.229,0.083,24.73,técnico
differences,62,239,0.249,0.484,24.71,crítico
fiction,2,45,0.008,0.091,24.64,crítico
anticipatory,2,45,0.008,0.091,24.64,crítico
creating,36,165,0.144,0.334,24.63,crítico
permanent,39,21,0.156,0.043,24.62,técnico
formulation,38,20,0.152,0.041,24.58,técnico
entire,37,19,0.148,0.039,24.57,técnico
feasible,36,18,0.144,0.036,24.56,técnico
gestures,25,8,0.1,0.016,24.56,técnico
hiring,0,30,0.0,0.061,24.55,crítico
hiv,0,30,0.0,0.061,24.55,crítico
career,0,30,0.0,0.061,24.55,crítico
avenues,0,30,0.0,0.061,24.55,crítico
geomedia,0,30,0.0,0.061,24.55,crítico
promissory,0,30,0.0,0.061,24.55,crítico
geopolitical,0,30,0.0,0.061,24.55,crítico
foregrounding,0,30,0.0,0.061,24.55,crítico
esports,0,30,0.0,0.061,24.55,crítico
outcomes,64,244,0.257,0.495,24.55,crítico
refugees,0,30,0.0,0.061,24.55,crítico
intersect,0,30,0.0,0.061,24.55,crítico
donation,0,30,0.0,0.061,24.55,crítico
peoples,0,30,0.0,0.061,24.55,crítico
americans,0,30,0.0,0.061,24.55,crítico
persuasion,0,30,0.0,0.061,24.55,crítico
schedule,18,3,0.072,0.006,24.52,técnico
lda,18,3,0.072,0.006,24.52,técnico
informational,6,64,0.024,0.13,24.51,crítico
mainstream,17,105,0.068,0.213,24.5,crítico
her,10,80,0.04,0.162,24.49,crítico
conflicting,4,55,0.016,0.111,24.48,crítico
auxiliary,21,5,0.084,0.01,24.47,técnico
criteria,76,65,0.305,0.132,24.47,técnico
electronics,21,5,0.084,0.01,24.47,técnico
ecological,12,87,0.048,0.176,24.25,crítico
attempts,22,121,0.088,0.245,24.23,crítico
remove,26,9,0.104,0.018,24.21,técnico
subjects,34,158,0.136,0.32,24.18,crítico
widespread,14,94,0.056,0.191,24.16,crítico
finance,5,59,0.02,0.12,24.09,crítico
chatbots,11,83,0.044,0.168,24.06,crítico
fuses,14,1,0.056,0.002,24.03,técnico
mf,14,1,0.056,0.002,24.03,técnico
minimization,14,1,0.056,0.002,24.03,técnico
mesh,14,1,0.056,0.002,24.03,técnico
clutter,14,1,0.056,0.002,24.03,técnico
semantically,14,1,0.056,0.002,24.03,técnico
shaft,14,1,0.056,0.002,24.03,técnico
minimized,14,1,0.056,0.002,24.03,técnico
eeg,14,1,0.056,0.002,24.03,técnico
eliminates,14,1,0.056,0.002,24.03,técnico
min,14,1,0.056,0.002,24.03,técnico
cifar,11,0,0.044,0.0,24.01,técnico
underactuated,11,0,0.044,0.0,24.01,técnico
bilstm,11,0,0.044,0.0,24.01,técnico
cluttered,11,0,0.044,0.0,24.01,técnico
limb,11,0,0.044,0.0,24.01,técnico
axial,11,0,0.044,0.0,24.01,técnico
synchronized,11,0,0.044,0.0,24.01,técnico
shortest,11,0,0.044,0.0,24.01,técnico
downlink,11,0,0.044,0.0,24.01,técnico
emg,11,0,0.044,0.0,24.01,técnico
occupancy,11,0,0.044,0.0,24.01,técnico
transducer,11,0,0.044,0.0,24.01,técnico
gamma,11,0,0.044,0.0,24.01,técnico
gnns,11,0,0.044,0.0,24.01,técnico
shear,11,0,0.044,0.0,24.01,técnico
tf,11,0,0.044,0.0,24.01,técnico
newton,11,0,0.044,0.0,24.01,técnico
regressor,11,0,0.044,0.0,24.01,técnico
nd,11,0,0.044,0.0,24.01,técnico
conductivity,11,0,0.044,0.0,24.01,técnico
calculates,11,0,0.044,0.0,24.01,técnico
soh,11,0,0.044,0.0,24.01,técnico
thd,11,0,0.044,0.0,24.01,técnico
speckle,11,0,0.044,0.0,24.01,técnico
qos,11,0,0.044,0.0,24.01,técnico
picking,11,0,0.044,0.0,24.01,técnico
wheeled,11,0,0.044,0.0,24.01,técnico
wheels,11,0,0.044,0.0,24.01,técnico
dp,11,0,0.044,0.0,24.01,técnico
annotations,16,2,0.064,0.004,24.0,técnico
fog,16,2,0.064,0.004,24.0,técnico
liquid,16,2,0.064,0.004,24.0,técnico
cam,16,2,0.064,0.004,24.0,técnico
categories,42,181,0.168,0.367,23.99,crítico
reciprocal,1,38,0.004,0.077,23.97,crítico
conceptualizes,1,38,0.004,0.077,23.97,crítico
socioeconomic,1,38,0.004,0.077,23.97,crítico
traditions,1,38,0.004,0.077,23.97,crítico
times,89,83,0.357,0.168,23.95,técnico
enhancing,70,58,0.281,0.118,23.93,técnico
elite,2,44,0.008,0.089,23.91,crítico
revolution,2,44,0.008,0.089,23.91,crítico
developmental,2,44,0.008,0.089,23.91,crítico
inequalities,26,133,0.104,0.27,23.91,crítico
equalization,22,6,0.088,0.012,23.83,técnico
correctly,22,6,0.088,0.012,23.83,técnico
cities,18,107,0.072,0.217,23.8,crítico
away,8,71,0.032,0.144,23.75,crítico
humor,0,29,0.0,0.059,23.73,crítico
fears,0,29,0.0,0.059,23.73,crítico
performativity,0,29,0.0,0.059,23.73,crítico
romantic,0,29,0.0,0.059,23.73,crítico
ought,0,29,0.0,0.059,23.73,crítico
decolonial,0,29,0.0,0.059,23.73,crítico
loneliness,0,29,0.0,0.059,23.73,crítico
gamers,0,29,0.0,0.059,23.73,crítico
attitudinal,0,29,0.0,0.059,23.73,crítico
transdisciplinary,0,29,0.0,0.059,23.73,crítico
depicted,0,29,0.0,0.059,23.73,crítico
partnerships,0,29,0.0,0.059,23.73,crítico
jobs,0,29,0.0,0.059,23.73,crítico
articulates,0,29,0.0,0.059,23.73,crítico
affairs,0,29,0.0,0.059,23.73,crítico
pass,28,11,0.112,0.022,23.72,técnico
variance,28,11,0.112,0.022,23.72,técnico
interpreted,3,49,0.012,0.099,23.7,crítico
attempt,14,93,0.056,0.189,23.62,crítico
track,50,34,0.201,0.069,23.58,técnico
fatigue,29,12,0.116,0.024,23.55,técnico
impacts,40,174,0.16,0.353,23.5,crítico
promote,20,113,0.08,0.229,23.5,crítico
federated,19,4,0.076,0.008,23.49,técnico
steel,19,4,0.076,0.008,23.49,técnico
ratios,19,4,0.076,0.008,23.49,técnico
scale,244,318,0.979,0.645,23.46,técnico
offline,26,132,0.104,0.268,23.45,crítico
weather,40,23,0.16,0.047,23.44,técnico
handling,40,23,0.16,0.047,23.44,técnico
leader,30,13,0.12,0.026,23.42,técnico
addressing,37,165,0.148,0.334,23.39,crítico
illustrate,37,165,0.148,0.334,23.39,crítico
confirm,39,22,0.156,0.045,23.37,técnico
engineering,132,145,0.529,0.294,23.37,técnico
contributing,13,89,0.052,0.18,23.37,crítico
pitch,23,7,0.092,0.014,23.34,técnico
cm,23,7,0.092,0.014,23.34,técnico
ct,23,7,0.092,0.014,23.34,técnico
variations,59,45,0.237,0.091,23.32,técnico
quite,31,14,0.124,0.028,23.32,técnico
constrained,59,45,0.237,0.091,23.32,técnico
inter,54,39,0.217,0.079,23.29,técnico
adding,37,20,0.148,0.041,23.26,técnico
administrative,6,62,0.024,0.126,23.24,crítico
contest,1,37,0.004,0.075,23.21,crítico
hong,1,37,0.004,0.075,23.21,crítico
publishing,1,37,0.004,0.075,23.21,crítico
vaccine,1,37,0.004,0.075,23.21,crítico
acknowledging,1,37,0.004,0.075,23.21,crítico
neglected,1,37,0.004,0.075,23.21,crítico
east,1,37,0.004,0.075,23.21,crítico
regulators,2,43,0.008,0.087,23.18,crítico
speak,2,43,0.008,0.087,23.18,crítico
attribution,2,43,0.008,0.087,23.18,crítico
tendency,7,66,0.028,0.134,23.15,crítico
lay,4,53,0.016,0.107,23.13,crítico
posting,4,53,0.016,0.107,23.13,crítico
collection,40,173,0.16,0.351,23.1,crítico
specified,24,8,0.096,0.016,22.94,técnico
activation,24,8,0.096,0.016,22.94,técnico
whole,57,43,0.229,0.087,22.94,técnico
elsewhere,0,28,0.0,0.057,22.91,crítico
intersectionality,0,28,0.0,0.057,22.91,crítico
invisibility,0,28,0.0,0.057,22.91,crítico
sensemaking,0,28,0.0,0.057,22.91,crítico
sociopolitical,0,28,0.0,0.057,22.91,crítico
valley,0,28,0.0,0.057,22.91,crítico
finland,0,28,0.0,0.057,22.91,crítico
lockdown,0,28,0.0,0.057,22.91,crítico
manifests,0,28,0.0,0.057,22.91,crítico
anger,0,28,0.0,0.057,22.91,crítico
attachments,0,28,0.0,0.057,22.91,crítico
fukushima,0,28,0.0,0.057,22.91,crítico
fully,100,100,0.401,0.203,22.84,técnico
voice,22,118,0.088,0.239,22.79,crítico
overlooked,5,57,0.02,0.116,22.79,crítico
exercise,5,57,0.02,0.116,22.79,crítico
placement,20,5,0.08,0.01,22.73,técnico
directions,60,47,0.241,0.095,22.67,técnico
metal,17,3,0.068,0.006,22.65,técnico
subsets,17,3,0.068,0.006,22.65,técnico
coal,17,3,0.068,0.006,22.65,técnico
prescribed,17,3,0.068,0.006,22.65,técnico
expand,9,73,0.036,0.148,22.63,crítico
interpretations,6,61,0.024,0.124,22.6,crítico
animal,14,91,0.056,0.184,22.55,crítico
administration,8,69,0.032,0.14,22.55,crítico
immediate,4,52,0.016,0.105,22.46,crítico
anthropology,1,36,0.004,0.073,22.44,crítico
exchanges,1,36,0.004,0.073,22.44,crítico
genomic,1,36,0.004,0.073,22.44,crítico
criticism,1,36,0.004,0.073,22.44,crítico
procedural,1,36,0.004,0.073,22.44,crítico
esteem,1,36,0.004,0.073,22.44,crítico
responding,1,36,0.004,0.073,22.44,crítico
contrasting,1,36,0.004,0.073,22.44,crítico
equipped,26,10,0.104,0.02,22.39,técnico
diversity,52,205,0.209,0.416,22.37,crítico
potential,262,723,1.051,1.465,22.36,crítico
actively,13,87,0.052,0.176,22.28,crítico
near,48,33,0.192,0.067,22.28,técnico
quantify,27,11,0.108,0.022,22.21,técnico
species,5,56,0.02,0.114,22.14,crítico
harvesting,21,6,0.084,0.012,22.14,técnico
ict,5,56,0.02,0.114,22.14,crítico
sought,5,56,0.02,0.114,22.14,crítico
percentage,21,6,0.084,0.012,22.14,técnico
tag,21,6,0.084,0.012,22.14,técnico
discretion,0,27,0.0,0.055,22.09,crítico
alienation,0,27,0.0,0.055,22.09,crítico
uncivil,0,27,0.0,0.055,22.09,crítico
fictional,0,27,0.0,0.055,22.09,crítico
pain,0,27,0.0,0.055,22.09,crítico
risky,0,27,0.0,0.055,22.09,crítico
conditional,38,22,0.152,0.045,22.09,técnico
foregrounds,0,27,0.0,0.055,22.09,crítico
territory,0,27,0.0,0.055,22.09,crítico
circulate,0,27,0.0,0.055,22.09,crítico
unpack,0,27,0.0,0.055,22.09,crítico
companionship,0,27,0.0,0.055,22.09,crítico
gay,0,27,0.0,0.055,22.09,crítico
anxieties,0,27,0.0,0.055,22.09,crítico
downstream,28,12,0.112,0.024,22.07,técnico
fidelity,28,12,0.112,0.024,22.07,técnico
neighbors,15,2,0.06,0.004,22.06,técnico
roads,15,2,0.06,0.004,22.06,técnico
outlier,15,2,0.06,0.004,22.06,técnico
analyzes,28,135,0.112,0.274,22.04,crítico
sustainability,12,83,0.048,0.168,22.03,crítico
meaningful,30,141,0.12,0.286,22.02,crítico
decrease,37,21,0.148,0.043,22.01,técnico
amplifier,13,1,0.052,0.002,21.99,técnico
morphology,13,1,0.052,0.002,21.99,técnico
morphological,13,1,0.052,0.002,21.99,técnico
spacecraft,13,1,0.052,0.002,21.99,técnico
handwritten,13,1,0.052,0.002,21.99,técnico
fracture,13,1,0.052,0.002,21.99,técnico
gpus,13,1,0.052,0.002,21.99,técnico
discharging,13,1,0.052,0.002,21.99,técnico
hs,13,1,0.052,0.002,21.99,técnico
occluded,13,1,0.052,0.002,21.99,técnico
key,194,561,0.778,1.137,21.99,crítico
intuitive,29,13,0.116,0.026,21.97,técnico
simultaneous,29,13,0.116,0.026,21.97,técnico
capacities,8,68,0.032,0.138,21.95,crítico
north,8,68,0.032,0.138,21.95,crítico
demand,91,89,0.365,0.18,21.94,técnico
border,7,64,0.028,0.13,21.92,crítico
consisting,35,19,0.14,0.039,21.9,técnico
mmse,10,0,0.04,0.0,21.83,técnico
wideband,10,0,0.04,0.0,21.83,técnico
dwt,10,0,0.04,0.0,21.83,técnico
ssim,10,0,0.04,0.0,21.83,técnico
nonparametric,10,0,0.04,0.0,21.83,técnico
rbf,10,0,0.04,0.0,21.83,técnico
accelerometer,10,0,0.04,0.0,21.83,técnico
metaheuristic,10,0,0.04,0.0,21.83,técnico
li,10,0,0.04,0.0,21.83,técnico
diodes,10,0,0.04,0.0,21.83,técnico
beamforming,10,0,0.04,0.0,21.83,técnico
velocities,10,0,0.04,0.0,21.83,técnico
encoders,10,0,0.04,0.0,21.83,técnico
nm,10,0,0.04,0.0,21.83,técnico
subgraph,10,0,0.04,0.0,21.83,técnico
conductive,10,0,0.04,0.0,21.83,técnico
oversampling,10,0,0.04,0.0,21.83,técnico
multichannel,10,0,0.04,0.0,21.83,técnico
aliasing,10,0,0.04,0.0,21.83,técnico
tangent,10,0,0.04,0.0,21.83,técnico
scada,10,0,0.04,0.0,21.83,técnico
microcontroller,10,0,0.04,0.0,21.83,técnico
homography,10,0,0.04,0.0,21.83,técnico
mri,10,0,0.04,0.0,21.83,técnico
mu,10,0,0.04,0.0,21.83,técnico
arithmetic,10,0,0.04,0.0,21.83,técnico
ocr,10,0,0.04,0.0,21.83,técnico
leg,10,0,0.04,0.0,21.83,técnico
kdd,10,0,0.04,0.0,21.83,técnico
yaw,10,0,0.04,0.0,21.83,técnico
svr,10,0,0.04,0.0,21.83,técnico
textures,10,0,0.04,0.0,21.83,técnico
humidity,10,0,0.04,0.0,21.83,técnico
explosive,10,0,0.04,0.0,21.83,técnico
capacitance,10,0,0.04,0.0,21.83,técnico
accuracies,10,0,0.04,0.0,21.83,técnico
qualities,4,51,0.016,0.103,21.79,crítico
press,4,51,0.016,0.103,21.79,crítico
sustained,4,51,0.016,0.103,21.79,crítico
whilst,2,41,0.008,0.083,21.73,crítico
amplify,2,41,0.008,0.083,21.73,crítico
controllable,18,4,0.072,0.008,21.7,técnico
modifications,22,7,0.088,0.014,21.69,técnico
dt,22,7,0.088,0.014,21.69,técnico
envision,1,35,0.004,0.071,21.68,crítico
contradictory,1,35,0.004,0.071,21.68,crítico
calling,1,35,0.004,0.071,21.68,crítico
advocate,1,35,0.004,0.071,21.68,crítico
artefacts,1,35,0.004,0.071,21.68,crítico
visible,26,128,0.104,0.259,21.64,crítico
free,102,105,0.409,0.213,21.64,técnico
embodiment,3,46,0.012,0.093,21.61,crítico
contributions,29,137,0.116,0.278,21.59,crítico
search,185,230,0.742,0.466,21.58,técnico
scenario,54,41,0.217,0.083,21.5,técnico
manual,54,41,0.217,0.083,21.5,técnico
reliance,9,71,0.036,0.144,21.46,crítico
played,9,71,0.036,0.144,21.46,crítico
flexibility,42,27,0.168,0.055,21.4,técnico
white,22,115,0.088,0.233,21.38,crítico
type,151,178,0.606,0.361,21.37,técnico
cause,65,55,0.261,0.111,21.36,técnico
judgment,8,67,0.032,0.136,21.36,crítico
ubiquitous,6,59,0.024,0.12,21.35,crítico
explainability,6,59,0.024,0.12,21.35,crítico
competition,6,59,0.024,0.12,21.35,crítico
cellular,23,8,0.092,0.016,21.35,técnico
transmitted,23,8,0.092,0.016,21.35,técnico
wear,23,8,0.092,0.016,21.35,técnico
wide,103,107,0.413,0.217,21.33,técnico
gain,83,79,0.333,0.16,21.33,técnico
negatively,7,63,0.028,0.128,21.31,crítico
knowing,7,63,0.028,0.128,21.31,crítico
counterpublics,0,26,0.0,0.053,21.27,crítico
counterpublic,0,26,0.0,0.053,21.27,crítico
ambitions,0,26,0.0,0.053,21.27,crítico
contagion,0,26,0.0,0.053,21.27,crítico
deceased,0,26,0.0,0.053,21.27,crítico
portrayed,0,26,0.0,0.053,21.27,crítico
credible,0,26,0.0,0.053,21.27,crítico
officers,0,26,0.0,0.053,21.27,crítico
bourdieu,0,26,0.0,0.053,21.27,crítico
illuminates,0,26,0.0,0.053,21.27,crítico
domination,0,26,0.0,0.053,21.27,crítico
rethinking,0,26,0.0,0.053,21.27,crítico
sexuality,0,26,0.0,0.053,21.27,crítico
conceptualizing,0,26,0.0,0.053,21.27,crítico
recently,98,100,0.393,0.203,21.27,técnico
settings,35,154,0.14,0.312,21.27,crítico
nexus,0,26,0.0,0.053,21.27,crítico
deficit,0,26,0.0,0.053,21.27,crítico
norway,0,26,0.0,0.053,21.27,crítico
genealogy,0,26,0.0,0.053,21.27,crítico
consumers,11,78,0.044,0.158,21.25,crítico
acceptance,19,105,0.076,0.213,21.17,crítico
special,41,171,0.164,0.347,21.17,crítico
containing,40,25,0.16,0.051,21.15,técnico
easily,52,39,0.209,0.079,21.13,técnico
struggles,4,50,0.016,0.101,21.12,crítico
commercial,40,168,0.16,0.341,21.11,crítico
code,142,165,0.569,0.334,21.09,técnico
analog,24,9,0.096,0.018,21.08,técnico
mentioned,24,9,0.096,0.018,21.08,técnico
switch,24,9,0.096,0.018,21.08,técnico
underpinning,2,40,0.008,0.081,21.01,crítico
grade,19,5,0.076,0.01,21.0,técnico
drop,19,5,0.076,0.01,21.0,técnico
interact,14,88,0.056,0.178,20.97,crítico
recorded,38,23,0.152,0.047,20.93,técnico
prompted,1,34,0.004,0.069,20.92,crítico
korean,1,34,0.004,0.069,20.92,crítico
contrary,3,45,0.012,0.091,20.92,crítico
ethnic,1,34,0.004,0.069,20.92,crítico
fair,9,70,0.036,0.142,20.88,crítico
obtaining,25,10,0.1,0.02,20.87,técnico
teacher,25,10,0.1,0.02,20.87,técnico
crime,5,54,0.02,0.109,20.85,crítico
months,5,54,0.02,0.109,20.85,crítico
workload,16,3,0.064,0.006,20.81,técnico
gp,16,3,0.064,0.006,20.81,técnico
purposes,26,126,0.104,0.255,20.75,crítico
aspects,72,254,0.289,0.515,20.73,crítico
ms,26,11,0.104,0.022,20.72,técnico
inclusive,11,77,0.044,0.156,20.7,crítico
feed,35,20,0.14,0.041,20.66,técnico
sufficient,54,42,0.217,0.085,20.65,técnico
accidents,27,12,0.108,0.024,20.61,técnico
robotics,68,60,0.273,0.122,20.58,técnico
take,59,219,0.237,0.444,20.57,crítico
update,28,13,0.112,0.026,20.53,técnico
places,10,73,0.04,0.148,20.49,crítico
intermediate,20,6,0.08,0.012,20.47,técnico
satisfactory,20,6,0.08,0.012,20.47,técnico
letter,20,6,0.08,0.012,20.47,técnico
assistive,20,6,0.08,0.012,20.47,técnico
television,4,49,0.016,0.099,20.46,crítico
africa,4,49,0.016,0.099,20.46,crítico
willingness,4,49,0.016,0.099,20.46,crítico
constitutional,0,25,0.0,0.051,20.45,crítico
foucault,0,25,0.0,0.051,20.45,crítico
materialities,0,25,0.0,0.051,20.45,crítico
nascent,0,25,0.0,0.051,20.45,crítico
distrust,0,25,0.0,0.051,20.45,crítico
ban,0,25,0.0,0.051,20.45,crítico
exacerbate,0,25,0.0,0.051,20.45,crítico
officials,0,25,0.0,0.051,20.45,crítico
bystanders,0,25,0.0,0.051,20.45,crítico
negotiating,0,25,0.0,0.051,20.45,crítico
pregnancy,0,25,0.0,0.051,20.45,crítico
supporters,0,25,0.0,0.051,20.45,crítico
democratization,0,25,0.0,0.051,20.45,crítico
sparked,0,25,0.0,0.051,20.45,crítico
defence,0,25,0.0,0.051,20.45,crítico
assetization,0,25,0.0,0.051,20.45,crítico
muslim,0,25,0.0,0.051,20.45,crítico
interrogates,0,25,0.0,0.051,20.45,crítico
collectives,0,25,0.0,0.051,20.45,crítico
dialogic,0,25,0.0,0.051,20.45,crítico
photographs,0,25,0.0,0.051,20.45,crítico
trauma,0,25,0.0,0.051,20.45,crítico
crowdfunding,0,25,0.0,0.051,20.45,crítico
alt,0,25,0.0,0.051,20.45,crítico
prominent,17,97,0.068,0.197,20.44,crítico
era,17,97,0.068,0.197,20.44,crítico
revealed,33,146,0.132,0.296,20.38,crítico
raw,42,28,0.168,0.057,20.37,técnico
exploit,42,28,0.168,0.057,20.37,técnico
produce,66,237,0.265,0.48,20.35,crítico
appeal,2,39,0.008,0.079,20.29,crítico
connectedness,2,39,0.008,0.079,20.29,crítico
preferences,15,90,0.06,0.182,20.25,crítico
philosophy,15,90,0.06,0.182,20.25,crítico
good,166,204,0.666,0.414,20.24,técnico
dominated,3,44,0.012,0.089,20.23,crítico
rural,3,44,0.012,0.089,20.23,crítico
priorities,3,44,0.012,0.089,20.23,crítico
refer,5,53,0.02,0.107,20.21,crítico
domestic,5,53,0.02,0.107,20.21,crítico
kong,1,33,0.004,0.067,20.16,crítico
embedded,55,207,0.221,0.42,20.16,crítico
practicality,14,2,0.056,0.004,20.14,técnico
symmetric,14,2,0.056,0.004,20.14,técnico
drag,14,2,0.056,0.004,20.14,técnico
descent,14,2,0.056,0.004,20.14,técnico
ion,14,2,0.056,0.004,20.14,técnico
naive,14,2,0.056,0.004,20.14,técnico
proliferation,6,57,0.024,0.116,20.11,crítico
reproduction,6,57,0.024,0.116,20.11,crítico
staff,7,61,0.028,0.124,20.1,crítico
change,141,425,0.565,0.861,20.04,crítico
oriented,41,168,0.164,0.341,20.02,crítico
gated,12,1,0.048,0.002,19.96,técnico
watermarking,12,1,0.048,0.002,19.96,técnico
hash,12,1,0.048,0.002,19.96,técnico
connected,97,101,0.389,0.205,19.96,técnico
smp,12,1,0.048,0.002,19.96,técnico
automobile,12,1,0.048,0.002,19.96,técnico
merge,12,1,0.048,0.002,19.96,técnico
handled,12,1,0.048,0.002,19.96,técnico
vanishing,12,1,0.048,0.002,19.96,técnico
tomography,12,1,0.048,0.002,19.96,técnico
polar,12,1,0.048,0.002,19.96,técnico
attacker,12,1,0.048,0.002,19.96,técnico
doppler,12,1,0.048,0.002,19.96,técnico
noises,12,1,0.048,0.002,19.96,técnico
lasso,12,1,0.048,0.002,19.96,técnico
contain,39,25,0.156,0.051,19.95,técnico
wall,17,4,0.068,0.008,19.93,técnico
currents,17,4,0.068,0.008,19.93,técnico
equity,4,48,0.016,0.097,19.8,crítico
genre,4,48,0.016,0.097,19.8,crítico
criminal,4,48,0.016,0.097,19.8,crítico
reproduce,4,48,0.016,0.097,19.8,crítico
distillation,22,8,0.088,0.016,19.77,técnico
maintenance,84,83,0.337,0.168,19.76,técnico
heterogeneous,76,72,0.305,0.146,19.74,técnico
df,9,0,0.036,0.0,19.65,técnico
lattice,9,0,0.036,0.0,19.65,técnico
khz,9,0,0.036,0.0,19.65,técnico
unbalance,9,0,0.036,0.0,19.65,técnico
sacrificing,9,0,0.036,0.0,19.65,técnico
mw,9,0,0.036,0.0,19.65,técnico
realtime,9,0,0.036,0.0,19.65,técnico
smoother,9,0,0.036,0.0,19.65,técnico
estimators,9,0,0.036,0.0,19.65,técnico
centroid,9,0,0.036,0.0,19.65,técnico
retraining,9,0,0.036,0.0,19.65,técnico
gpr,9,0,0.036,0.0,19.65,técnico
payload,9,0,0.036,0.0,19.65,técnico
multiclass,9,0,0.036,0.0,19.65,técnico
photonic,9,0,0.036,0.0,19.65,técnico
trainable,9,0,0.036,0.0,19.65,técnico
milling,9,0,0.036,0.0,19.65,técnico
reconfigurable,9,0,0.036,0.0,19.65,técnico
crf,9,0,0.036,0.0,19.65,técnico
affine,9,0,0.036,0.0,19.65,técnico
kappa,9,0,0.036,0.0,19.65,técnico
wsn,9,0,0.036,0.0,19.65,técnico
priors,9,0,0.036,0.0,19.65,técnico
asymptotically,9,0,0.036,0.0,19.65,técnico
quadcopter,9,0,0.036,0.0,19.65,técnico
fem,9,0,0.036,0.0,19.65,técnico
softmax,9,0,0.036,0.0,19.65,técnico
occlusions,9,0,0.036,0.0,19.65,técnico
cube,9,0,0.036,0.0,19.65,técnico
spectra,9,0,0.036,0.0,19.65,técnico
optimally,9,0,0.036,0.0,19.65,técnico
tampering,9,0,0.036,0.0,19.65,técnico
subsystems,9,0,0.036,0.0,19.65,técnico
ofdm,9,0,0.036,0.0,19.65,técnico
materially,0,24,0.0,0.049,19.64,crítico
dementia,0,24,0.0,0.049,19.64,crítico
invites,0,24,0.0,0.049,19.64,crítico
campaigning,0,24,0.0,0.049,19.64,crítico
calculative,0,24,0.0,0.049,19.64,crítico
oppression,0,24,0.0,0.049,19.64,crítico
extant,0,24,0.0,0.049,19.64,crítico
redress,0,24,0.0,0.049,19.64,crítico
gameplay,0,24,0.0,0.049,19.64,crítico
eudaimonic,0,24,0.0,0.049,19.64,crítico
theorists,0,24,0.0,0.049,19.64,crítico
perpetuate,0,24,0.0,0.049,19.64,crítico
folk,0,24,0.0,0.049,19.64,crítico
substantive,0,24,0.0,0.049,19.64,crítico
publishers,0,24,0.0,0.049,19.64,crítico
teens,0,24,0.0,0.049,19.64,crítico
emotionally,0,24,0.0,0.049,19.64,crítico
technologists,0,24,0.0,0.049,19.64,crítico
discriminatory,0,24,0.0,0.049,19.64,crítico
transgender,0,24,0.0,0.049,19.64,crítico
afforded,0,24,0.0,0.049,19.64,crítico
scams,0,24,0.0,0.049,19.64,crítico
repertoire,0,24,0.0,0.049,19.64,crítico
strong,111,122,0.445,0.247,19.62,técnico
proper,36,22,0.144,0.045,19.59,técnico
differs,2,38,0.008,0.077,19.58,crítico
expose,2,38,0.008,0.077,19.58,crítico
adult,5,52,0.02,0.105,19.58,crítico
interrelated,2,38,0.008,0.077,19.58,crítico
organize,2,38,0.008,0.077,19.58,crítico
psychology,3,43,0.012,0.087,19.55,crítico
nations,3,43,0.012,0.087,19.55,crítico
poor,48,36,0.192,0.073,19.5,técnico
realm,6,56,0.024,0.114,19.49,crítico
ownership,6,56,0.024,0.114,19.49,crítico
oil,35,21,0.14,0.043,19.49,técnico
civil,17,95,0.068,0.193,19.46,crítico
promise,25,120,0.1,0.243,19.44,crítico
highlighting,25,120,0.1,0.243,19.44,crítico
bots,1,32,0.004,0.065,19.4,crítico
begun,1,32,0.004,0.065,19.4,crítico
desires,1,32,0.004,0.065,19.4,crítico
avatar,1,32,0.004,0.065,19.4,crítico
volunteer,1,32,0.004,0.065,19.4,crítico
divided,34,20,0.136,0.041,19.39,técnico
earth,12,78,0.048,0.158,19.33,crítico
owing,18,5,0.072,0.01,19.3,técnico
steps,62,54,0.249,0.109,19.26,técnico
characterization,25,11,0.1,0.022,19.25,técnico
estimates,32,18,0.128,0.036,19.24,técnico
interaction,113,353,0.453,0.716,19.21,crítico
external,89,91,0.357,0.184,19.21,técnico
semantics,26,12,0.104,0.024,19.17,técnico
coordinate,26,12,0.104,0.024,19.17,técnico
outlines,4,47,0.016,0.095,19.14,crítico
academia,4,47,0.016,0.095,19.14,crítico
selecting,27,13,0.108,0.026,19.13,técnico
car,30,16,0.12,0.032,19.13,técnico
blur,27,13,0.108,0.026,19.13,técnico
front,28,14,0.112,0.028,19.11,técnico
stream,28,14,0.112,0.028,19.11,técnico
item,28,14,0.112,0.028,19.11,técnico
instantaneous,15,3,0.06,0.006,18.98,técnico
printing,15,3,0.06,0.006,18.98,técnico
shallow,15,3,0.06,0.006,18.98,técnico
packet,15,3,0.06,0.006,18.98,técnico
fc,15,3,0.06,0.006,18.98,técnico
solves,15,3,0.06,0.006,18.98,técnico
utilize,45,33,0.18,0.067,18.95,técnico
collections,5,51,0.02,0.103,18.94,crítico
feeling,5,51,0.02,0.103,18.94,crítico
ranking,39,26,0.156,0.053,18.91,técnico
apparatus,3,42,0.012,0.085,18.87,crítico
gai,2,37,0.008,0.075,18.86,crítico
collaborations,2,37,0.008,0.075,18.86,crítico
sweden,2,37,0.008,0.075,18.86,crítico
fringe,19,6,0.076,0.012,18.83,técnico
hiding,19,6,0.076,0.012,18.83,técnico
biomedicine,0,23,0.0,0.047,18.82,crítico
methodologically,0,23,0.0,0.047,18.82,crítico
educated,0,23,0.0,0.047,18.82,crítico
plurality,0,23,0.0,0.047,18.82,crítico
masculine,0,23,0.0,0.047,18.82,crítico
snowden,0,23,0.0,0.047,18.82,crítico
muslims,0,23,0.0,0.047,18.82,crítico
institutionalized,0,23,0.0,0.047,18.82,crítico
donors,0,23,0.0,0.047,18.82,crítico
imperatives,0,23,0.0,0.047,18.82,crítico
responded,0,23,0.0,0.047,18.82,crítico
replika,0,23,0.0,0.047,18.82,crítico
stratification,0,23,0.0,0.047,18.82,crítico
empowering,0,23,0.0,0.047,18.82,crítico
unpacking,0,23,0.0,0.047,18.82,crítico
avoid,69,64,0.277,0.13,18.79,técnico
driven,149,439,0.598,0.89,18.75,crítico
centred,1,31,0.004,0.063,18.65,crítico
prominence,1,31,0.004,0.063,18.65,crítico
likes,1,31,0.004,0.063,18.65,crítico
intra,37,24,0.148,0.049,18.63,técnico
symbolic,16,90,0.064,0.182,18.6,crítico
basis,100,108,0.401,0.219,18.6,técnico
panel,13,80,0.052,0.162,18.58,crítico
unified,36,23,0.144,0.047,18.5,técnico
metadata,4,46,0.016,0.093,18.49,crítico
entails,4,46,0.016,0.093,18.49,crítico
ml,112,126,0.449,0.255,18.45,técnico
found,126,382,0.505,0.774,18.45,crítico
analyzed,122,141,0.489,0.286,18.44,técnico
potentially,34,144,0.136,0.292,18.42,crítico
explicit,14,83,0.056,0.168,18.4,crítico
prove,35,22,0.14,0.045,18.37,técnico
swedish,5,50,0.02,0.101,18.31,crítico
positions,19,99,0.076,0.201,18.31,crítico
artistic,5,50,0.02,0.101,18.31,crítico
rates,54,45,0.217,0.091,18.27,técnico
moments,10,69,0.04,0.14,18.27,crítico
india,10,69,0.04,0.14,18.27,crítico
derive,41,29,0.164,0.059,18.25,técnico
hole,13,2,0.052,0.004,18.23,técnico
branches,13,2,0.052,0.004,18.23,técnico
nominal,13,2,0.052,0.004,18.23,técnico
manually,21,8,0.084,0.016,18.22,técnico
pca,21,8,0.084,0.016,18.22,técnico
alleviate,21,8,0.084,0.016,18.22,técnico
integrating,72,69,0.289,0.14,18.21,técnico
fake,21,105,0.084,0.213,18.21,crítico
producers,3,41,0.012,0.083,18.19,crítico
familiar,3,41,0.012,0.083,18.19,crítico
door,16,4,0.064,0.008,18.18,técnico
intervals,16,4,0.064,0.008,18.18,técnico
intensified,2,36,0.008,0.073,18.15,crítico
distinctions,2,36,0.008,0.073,18.15,crítico
justify,2,36,0.008,0.073,18.15,crítico
connections,23,111,0.092,0.225,18.15,crítico
farming,2,36,0.008,0.073,18.15,crítico
technoscience,2,36,0.008,0.073,18.15,crítico
recovery,33,20,0.132,0.041,18.14,técnico
designers,16,89,0.064,0.18,18.11,crítico
encounter,9,65,0.036,0.132,18.05,crítico
interoperability,9,65,0.036,0.132,18.05,crítico
exploits,22,9,0.088,0.018,18.03,técnico
keyword,22,9,0.088,0.018,18.03,técnico
along,110,124,0.441,0.251,18.01,técnico
mediatization,0,22,0.0,0.045,18.0,crítico
twentieth,0,22,0.0,0.045,18.0,crítico
intergenerational,0,22,0.0,0.045,18.0,crítico
interpretative,0,22,0.0,0.045,18.0,crítico
kinship,0,22,0.0,0.045,18.0,crítico
enacting,0,22,0.0,0.045,18.0,crítico
embody,0,22,0.0,0.045,18.0,crítico
personalisation,0,22,0.0,0.045,18.0,crítico
spectacle,0,22,0.0,0.045,18.0,crítico
centres,0,22,0.0,0.045,18.0,crítico
anthropomorphism,0,22,0.0,0.045,18.0,crítico
reparation,0,22,0.0,0.045,18.0,crítico
trolling,0,22,0.0,0.045,18.0,crítico
hopes,0,22,0.0,0.045,18.0,crítico
immigrants,0,22,0.0,0.045,18.0,crítico
articulations,0,22,0.0,0.045,18.0,crítico
determinism,0,22,0.0,0.045,18.0,crítico
soldiers,0,22,0.0,0.045,18.0,crítico
documentary,0,22,0.0,0.045,18.0,crítico
bereal,0,22,0.0,0.045,18.0,crítico
implicated,0,22,0.0,0.045,18.0,crítico
aftermath,0,22,0.0,0.045,18.0,crítico
paradoxically,0,22,0.0,0.045,18.0,crítico
epidemiological,0,22,0.0,0.045,18.0,crítico
metaphorical,0,22,0.0,0.045,18.0,crítico
nationalism,0,22,0.0,0.045,18.0,crítico
hostility,0,22,0.0,0.045,18.0,crítico
specificities,0,22,0.0,0.045,18.0,crítico
chemicals,0,22,0.0,0.045,18.0,crítico
expanding,11,72,0.044,0.146,17.99,crítico
thresholding,11,1,0.044,0.002,17.95,técnico
petri,11,1,0.044,0.002,17.95,técnico
altitude,11,1,0.044,0.002,17.95,técnico
maximization,11,1,0.044,0.002,17.95,técnico
compositional,11,1,0.044,0.002,17.95,técnico
smoothness,11,1,0.044,0.002,17.95,técnico
mi,23,10,0.092,0.02,17.9,técnico
bridges,23,10,0.092,0.02,17.9,técnico
anthropological,1,30,0.004,0.061,17.89,crítico
genome,1,30,0.004,0.061,17.89,crítico
authoritative,1,30,0.004,0.061,17.89,crítico
mainly,59,52,0.237,0.105,17.89,técnico
unfolds,1,30,0.004,0.061,17.89,crítico
york,1,30,0.004,0.061,17.89,crítico
overarching,1,30,0.004,0.061,17.89,crítico
beauty,1,30,0.004,0.061,17.89,crítico
violent,1,30,0.004,0.061,17.89,crítico
avatars,1,30,0.004,0.061,17.89,crítico
proven,30,17,0.12,0.034,17.88,técnico
brand,4,45,0.016,0.091,17.84,crítico
instance,52,43,0.209,0.087,17.84,técnico
geographic,4,45,0.016,0.091,17.84,crítico
peers,4,45,0.016,0.091,17.84,crítico
analytics,30,131,0.12,0.266,17.83,crítico
exhibit,29,16,0.116,0.032,17.82,técnico
calculations,24,11,0.096,0.022,17.81,técnico
built,92,98,0.369,0.199,17.79,técnico
considering,115,132,0.461,0.268,17.78,técnico
concluded,25,12,0.1,0.024,17.76,técnico
occurrence,27,14,0.108,0.028,17.75,técnico
neutral,15,85,0.06,0.172,17.75,crítico
fewer,27,14,0.108,0.028,17.75,técnico
believe,7,57,0.028,0.116,17.73,crítico
evolutionary,43,32,0.172,0.065,17.69,técnico
beings,5,49,0.02,0.099,17.69,crítico
costs,58,51,0.233,0.103,17.67,técnico
python,17,5,0.068,0.01,17.62,técnico
autonomously,17,5,0.068,0.01,17.62,técnico
saving,17,5,0.068,0.01,17.62,técnico
frame,112,128,0.449,0.259,17.56,técnico
resource,112,128,0.449,0.259,17.56,técnico
third,53,194,0.213,0.393,17.56,crítico
look,13,78,0.052,0.158,17.55,crítico
fan,3,40,0.012,0.081,17.51,crítico
equitable,3,40,0.012,0.081,17.51,crítico
paradox,9,64,0.036,0.13,17.49,crítico
optima,8,0,0.032,0.0,17.46,técnico
multiobjective,8,0,0.032,0.0,17.46,técnico
pq,8,0,0.032,0.0,17.46,técnico
polymer,8,0,0.032,0.0,17.46,técnico
jpeg,8,0,0.032,0.0,17.46,técnico
shap,8,0,0.032,0.0,17.46,técnico
piecewise,8,0,0.032,0.0,17.46,técnico
warping,8,0,0.032,0.0,17.46,técnico
polarity,8,0,0.032,0.0,17.46,técnico
hil,8,0,0.032,0.0,17.46,técnico
correspondences,8,0,0.032,0.0,17.46,técnico
kitti,8,0,0.032,0.0,17.46,técnico
accelerometers,8,0,0.032,0.0,17.46,técnico
lmi,8,0,0.032,0.0,17.46,técnico
integrator,8,0,0.032,0.0,17.46,técnico
discriminant,8,0,0.032,0.0,17.46,técnico
cbir,8,0,0.032,0.0,17.46,técnico
ros,8,0,0.032,0.0,17.46,técnico
generalizes,8,0,0.032,0.0,17.46,técnico
brake,8,0,0.032,0.0,17.46,técnico
rig,8,0,0.032,0.0,17.46,técnico
ber,8,0,0.032,0.0,17.46,técnico
peaks,8,0,0.032,0.0,17.46,técnico
convolutions,8,0,0.032,0.0,17.46,técnico
compensator,8,0,0.032,0.0,17.46,técnico
multiplexing,8,0,0.032,0.0,17.46,técnico
sa,8,0,0.032,0.0,17.46,técnico
capacitors,8,0,0.032,0.0,17.46,técnico
synaptic,8,0,0.032,0.0,17.46,técnico
fft,8,0,0.032,0.0,17.46,técnico
italic,8,0,0.032,0.0,17.46,técnico
reverberation,8,0,0.032,0.0,17.46,técnico
mape,8,0,0.032,0.0,17.46,técnico
res,8,0,0.032,0.0,17.46,técnico
realizes,8,0,0.032,0.0,17.46,técnico
converges,8,0,0.032,0.0,17.46,técnico
obviously,8,0,0.032,0.0,17.46,técnico
digitization,2,35,0.008,0.071,17.44,crítico
commission,2,35,0.008,0.071,17.44,crítico
sheds,2,35,0.008,0.071,17.44,crítico
statements,2,35,0.008,0.071,17.44,crítico
published,30,130,0.12,0.264,17.42,crítico
cross,161,204,0.646,0.414,17.42,técnico
tension,19,97,0.076,0.197,17.39,crítico
satisfaction,14,81,0.056,0.164,17.39,crítico
smaller,35,23,0.14,0.047,17.31,técnico
rapid,92,99,0.369,0.201,17.29,técnico
recommendations,25,115,0.1,0.233,17.28,crítico
movements,34,141,0.136,0.286,17.25,crítico
emission,18,6,0.072,0.012,17.21,técnico
manifold,18,6,0.072,0.012,17.21,técnico
suppress,18,6,0.072,0.012,17.21,técnico
offloading,18,6,0.072,0.012,17.21,técnico
interdependence,0,21,0.0,0.043,17.18,crítico
roots,0,21,0.0,0.043,17.18,crítico
premises,0,21,0.0,0.043,17.18,crítico
subreddit,0,21,0.0,0.043,17.18,crítico
subjectivities,0,21,0.0,0.043,17.18,crítico
privileged,0,21,0.0,0.043,17.18,crítico
marginalization,0,21,0.0,0.043,17.18,crítico
enduring,0,21,0.0,0.043,17.18,crítico
masculinity,0,21,0.0,0.043,17.18,crítico
materialist,0,21,0.0,0.043,17.18,crítico
curiosity,0,21,0.0,0.043,17.18,crítico
debated,0,21,0.0,0.043,17.18,crítico
communal,0,21,0.0,0.043,17.18,crítico
neo,0,21,0.0,0.043,17.18,crítico
modernity,0,21,0.0,0.043,17.18,crítico
entail,0,21,0.0,0.043,17.18,crítico
uncovers,0,21,0.0,0.043,17.18,crítico
distinguishes,0,21,0.0,0.043,17.18,crítico
promotional,0,21,0.0,0.043,17.18,crítico
ecologies,0,21,0.0,0.043,17.18,crítico
objectification,0,21,0.0,0.043,17.18,crítico
dct,14,3,0.056,0.006,17.17,técnico
coarse,14,3,0.056,0.006,17.17,técnico
inaccuracy,14,3,0.056,0.006,17.17,técnico
tags,14,3,0.056,0.006,17.17,técnico
simplicity,14,3,0.056,0.006,17.17,técnico
embrace,1,29,0.004,0.059,17.14,crítico
careers,1,29,0.004,0.059,17.14,crítico
morality,1,29,0.004,0.059,17.14,crítico
lifestyle,1,29,0.004,0.059,17.14,crítico
love,1,29,0.004,0.059,17.14,crítico
dashboards,1,29,0.004,0.059,17.14,crítico
legislative,1,29,0.004,0.059,17.14,crítico
alike,1,29,0.004,0.059,17.14,crítico
predictive,104,117,0.417,0.237,17.13,técnico
organizing,5,48,0.02,0.097,17.07,crítico
belonging,6,52,0.024,0.105,17.06,crítico
managers,6,52,0.024,0.105,17.06,crítico
english,64,60,0.257,0.122,17.02,técnico
robots,197,263,0.79,0.533,17.0,técnico
versus,11,70,0.044,0.142,16.93,crítico
supervision,19,7,0.076,0.014,16.91,técnico
move,27,120,0.108,0.243,16.9,crítico
development,357,909,1.432,1.843,16.89,crítico
turned,3,39,0.012,0.079,16.84,crítico
france,3,39,0.012,0.079,16.84,crítico
inequality,15,83,0.06,0.168,16.77,crítico
rethink,2,34,0.008,0.069,16.74,crítico
conscious,2,34,0.008,0.069,16.74,crítico
acknowledge,2,34,0.008,0.069,16.74,crítico
comprehensive,98,109,0.393,0.221,16.72,técnico
fabrication,20,8,0.08,0.016,16.7,técnico
auto,20,8,0.08,0.016,16.7,técnico
gray,20,8,0.08,0.016,16.7,técnico
cognitive,57,202,0.229,0.409,16.7,crítico
correctness,20,8,0.08,0.016,16.7,técnico
exponential,20,8,0.08,0.016,16.7,técnico
counting,20,8,0.08,0.016,16.7,técnico
composed,30,18,0.12,0.036,16.7,técnico
calculating,20,8,0.08,0.016,16.7,técnico
popular,67,228,0.269,0.462,16.69,crítico
protect,10,66,0.04,0.134,16.64,crítico
learned,42,32,0.168,0.065,16.63,técnico
equation,37,26,0.148,0.053,16.63,técnico
remains,59,207,0.237,0.42,16.62,crítico
standards,30,128,0.12,0.259,16.62,crítico
get,53,46,0.213,0.093,16.58,técnico
penetration,21,9,0.084,0.018,16.55,técnico
never,4,43,0.016,0.087,16.55,crítico
continue,13,76,0.052,0.154,16.54,crítico
limited,165,213,0.662,0.432,16.53,técnico
segments,28,16,0.112,0.032,16.53,técnico
reasonable,28,16,0.112,0.032,16.53,técnico
person,43,164,0.172,0.332,16.52,crítico
describe,63,217,0.253,0.44,16.49,crítico
japan,6,51,0.024,0.103,16.46,crítico
heating,15,4,0.06,0.008,16.46,técnico
backward,15,4,0.06,0.008,16.46,técnico
metrics,105,120,0.421,0.243,16.46,técnico
installed,15,4,0.06,0.008,16.46,técnico
faulty,15,4,0.06,0.008,16.46,técnico
encourage,6,51,0.024,0.103,16.46,crítico
ci,15,4,0.06,0.008,16.46,técnico
roman,15,4,0.06,0.008,16.46,técnico
deals,27,15,0.108,0.03,16.46,técnico
squares,15,4,0.06,0.008,16.46,técnico
adam,15,4,0.06,0.008,16.46,técnico
charge,22,10,0.088,0.02,16.45,técnico
explaining,5,47,0.02,0.095,16.45,crítico
predominantly,5,47,0.02,0.095,16.45,crítico
liability,5,47,0.02,0.095,16.45,crítico
readers,5,47,0.02,0.095,16.45,crítico
authorities,5,47,0.02,0.095,16.45,crítico
reports,25,113,0.1,0.229,16.44,crítico
yields,26,14,0.104,0.028,16.41,técnico
reflecting,11,69,0.044,0.14,16.4,crítico
wellbeing,1,28,0.004,0.057,16.39,crítico
anonymous,1,28,0.004,0.057,16.39,crítico
blogs,1,28,0.004,0.057,16.39,crítico
motives,1,28,0.004,0.057,16.39,crítico
mutually,1,28,0.004,0.057,16.39,crítico
pursuing,1,28,0.004,0.057,16.39,crítico
obligation,1,28,0.004,0.057,16.39,crítico
undermining,1,28,0.004,0.057,16.39,crítico
autism,1,28,0.004,0.057,16.39,crítico
recurring,1,28,0.004,0.057,16.39,crítico
projection,24,12,0.096,0.024,16.38,técnico
portrayals,0,20,0.0,0.041,16.36,crítico
divisions,0,20,0.0,0.041,16.36,crítico
cybernetic,0,20,0.0,0.041,16.36,crítico
mediators,0,20,0.0,0.041,16.36,crítico
normativity,0,20,0.0,0.041,16.36,crítico
shame,0,20,0.0,0.041,16.36,crítico
polarized,0,20,0.0,0.041,16.36,crítico
hermeneutic,0,20,0.0,0.041,16.36,crítico
speculation,0,20,0.0,0.041,16.36,crítico
periphery,0,20,0.0,0.041,16.36,crítico
imagining,0,20,0.0,0.041,16.36,crítico
playful,0,20,0.0,0.041,16.36,crítico
ethos,0,20,0.0,0.041,16.36,crítico
twinning,0,20,0.0,0.041,16.36,crítico
threatens,0,20,0.0,0.041,16.36,crítico
biotechnology,0,20,0.0,0.041,16.36,crítico
explicate,0,20,0.0,0.041,16.36,crítico
subcultural,0,20,0.0,0.041,16.36,crítico
optimism,0,20,0.0,0.041,16.36,crítico
marketplace,0,20,0.0,0.041,16.36,crítico
distress,0,20,0.0,0.041,16.36,crítico
alterity,0,20,0.0,0.041,16.36,crítico
wellness,0,20,0.0,0.041,16.36,crítico
brands,0,20,0.0,0.041,16.36,crítico
reconfigured,0,20,0.0,0.041,16.36,crítico
tumblr,0,20,0.0,0.041,16.36,crítico
hostile,0,20,0.0,0.041,16.36,crítico
gratifications,0,20,0.0,0.041,16.36,crítico
witness,0,20,0.0,0.041,16.36,crítico
misogyny,0,20,0.0,0.041,16.36,crítico
colombia,0,20,0.0,0.041,16.36,crítico
apple,0,20,0.0,0.041,16.36,crítico
enactments,0,20,0.0,0.041,16.36,crítico
researches,12,2,0.048,0.004,16.35,técnico
accelerators,12,2,0.048,0.004,16.35,técnico
simpler,12,2,0.048,0.004,16.35,técnico
stacked,12,2,0.048,0.004,16.35,técnico
retrieve,12,2,0.048,0.004,16.35,técnico
appliances,12,2,0.048,0.004,16.35,técnico
bending,12,2,0.048,0.004,16.35,técnico
swing,12,2,0.048,0.004,16.35,técnico
pretrained,12,2,0.048,0.004,16.35,técnico
selects,12,2,0.048,0.004,16.35,técnico
particles,12,2,0.048,0.004,16.35,técnico
introduces,110,128,0.441,0.259,16.26,técnico
competitive,40,30,0.16,0.061,16.25,técnico
generating,66,64,0.265,0.13,16.24,técnico
directly,85,91,0.341,0.184,16.21,técnico
nor,12,72,0.048,0.146,16.2,crítico
brings,12,72,0.048,0.146,16.2,crítico
academics,3,38,0.012,0.077,16.17,crítico
skills,55,195,0.221,0.395,16.14,crítico
value,225,605,0.902,1.226,16.13,crítico
twin,10,65,0.04,0.132,16.11,crítico
divide,13,75,0.052,0.152,16.04,crítico
reshape,2,33,0.008,0.067,16.03,crítico
ethnicity,2,33,0.008,0.067,16.03,crítico
obscure,2,33,0.008,0.067,16.03,crítico
phenomenological,2,33,0.008,0.067,16.03,crítico
favor,2,33,0.008,0.067,16.03,crítico
spain,2,33,0.008,0.067,16.03,crítico
partly,2,33,0.008,0.067,16.03,crítico
captured,43,34,0.172,0.069,15.99,técnico
cyber,43,34,0.172,0.069,15.99,técnico
suggestions,7,54,0.028,0.109,15.99,crítico
consumer,22,103,0.088,0.209,15.98,crítico
quantities,16,5,0.064,0.01,15.96,técnico
command,16,5,0.064,0.01,15.96,técnico
offset,16,5,0.064,0.01,15.96,técnico
grasping,16,5,0.064,0.01,15.96,técnico
wire,10,1,0.04,0.002,15.94,técnico
multiagent,10,1,0.04,0.002,15.94,técnico
lr,10,1,0.04,0.002,15.94,técnico
minimizes,10,1,0.04,0.002,15.94,técnico
solver,10,1,0.04,0.002,15.94,técnico
maximal,10,1,0.04,0.002,15.94,técnico
fractal,10,1,0.04,0.002,15.94,técnico
emf,10,1,0.04,0.002,15.94,técnico
ventilation,10,1,0.04,0.002,15.94,técnico
implements,10,1,0.04,0.002,15.94,técnico
transferability,10,1,0.04,0.002,15.94,técnico
gear,10,1,0.04,0.002,15.94,técnico
respiratory,10,1,0.04,0.002,15.94,técnico
randomness,10,1,0.04,0.002,15.94,técnico
colors,10,1,0.04,0.002,15.94,técnico
anns,10,1,0.04,0.002,15.94,técnico
pt,10,1,0.04,0.002,15.94,técnico
aerospace,10,1,0.04,0.002,15.94,técnico
signature,10,1,0.04,0.002,15.94,técnico
partial,50,43,0.201,0.087,15.92,técnico
advice,4,42,0.016,0.085,15.91,crítico
comes,14,78,0.056,0.158,15.91,crítico
assistants,4,42,0.016,0.085,15.91,crítico
diseases,32,21,0.128,0.043,15.86,técnico
held,9,61,0.036,0.124,15.84,crítico
assessments,9,61,0.036,0.124,15.84,crítico
specific,195,534,0.782,1.082,15.83,crítico
workplace,5,46,0.02,0.093,15.83,crítico
side,74,76,0.297,0.154,15.79,técnico
resistance,46,170,0.184,0.345,15.79,crítico
dignity,1,27,0.004,0.055,15.65,crítico
exert,1,27,0.004,0.055,15.65,crítico
ramifications,1,27,0.004,0.055,15.65,crítico
genomics,1,27,0.004,0.055,15.65,crítico
reframing,1,27,0.004,0.055,15.65,crítico
literary,1,27,0.004,0.055,15.65,crítico
court,1,27,0.004,0.055,15.65,crítico
detects,17,6,0.068,0.012,15.61,técnico
predefined,17,6,0.068,0.012,15.61,técnico
distorted,17,6,0.068,0.012,15.61,técnico
hot,17,6,0.068,0.012,15.61,técnico
decoupled,17,6,0.068,0.012,15.61,técnico
molecules,17,6,0.068,0.012,15.61,técnico
diagnose,17,6,0.068,0.012,15.61,técnico
xr,17,6,0.068,0.012,15.61,técnico
pre,122,148,0.489,0.3,15.6,técnico
financial,32,131,0.128,0.266,15.58,crítico
actual,80,85,0.321,0.172,15.58,técnico
appropriate,73,75,0.293,0.152,15.56,técnico
developments,23,105,0.092,0.213,15.56,crítico
conceptualise,0,19,0.0,0.039,15.55,crítico
privileging,0,19,0.0,0.039,15.55,crítico
practiced,0,19,0.0,0.039,15.55,crítico
emoji,0,19,0.0,0.039,15.55,crítico
pluralistic,0,19,0.0,0.039,15.55,crítico
bystander,0,19,0.0,0.039,15.55,crítico
commenters,0,19,0.0,0.039,15.55,crítico
problematize,0,19,0.0,0.039,15.55,crítico
platformisation,0,19,0.0,0.039,15.55,crítico
mindful,0,19,0.0,0.039,15.55,crítico
legible,0,19,0.0,0.039,15.55,crítico
pragmatist,0,19,0.0,0.039,15.55,crítico
democrats,0,19,0.0,0.039,15.55,crítico
pillars,0,19,0.0,0.039,15.55,crítico
gamer,0,19,0.0,0.039,15.55,crítico
sovereign,0,19,0.0,0.039,15.55,crítico
chilling,0,19,0.0,0.039,15.55,crítico
debunking,0,19,0.0,0.039,15.55,crítico
tinder,0,19,0.0,0.039,15.55,crítico
reproduces,0,19,0.0,0.039,15.55,crítico
arenas,0,19,0.0,0.039,15.55,crítico
mediates,0,19,0.0,0.039,15.55,crítico
exclusionary,0,19,0.0,0.039,15.55,crítico
phenomenology,0,19,0.0,0.039,15.55,crítico
weibo,0,19,0.0,0.039,15.55,crítico
cyborg,0,19,0.0,0.039,15.55,crítico
advocating,0,19,0.0,0.039,15.55,crítico
museums,0,19,0.0,0.039,15.55,crítico
wechat,0,19,0.0,0.039,15.55,crítico
memories,0,19,0.0,0.039,15.55,crítico
exemplify,0,19,0.0,0.039,15.55,crítico
sponsored,0,19,0.0,0.039,15.55,crítico
operationalized,0,19,0.0,0.039,15.55,crítico
chile,0,19,0.0,0.039,15.55,crítico
bubbles,0,19,0.0,0.039,15.55,crítico
psychiatry,0,19,0.0,0.039,15.55,crítico
theorized,0,19,0.0,0.039,15.55,crítico
fandom,0,19,0.0,0.039,15.55,crítico
informing,0,19,0.0,0.039,15.55,crítico
aversion,0,19,0.0,0.039,15.55,crítico
fitspiration,0,19,0.0,0.039,15.55,crítico
contextualize,0,19,0.0,0.039,15.55,crítico
bloggers,0,19,0.0,0.039,15.55,crítico
biopolitics,0,19,0.0,0.039,15.55,crítico
aggression,0,19,0.0,0.039,15.55,crítico
technocratic,0,19,0.0,0.039,15.55,crítico
conceived,3,37,0.012,0.075,15.51,crítico
granted,3,37,0.012,0.075,15.51,crítico
activities,84,267,0.337,0.541,15.51,crítico
blood,29,18,0.116,0.036,15.47,técnico
he,7,53,0.028,0.107,15.42,crítico
combining,88,97,0.353,0.197,15.42,técnico
herein,13,3,0.052,0.006,15.39,técnico
saliency,13,3,0.052,0.006,15.39,técnico
execute,13,3,0.052,0.006,15.39,técnico
clouds,13,3,0.052,0.006,15.39,técnico
consecutive,13,3,0.052,0.006,15.39,técnico
versatile,13,3,0.052,0.006,15.39,técnico
des,13,3,0.052,0.006,15.39,técnico
achievable,13,3,0.052,0.006,15.39,técnico
patches,13,3,0.052,0.006,15.39,técnico
conditioning,13,3,0.052,0.006,15.39,técnico
id,18,7,0.072,0.014,15.37,técnico
drawbacks,18,7,0.072,0.014,15.37,técnico
causing,18,7,0.072,0.014,15.37,técnico
inertia,18,7,0.072,0.014,15.37,técnico
simulating,18,7,0.072,0.014,15.37,técnico
dictionary,18,7,0.072,0.014,15.37,técnico
citation,18,7,0.072,0.014,15.37,técnico
approximately,28,17,0.112,0.034,15.36,técnico
heuristic,62,60,0.249,0.122,15.33,técnico
march,2,32,0.008,0.065,15.33,crítico
payment,2,32,0.008,0.065,15.33,crítico
seekers,2,32,0.008,0.065,15.33,crítico
mis,2,32,0.008,0.065,15.33,crítico
underpin,2,32,0.008,0.065,15.33,crítico
felt,2,32,0.008,0.065,15.33,crítico
differ,9,60,0.036,0.122,15.3,crítico
innovations,9,60,0.036,0.122,15.3,crítico
merely,9,60,0.036,0.122,15.3,crítico
lots,7,0,0.028,0.0,15.28,técnico
drifts,7,0,0.028,0.0,15.28,técnico
multiplicative,7,0,0.028,0.0,15.28,técnico
takagi,7,0,0.028,0.0,15.28,técnico
sdn,7,0,0.028,0.0,15.28,técnico
relu,7,0,0.028,0.0,15.28,técnico
screw,7,0,0.028,0.0,15.28,técnico
sma,7,0,0.028,0.0,15.28,técnico
heading,7,0,0.028,0.0,15.28,técnico
clamped,7,0,0.028,0.0,15.28,técnico
voxel,7,0,0.028,0.0,15.28,técnico
photoacoustic,7,0,0.028,0.0,15.28,técnico
waveforms,7,0,0.028,0.0,15.28,técnico
textural,7,0,0.028,0.0,15.28,técnico
logarithmic,7,0,0.028,0.0,15.28,técnico
reservoir,7,0,0.028,0.0,15.28,técnico
compensating,7,0,0.028,0.0,15.28,técnico
cryptographic,7,0,0.028,0.0,15.28,técnico
metallic,7,0,0.028,0.0,15.28,técnico
sugeno,7,0,0.028,0.0,15.28,técnico
io,7,0,0.028,0.0,15.28,técnico
yolo,7,0,0.028,0.0,15.28,técnico
rnns,7,0,0.028,0.0,15.28,técnico
parametrization,7,0,0.028,0.0,15.28,técnico
negeri,7,0,0.028,0.0,15.28,técnico
injecting,7,0,0.028,0.0,15.28,técnico
intel,7,0,0.028,0.0,15.28,técnico
microwave,7,0,0.028,0.0,15.28,técnico
vis,6,49,0.024,0.099,15.28,crítico
euler,7,0,0.028,0.0,15.28,técnico
sensorless,7,0,0.028,0.0,15.28,técnico
tensile,7,0,0.028,0.0,15.28,técnico
neck,7,0,0.028,0.0,15.28,técnico
asking,4,41,0.016,0.083,15.28,crítico
bandpass,7,0,0.028,0.0,15.28,técnico
partitioned,7,0,0.028,0.0,15.28,técnico
magnitudes,7,0,0.028,0.0,15.28,técnico
dissimilarity,7,0,0.028,0.0,15.28,técnico
sparsely,7,0,0.028,0.0,15.28,técnico
spectroscopy,7,0,0.028,0.0,15.28,técnico
prohibitive,7,0,0.028,0.0,15.28,técnico
disruptive,4,41,0.016,0.083,15.28,crítico
disambiguation,7,0,0.028,0.0,15.28,técnico
svms,7,0,0.028,0.0,15.28,técnico
nonlinearities,7,0,0.028,0.0,15.28,técnico
removes,7,0,0.028,0.0,15.28,técnico
multipath,7,0,0.028,0.0,15.28,técnico
mhz,7,0,0.028,0.0,15.28,técnico
hardness,7,0,0.028,0.0,15.28,técnico
match,27,16,0.108,0.032,15.26,técnico
employing,59,56,0.237,0.114,15.26,técnico
avoiding,27,16,0.108,0.032,15.26,técnico
street,5,45,0.02,0.091,15.22,crítico
lighting,19,8,0.076,0.016,15.2,técnico
validating,19,8,0.076,0.016,15.2,técnico
bridge,53,48,0.213,0.097,15.19,técnico
influences,12,70,0.048,0.142,15.19,crítico
already,25,110,0.1,0.223,15.19,crítico
drive,71,73,0.285,0.148,15.11,técnico
assembly,25,14,0.1,0.028,15.1,técnico
save,20,9,0.08,0.018,15.1,técnico
building,100,305,0.401,0.618,15.1,crítico
chosen,25,14,0.1,0.028,15.1,técnico
inaccurate,20,9,0.08,0.018,15.1,técnico
horizontal,20,9,0.08,0.018,15.1,técnico
theme,8,56,0.032,0.114,15.05,crítico
remarkable,24,13,0.096,0.026,15.05,técnico
suppression,24,13,0.096,0.026,15.05,técnico
informative,21,10,0.084,0.02,15.04,técnico
aided,21,10,0.084,0.02,15.04,técnico
secret,21,10,0.084,0.02,15.04,técnico
assignment,21,10,0.084,0.02,15.04,técnico
views,34,135,0.136,0.274,14.98,crítico
preserving,42,34,0.168,0.069,14.98,técnico
ground,92,104,0.369,0.211,14.93,técnico
mobilizing,1,26,0.004,0.053,14.9,crítico
backdrop,1,26,0.004,0.053,14.9,crítico
depression,1,26,0.004,0.053,14.9,crítico
victims,1,26,0.004,0.053,14.9,crítico
archiving,1,26,0.004,0.053,14.9,crítico
peripheral,1,26,0.004,0.053,14.9,crítico
silence,1,26,0.004,0.053,14.9,crítico
understudied,1,26,0.004,0.053,14.9,crítico
leadership,1,26,0.004,0.053,14.9,crítico
wish,1,26,0.004,0.053,14.9,crítico
reciprocity,1,26,0.004,0.053,14.9,crítico
ontologies,1,26,0.004,0.053,14.9,crítico
relates,3,36,0.012,0.073,14.85,crítico
prompts,3,36,0.012,0.073,14.85,crítico
hope,7,52,0.028,0.105,14.85,crítico
skin,32,22,0.128,0.045,14.85,técnico
spread,26,112,0.104,0.227,14.83,crítico
dependencies,37,28,0.148,0.057,14.81,técnico
complicated,37,28,0.148,0.057,14.81,técnico
simply,16,82,0.064,0.166,14.79,crítico
indices,14,4,0.056,0.008,14.76,técnico
regulator,14,4,0.056,0.008,14.76,técnico
rough,14,4,0.056,0.008,14.76,técnico
partitioning,14,4,0.056,0.008,14.76,técnico
cosine,14,4,0.056,0.008,14.76,técnico
masked,14,4,0.056,0.008,14.76,técnico
rescue,14,4,0.056,0.008,14.76,técnico
quantity,14,4,0.056,0.008,14.76,técnico
contends,0,18,0.0,0.036,14.73,crítico
employers,0,18,0.0,0.036,14.73,crítico
injustices,0,18,0.0,0.036,14.73,crítico
legitimation,0,18,0.0,0.036,14.73,crítico
positivity,0,18,0.0,0.036,14.73,crítico
persona,0,18,0.0,0.036,14.73,crítico
nineteenth,0,18,0.0,0.036,14.73,crítico
geographies,0,18,0.0,0.036,14.73,crítico
motivating,0,18,0.0,0.036,14.73,crítico
attempting,0,18,0.0,0.036,14.73,crítico
diary,0,18,0.0,0.036,14.73,crítico
vaccination,0,18,0.0,0.036,14.73,crítico
contradiction,0,18,0.0,0.036,14.73,crítico
negativity,0,18,0.0,0.036,14.73,crítico
deceptive,0,18,0.0,0.036,14.73,crítico
extremism,0,18,0.0,0.036,14.73,crítico
emails,0,18,0.0,0.036,14.73,crítico
platformed,0,18,0.0,0.036,14.73,crítico
checkers,0,18,0.0,0.036,14.73,crítico
contesting,0,18,0.0,0.036,14.73,crítico
reforms,0,18,0.0,0.036,14.73,crítico
paradoxical,0,18,0.0,0.036,14.73,crítico
justifications,0,18,0.0,0.036,14.73,crítico
mexico,0,18,0.0,0.036,14.73,crítico
monetary,0,18,0.0,0.036,14.73,crítico
obesity,0,18,0.0,0.036,14.73,crítico
streamers,0,18,0.0,0.036,14.73,crítico
embodies,0,18,0.0,0.036,14.73,crítico
companions,0,18,0.0,0.036,14.73,crítico
institutionally,0,18,0.0,0.036,14.73,crítico
apparatuses,0,18,0.0,0.036,14.73,crítico
disputes,0,18,0.0,0.036,14.73,crítico
humour,0,18,0.0,0.036,14.73,crítico
safeguard,0,18,0.0,0.036,14.73,crítico
hybridity,0,18,0.0,0.036,14.73,crítico
rituals,0,18,0.0,0.036,14.73,crítico
collaborators,0,18,0.0,0.036,14.73,crítico
multinational,0,18,0.0,0.036,14.73,crítico
generic,31,21,0.124,0.043,14.7,técnico
slow,31,21,0.124,0.043,14.7,técnico
japanese,4,40,0.016,0.081,14.65,crítico
sound,69,71,0.277,0.144,14.65,técnico
multifaceted,2,31,0.008,0.063,14.64,crítico
misleading,2,31,0.008,0.063,14.64,crítico
representatives,2,31,0.008,0.063,14.64,crítico
friction,36,27,0.144,0.055,14.63,técnico
obstacles,36,27,0.144,0.055,14.63,técnico
reflections,5,44,0.02,0.089,14.62,crítico
home,29,120,0.116,0.243,14.61,crítico
attention,252,658,1.011,1.334,14.58,crítico
behaviors,44,161,0.176,0.326,14.56,crítico
principal,30,20,0.12,0.041,14.55,técnico
array,47,41,0.188,0.083,14.55,técnico
indexing,11,2,0.044,0.004,14.48,técnico
anatomy,11,2,0.044,0.004,14.48,técnico
terminals,11,2,0.044,0.004,14.48,técnico
synergy,11,2,0.044,0.004,14.48,técnico
reversible,11,2,0.044,0.004,14.48,técnico
lung,11,2,0.044,0.004,14.48,técnico
generalize,11,2,0.044,0.004,14.48,técnico
harsh,11,2,0.044,0.004,14.48,técnico
consensus,58,56,0.233,0.114,14.42,técnico
crossing,15,5,0.06,0.01,14.34,técnico
contextual,24,105,0.096,0.213,14.34,crítico
straight,15,5,0.06,0.01,14.34,técnico
proves,15,5,0.06,0.01,14.34,técnico
aiming,46,40,0.184,0.081,14.33,técnico
tend,23,102,0.092,0.207,14.31,crítico
passive,49,44,0.197,0.089,14.3,técnico
verification,49,44,0.197,0.089,14.3,técnico
meet,49,44,0.197,0.089,14.3,técnico
entities,30,122,0.12,0.247,14.3,crítico
phenomena,22,99,0.088,0.201,14.28,crítico
quickly,34,25,0.136,0.051,14.26,técnico
areas,119,147,0.477,0.298,14.23,técnico
measured,57,55,0.229,0.111,14.19,técnico
underscore,3,35,0.012,0.071,14.19,crítico
analysts,1,25,0.004,0.051,14.16,crítico
january,1,25,0.004,0.051,14.16,crítico
toys,1,25,0.004,0.051,14.16,crítico
disagreement,1,25,0.004,0.051,14.16,crítico
me,1,25,0.004,0.051,14.16,crítico
knowledges,1,25,0.004,0.051,14.16,crítico
dispositions,1,25,0.004,0.051,14.16,crítico
informs,1,25,0.004,0.051,14.16,crítico
secure,45,39,0.18,0.079,14.12,técnico
refers,6,47,0.024,0.095,14.12,crítico
examination,13,71,0.052,0.144,14.08,crítico
arise,13,71,0.052,0.144,14.08,crítico
laboratory,36,138,0.144,0.28,14.07,crítico
encode,16,6,0.064,0.012,14.05,técnico
forecasts,16,6,0.064,0.012,14.05,técnico
topological,16,6,0.064,0.012,14.05,técnico
recover,16,6,0.064,0.012,14.05,técnico
happens,4,39,0.016,0.079,14.03,crítico
partner,4,39,0.016,0.079,14.03,crítico
navigating,4,39,0.016,0.079,14.03,crítico
contributed,4,39,0.016,0.079,14.03,crítico
brazil,4,39,0.016,0.079,14.03,crítico
journals,4,39,0.016,0.079,14.03,crítico
room,26,16,0.104,0.032,14.02,técnico
opinions,10,61,0.04,0.124,14.01,crítico
emphasizing,10,61,0.04,0.124,14.01,crítico
machines,53,183,0.213,0.371,14.01,crítico
go,14,74,0.056,0.15,13.99,crítico
nonuniform,9,1,0.036,0.002,13.96,técnico
degrades,9,1,0.036,0.002,13.96,técnico
approximated,9,1,0.036,0.002,13.96,técnico
airborne,9,1,0.036,0.002,13.96,técnico
lumped,9,1,0.036,0.002,13.96,técnico
signatures,9,1,0.036,0.002,13.96,técnico
bottleneck,9,1,0.036,0.002,13.96,técnico
thrust,9,1,0.036,0.002,13.96,técnico
transmitter,9,1,0.036,0.002,13.96,técnico
hydrodynamic,9,1,0.036,0.002,13.96,técnico
setups,9,1,0.036,0.002,13.96,técnico
derivation,9,1,0.036,0.002,13.96,técnico
router,9,1,0.036,0.002,13.96,técnico
separable,9,1,0.036,0.002,13.96,técnico
cardiac,9,1,0.036,0.002,13.96,técnico
climbing,9,1,0.036,0.002,13.96,técnico
rectangular,9,1,0.036,0.002,13.96,técnico
corner,9,1,0.036,0.002,13.96,técnico
corrupted,9,1,0.036,0.002,13.96,técnico
interviewed,2,30,0.008,0.061,13.95,crítico
recruitment,2,30,0.008,0.061,13.95,crítico
celebrities,2,30,0.008,0.061,13.95,crítico
optimistic,2,30,0.008,0.061,13.95,crítico
multidisciplinary,2,30,0.008,0.061,13.95,crítico
silicon,2,30,0.008,0.061,13.95,crítico
securitization,0,17,0.0,0.034,13.91,crítico
adolescent,0,17,0.0,0.034,13.91,crítico
attends,0,17,0.0,0.034,13.91,crítico
interwoven,0,17,0.0,0.034,13.91,crítico
motherhood,0,17,0.0,0.034,13.91,crítico
gatekeepers,0,17,0.0,0.034,13.91,crítico
appeals,0,17,0.0,0.034,13.91,crítico
republicans,0,17,0.0,0.034,13.91,crítico
hermeneutics,0,17,0.0,0.034,13.91,crítico
fruitful,0,17,0.0,0.034,13.91,crítico
evoke,0,17,0.0,0.034,13.91,crítico
pragmatism,0,17,0.0,0.034,13.91,crítico
suicide,0,17,0.0,0.034,13.91,crítico
terrorism,0,17,0.0,0.034,13.91,crítico
hcai,0,17,0.0,0.034,13.91,crítico
ethnographically,0,17,0.0,0.034,13.91,crítico
exposing,0,17,0.0,0.034,13.91,crítico
reparations,0,17,0.0,0.034,13.91,crítico
epigenetic,0,17,0.0,0.034,13.91,crítico
pop,0,17,0.0,0.034,13.91,crítico
advertisements,0,17,0.0,0.034,13.91,crítico
hacker,0,17,0.0,0.034,13.91,crítico
renewed,0,17,0.0,0.034,13.91,crítico
myths,0,17,0.0,0.034,13.91,crítico
myth,0,17,0.0,0.034,13.91,crítico
deliberations,0,17,0.0,0.034,13.91,crítico
socialist,0,17,0.0,0.034,13.91,crítico
continuities,0,17,0.0,0.034,13.91,crítico
holding,0,17,0.0,0.034,13.91,crítico
praxis,0,17,0.0,0.034,13.91,crítico
anthropomorphic,0,17,0.0,0.034,13.91,crítico
meditation,0,17,0.0,0.034,13.91,crítico
invoke,0,17,0.0,0.034,13.91,crítico
vignettes,0,17,0.0,0.034,13.91,crítico
affectively,0,17,0.0,0.034,13.91,crítico
payments,0,17,0.0,0.034,13.91,crítico
circulated,0,17,0.0,0.034,13.91,crítico
dataveillance,0,17,0.0,0.034,13.91,crítico
putting,0,17,0.0,0.034,13.91,crítico
tropes,0,17,0.0,0.034,13.91,crítico
invite,0,17,0.0,0.034,13.91,crítico
governmentality,0,17,0.0,0.034,13.91,crítico
criticisms,0,17,0.0,0.034,13.91,crítico
teenagers,0,17,0.0,0.034,13.91,crítico
venture,0,17,0.0,0.034,13.91,crítico
lesbian,0,17,0.0,0.034,13.91,crítico
gdpr,0,17,0.0,0.034,13.91,crítico
imaginations,0,17,0.0,0.034,13.91,crítico
themed,0,17,0.0,0.034,13.91,crítico
machinic,0,17,0.0,0.034,13.91,crítico
parasocial,0,17,0.0,0.034,13.91,crítico
modalities,32,23,0.128,0.047,13.9,técnico
capture,112,137,0.449,0.278,13.89,técnico
services,68,221,0.273,0.448,13.89,crítico
consist,17,7,0.068,0.014,13.86,técnico
namely,81,90,0.325,0.182,13.86,técnico
guaranteed,17,7,0.068,0.014,13.86,técnico
concerned,17,83,0.068,0.168,13.84,crítico
sign,24,14,0.096,0.028,13.83,técnico
properly,24,14,0.096,0.028,13.83,técnico
open,128,367,0.513,0.744,13.81,crítico
encryption,23,13,0.092,0.026,13.75,técnico
separately,18,8,0.072,0.016,13.74,técnico
thorough,18,8,0.072,0.016,13.74,técnico
standing,7,50,0.028,0.101,13.73,crítico
gps,31,22,0.124,0.045,13.73,técnico
functioning,12,67,0.048,0.136,13.71,crítico
publications,9,57,0.036,0.116,13.7,crítico
neither,9,57,0.036,0.116,13.7,crítico
iteration,22,12,0.088,0.024,13.69,técnico
adaptation,43,37,0.172,0.075,13.68,técnico
comprehensively,19,9,0.076,0.018,13.67,técnico
ultra,21,11,0.084,0.022,13.66,técnico
route,20,10,0.08,0.02,13.65,técnico
workflow,20,10,0.08,0.02,13.65,técnico
summary,20,10,0.08,0.02,13.65,técnico
elm,12,3,0.048,0.006,13.64,técnico
exit,12,3,0.048,0.006,13.64,técnico
installation,12,3,0.048,0.006,13.64,técnico
promoting,13,70,0.052,0.142,13.6,crítico
anticipate,3,34,0.012,0.069,13.54,crítico
stance,3,34,0.012,0.069,13.54,crítico
resulting,101,121,0.405,0.245,13.51,técnico
systems,797,1336,3.196,2.708,13.51,técnico
if,106,313,0.425,0.634,13.5,crítico
sectors,10,60,0.04,0.122,13.5,crítico
date,10,60,0.04,0.122,13.5,crítico
objectives,42,36,0.168,0.073,13.46,técnico
essential,117,146,0.469,0.296,13.45,técnico
five,51,176,0.205,0.357,13.45,crítico
documents,33,128,0.132,0.259,13.44,crítico
assert,1,24,0.004,0.049,13.42,crítico
independent,79,88,0.317,0.178,13.42,técnico
privilege,1,24,0.004,0.049,13.42,crítico
discipline,5,42,0.02,0.085,13.42,crítico
sexism,1,24,0.004,0.049,13.42,crítico
appreciation,1,24,0.004,0.049,13.42,crítico
exclusive,1,24,0.004,0.049,13.42,crítico
convey,1,24,0.004,0.049,13.42,crítico
owners,1,24,0.004,0.049,13.42,crítico
geography,1,24,0.004,0.049,13.42,crítico
broad,20,91,0.08,0.184,13.4,crítico
toxicity,4,38,0.016,0.077,13.4,crítico
routines,4,38,0.016,0.077,13.4,crítico
shifts,19,88,0.076,0.178,13.39,crítico
audit,2,29,0.008,0.059,13.26,crítico
arena,2,29,0.008,0.059,13.26,crítico
money,2,29,0.008,0.059,13.26,crítico
gathering,2,29,0.008,0.059,13.26,crítico
grown,2,29,0.008,0.059,13.26,crítico
commodity,2,29,0.008,0.059,13.26,crítico
prioritize,2,29,0.008,0.059,13.26,crítico
frequently,26,108,0.104,0.219,13.26,crítico
transformative,12,66,0.048,0.134,13.22,crítico
creates,12,66,0.048,0.134,13.22,crítico
uses,205,290,0.822,0.588,13.2,técnico
enabled,34,130,0.136,0.264,13.17,crítico
goes,7,49,0.028,0.099,13.17,crítico
sensory,13,69,0.052,0.14,13.12,crítico
integrators,6,0,0.024,0.0,13.1,técnico
pretraining,6,0,0.024,0.0,13.1,técnico
damped,6,0,0.024,0.0,13.1,técnico
discriminator,6,0,0.024,0.0,13.1,técnico
tune,13,4,0.052,0.008,13.1,técnico
preserves,13,4,0.052,0.008,13.1,técnico
pscad,6,0,0.024,0.0,13.1,técnico
spline,6,0,0.024,0.0,13.1,técnico
injected,6,0,0.024,0.0,13.1,técnico
totally,6,0,0.024,0.0,13.1,técnico
decompose,13,4,0.052,0.008,13.1,técnico
smote,6,0,0.024,0.0,13.1,técnico
rotors,6,0,0.024,0.0,13.1,técnico
restored,6,0,0.024,0.0,13.1,técnico
rays,6,0,0.024,0.0,13.1,técnico
memristor,6,0,0.024,0.0,13.1,técnico
nonstationary,6,0,0.024,0.0,13.1,técnico
scheduler,6,0,0.024,0.0,13.1,técnico
lengths,6,0,0.024,0.0,13.1,técnico
refined,13,4,0.052,0.008,13.1,técnico
transferred,13,4,0.052,0.008,13.1,técnico
rewriting,6,0,0.024,0.0,13.1,técnico
summarized,13,4,0.052,0.008,13.1,técnico
lanes,6,0,0.024,0.0,13.1,técnico
minima,6,0,0.024,0.0,13.1,técnico
summation,6,0,0.024,0.0,13.1,técnico
miou,6,0,0.024,0.0,13.1,técnico
cfd,6,0,0.024,0.0,13.1,técnico
median,13,4,0.052,0.008,13.1,técnico
cancellation,6,0,0.024,0.0,13.1,técnico
theorem,6,0,0.024,0.0,13.1,técnico
macroscopic,6,0,0.024,0.0,13.1,técnico
deformable,6,0,0.024,0.0,13.1,técnico
driverless,6,0,0.024,0.0,13.1,técnico
monotonic,6,0,0.024,0.0,13.1,técnico
shock,13,4,0.052,0.008,13.1,técnico
meticulously,6,0,0.024,0.0,13.1,técnico
contraction,6,0,0.024,0.0,13.1,técnico
drawback,6,0,0.024,0.0,13.1,técnico
chattering,6,0,0.024,0.0,13.1,técnico
localizing,6,0,0.024,0.0,13.1,técnico
maximized,6,0,0.024,0.0,13.1,técnico
shorter,13,4,0.052,0.008,13.1,técnico
mcc,6,0,0.024,0.0,13.1,técnico
adjustable,6,0,0.024,0.0,13.1,técnico
aviation,13,4,0.052,0.008,13.1,técnico
vanilla,6,0,0.024,0.0,13.1,técnico
coco,6,0,0.024,0.0,13.1,técnico
conceptualised,0,16,0.0,0.032,13.09,crítico
psychiatric,0,16,0.0,0.032,13.09,crítico
subversive,0,16,0.0,0.032,13.09,crítico
legally,0,16,0.0,0.032,13.09,crítico
manosphere,0,16,0.0,0.032,13.09,crítico
holocaust,0,16,0.0,0.032,13.09,crítico
reluctant,0,16,0.0,0.032,13.09,crítico
virtues,0,16,0.0,0.032,13.09,crítico
recognised,0,16,0.0,0.032,13.09,crítico
perpetration,0,16,0.0,0.032,13.09,crítico
individualistic,0,16,0.0,0.032,13.09,crítico
profoundly,0,16,0.0,0.032,13.09,crítico
replies,0,16,0.0,0.032,13.09,crítico
responds,0,16,0.0,0.032,13.09,crítico
constituents,0,16,0.0,0.032,13.09,crítico
fomo,0,16,0.0,0.032,13.09,crítico
habitual,0,16,0.0,0.032,13.09,crítico
constituting,0,16,0.0,0.032,13.09,crítico
cambridge,0,16,0.0,0.032,13.09,crítico
biobanking,0,16,0.0,0.032,13.09,crítico
iconic,0,16,0.0,0.032,13.09,crítico
rests,0,16,0.0,0.032,13.09,crítico
drama,0,16,0.0,0.032,13.09,crítico
victimization,0,16,0.0,0.032,13.09,crítico
warfare,0,16,0.0,0.032,13.09,crítico
trouble,0,16,0.0,0.032,13.09,crítico
marginalised,0,16,0.0,0.032,13.09,crítico
reshapes,0,16,0.0,0.032,13.09,crítico
sociodemographic,0,16,0.0,0.032,13.09,crítico
bureaucrats,0,16,0.0,0.032,13.09,crítico
stereotypical,0,16,0.0,0.032,13.09,crítico
oneself,0,16,0.0,0.032,13.09,crítico
abortion,0,16,0.0,0.032,13.09,crítico
disengagement,0,16,0.0,0.032,13.09,crítico
participated,0,16,0.0,0.032,13.09,crítico
operationalize,0,16,0.0,0.032,13.09,crítico
fragility,0,16,0.0,0.032,13.09,crítico
organised,0,16,0.0,0.032,13.09,crítico
switzerland,0,16,0.0,0.032,13.09,crítico
cohesion,0,16,0.0,0.032,13.09,crítico
maternal,0,16,0.0,0.032,13.09,crítico
parallels,0,16,0.0,0.032,13.09,crítico
nurses,0,16,0.0,0.032,13.09,crítico
nostalgia,0,16,0.0,0.032,13.09,crítico
replicated,0,16,0.0,0.032,13.09,crítico
embeddedness,0,16,0.0,0.032,13.09,crítico
sanctions,0,16,0.0,0.032,13.09,crítico
washing,0,16,0.0,0.032,13.09,crítico
telling,0,16,0.0,0.032,13.09,crítico
misogynistic,0,16,0.0,0.032,13.09,crítico
financialization,0,16,0.0,0.032,13.09,crítico
prison,0,16,0.0,0.032,13.09,crítico
benefit,33,127,0.132,0.257,13.08,crítico
showed,113,141,0.453,0.286,12.99,técnico
outline,16,78,0.064,0.158,12.97,crítico
standardization,6,45,0.024,0.091,12.97,crítico
details,43,38,0.172,0.077,12.97,técnico
embeddings,26,17,0.104,0.034,12.95,técnico
apply,83,95,0.333,0.193,12.95,técnico
heightened,3,33,0.012,0.067,12.9,crítico
french,3,33,0.012,0.067,12.9,crítico
powerful,38,140,0.152,0.284,12.89,crítico
fostering,8,52,0.032,0.105,12.89,crítico
looks,5,41,0.02,0.083,12.83,crítico
designs,51,49,0.205,0.099,12.82,técnico
consuming,25,16,0.1,0.032,12.81,técnico
courses,25,16,0.1,0.032,12.81,técnico
interactional,4,37,0.016,0.075,12.79,crítico
opposed,4,37,0.016,0.075,12.79,crítico
interpretable,14,5,0.056,0.01,12.75,técnico
higher,190,267,0.762,0.541,12.69,técnico
truths,1,23,0.004,0.047,12.69,crítico
profession,1,23,0.004,0.047,12.69,crítico
hype,1,23,0.004,0.047,12.69,crítico
leaning,1,23,0.004,0.047,12.69,crítico
scoping,1,23,0.004,0.047,12.69,crítico
leisure,1,23,0.004,0.047,12.69,crítico
manifestations,1,23,0.004,0.047,12.69,crítico
disclosures,1,23,0.004,0.047,12.69,crítico
defense,24,15,0.096,0.03,12.69,técnico
pressures,9,55,0.036,0.111,12.66,crítico
simplifies,10,2,0.04,0.004,12.65,técnico
extrinsic,10,2,0.04,0.004,12.65,técnico
savings,10,2,0.04,0.004,12.65,técnico
distortions,10,2,0.04,0.004,12.65,técnico
specially,10,2,0.04,0.004,12.65,técnico
delta,10,2,0.04,0.004,12.65,técnico
localize,10,2,0.04,0.004,12.65,técnico
tip,10,2,0.04,0.004,12.65,técnico
kinetic,10,2,0.04,0.004,12.65,técnico
impressive,10,2,0.04,0.004,12.65,técnico
movement,71,224,0.285,0.454,12.65,crítico
guaranteeing,10,2,0.04,0.004,12.65,técnico
possibility,28,112,0.112,0.227,12.64,crítico
drugs,30,22,0.12,0.045,12.63,técnico
reality,54,181,0.217,0.367,12.62,crítico
cancer,60,62,0.241,0.126,12.6,técnico
elites,2,28,0.008,0.057,12.58,crítico
intervene,2,28,0.008,0.057,12.58,crítico
integrative,2,28,0.008,0.057,12.58,crítico
twenty,2,28,0.008,0.057,12.58,crítico
supposed,2,28,0.008,0.057,12.58,crítico
communications,15,74,0.06,0.15,12.55,crítico
coupled,34,27,0.136,0.055,12.55,técnico
pipeline,34,27,0.136,0.055,12.55,técnico
decades,19,86,0.076,0.174,12.54,crítico
severely,15,6,0.06,0.012,12.52,técnico
volumes,15,6,0.06,0.012,12.52,técnico
multilingual,15,6,0.06,0.012,12.52,técnico
card,15,6,0.06,0.012,12.52,técnico
compatibility,15,6,0.06,0.012,12.52,técnico
actions,46,160,0.184,0.324,12.52,crítico
run,44,40,0.176,0.081,12.51,técnico
levels,83,253,0.333,0.513,12.5,crítico
million,10,58,0.04,0.118,12.49,crítico
localized,22,13,0.088,0.026,12.48,técnico
said,6,44,0.024,0.089,12.4,crítico
marked,6,44,0.024,0.089,12.4,crítico
interacting,6,44,0.024,0.089,12.4,crítico
duration,16,7,0.064,0.014,12.39,técnico
simplified,20,11,0.08,0.022,12.33,técnico
unstructured,20,11,0.08,0.022,12.33,técnico
cutting,40,35,0.16,0.071,12.31,técnico
neuro,17,8,0.068,0.016,12.31,técnico
diagram,18,9,0.072,0.018,12.28,técnico
indeterminacy,0,15,0.0,0.03,12.27,crítico
enacts,0,15,0.0,0.03,12.27,crítico
ageism,0,15,0.0,0.03,12.27,crítico
woman,0,15,0.0,0.03,12.27,crítico
parliamentary,0,15,0.0,0.03,12.27,crítico
coloniality,0,15,0.0,0.03,12.27,crítico
environmentally,0,15,0.0,0.03,12.27,crítico
meaningfulness,0,15,0.0,0.03,12.27,crítico
trope,0,15,0.0,0.03,12.27,crítico
determinants,0,15,0.0,0.03,12.27,crítico
partisanship,0,15,0.0,0.03,12.27,crítico
minded,0,15,0.0,0.03,12.27,crítico
individualism,0,15,0.0,0.03,12.27,crítico
metoo,0,15,0.0,0.03,12.27,crítico
prioritization,0,15,0.0,0.03,12.27,crítico
ritual,0,15,0.0,0.03,12.27,crítico
dreyfus,0,15,0.0,0.03,12.27,crítico
donald,0,15,0.0,0.03,12.27,crítico
asylum,0,15,0.0,0.03,12.27,crítico
turkey,0,15,0.0,0.03,12.27,crítico
odds,0,15,0.0,0.03,12.27,crítico
voluntary,0,15,0.0,0.03,12.27,crítico
philosophers,0,15,0.0,0.03,12.27,crítico
compassion,0,15,0.0,0.03,12.27,crítico
superintelligence,0,15,0.0,0.03,12.27,crítico
pierre,0,15,0.0,0.03,12.27,crítico
committees,0,15,0.0,0.03,12.27,crítico
neutrality,0,15,0.0,0.03,12.27,crítico
geek,0,15,0.0,0.03,12.27,crítico
caution,0,15,0.0,0.03,12.27,crítico
legitimize,0,15,0.0,0.03,12.27,crítico
delegation,0,15,0.0,0.03,12.27,crítico
disconnect,0,15,0.0,0.03,12.27,crítico
smell,0,15,0.0,0.03,12.27,crítico
objections,0,15,0.0,0.03,12.27,crítico
provenance,0,15,0.0,0.03,12.27,crítico
skeptical,0,15,0.0,0.03,12.27,crítico
programmatic,0,15,0.0,0.03,12.27,crítico
agri,0,15,0.0,0.03,12.27,crítico
oecd,0,15,0.0,0.03,12.27,crítico
laden,0,15,0.0,0.03,12.27,crítico
gatekeeping,0,15,0.0,0.03,12.27,crítico
generational,0,15,0.0,0.03,12.27,crítico
reframes,0,15,0.0,0.03,12.27,crítico
humanness,0,15,0.0,0.03,12.27,crítico
perpetuates,0,15,0.0,0.03,12.27,crítico
feminine,0,15,0.0,0.03,12.27,crítico
thinkers,0,15,0.0,0.03,12.27,crítico
sociologists,0,15,0.0,0.03,12.27,crítico
vloggers,0,15,0.0,0.03,12.27,crítico
solutionism,0,15,0.0,0.03,12.27,crítico
settler,0,15,0.0,0.03,12.27,crítico
apparently,0,15,0.0,0.03,12.27,crítico
ancestry,0,15,0.0,0.03,12.27,crítico
outsourcing,0,15,0.0,0.03,12.27,crítico
came,3,32,0.012,0.065,12.25,crítico
chatbot,5,40,0.02,0.081,12.25,crítico
underexplored,3,32,0.012,0.065,12.25,crítico
supportive,3,32,0.012,0.065,12.25,crítico
uncertainties,56,57,0.225,0.116,12.23,técnico
influenced,21,91,0.084,0.184,12.2,crítico
entanglement,4,36,0.016,0.073,12.18,crítico
render,4,36,0.016,0.073,12.18,crítico
actionable,4,36,0.016,0.073,12.18,crítico
bounded,32,25,0.128,0.051,12.15,técnico
statistical,83,97,0.333,0.197,12.09,técnico
rotated,8,1,0.032,0.002,12.0,técnico
vehicular,8,1,0.032,0.002,12.0,técnico
irregular,8,1,0.032,0.002,12.0,técnico
decomposed,8,1,0.032,0.002,12.0,técnico
tooth,8,1,0.032,0.002,12.0,técnico
jump,8,1,0.032,0.002,12.0,técnico
strings,8,1,0.032,0.002,12.0,técnico
distributional,8,1,0.032,0.002,12.0,técnico
stroke,8,1,0.032,0.002,12.0,técnico
rainfall,8,1,0.032,0.002,12.0,técnico
telemetry,8,1,0.032,0.002,12.0,técnico
es,8,1,0.032,0.002,12.0,técnico
onboard,8,1,0.032,0.002,12.0,técnico
propulsion,8,1,0.032,0.002,12.0,técnico
hotspot,8,1,0.032,0.002,12.0,técnico
riders,8,1,0.032,0.002,12.0,técnico
optic,8,1,0.032,0.002,12.0,técnico
excited,8,1,0.032,0.002,12.0,técnico
cracks,8,1,0.032,0.002,12.0,técnico
saves,8,1,0.032,0.002,12.0,técnico
flights,8,1,0.032,0.002,12.0,técnico
captioning,8,1,0.032,0.002,12.0,técnico
simulates,8,1,0.032,0.002,12.0,técnico
deformations,8,1,0.032,0.002,12.0,técnico
checking,10,57,0.04,0.116,11.99,crítico
emphasizes,10,57,0.04,0.116,11.99,crítico
death,10,57,0.04,0.116,11.99,crítico
kinds,24,99,0.096,0.201,11.97,crítico
investors,1,22,0.004,0.045,11.96,crítico
articulating,1,22,0.004,0.045,11.96,crítico
replication,1,22,0.004,0.045,11.96,crítico
russia,1,22,0.004,0.045,11.96,crítico
broadcast,1,22,0.004,0.045,11.96,crítico
contingency,1,22,0.004,0.045,11.96,crítico
dissatisfaction,1,22,0.004,0.045,11.96,crítico
judgements,1,22,0.004,0.045,11.96,crítico
taiwan,1,22,0.004,0.045,11.96,crítico
grounds,1,22,0.004,0.045,11.96,crítico
suppressing,11,3,0.044,0.006,11.92,técnico
generality,11,3,0.044,0.006,11.92,técnico
accelerator,11,3,0.044,0.006,11.92,técnico
synthesize,11,3,0.044,0.006,11.92,técnico
delivers,11,3,0.044,0.006,11.92,técnico
dose,11,3,0.044,0.006,11.92,técnico
fires,11,3,0.044,0.006,11.92,técnico
uniformly,11,3,0.044,0.006,11.92,técnico
porosity,11,3,0.044,0.006,11.92,técnico
clock,11,3,0.044,0.006,11.92,técnico
fisher,11,3,0.044,0.006,11.92,técnico
characterised,2,27,0.008,0.055,11.9,crítico
ephemeral,2,27,0.008,0.055,11.9,crítico
initiated,2,27,0.008,0.055,11.9,crítico
obscuring,2,27,0.008,0.055,11.9,crítico
temporary,2,27,0.008,0.055,11.9,crítico
reception,2,27,0.008,0.055,11.9,crítico
confront,2,27,0.008,0.055,11.9,crítico
leave,2,27,0.008,0.055,11.9,crítico
clinical,55,181,0.221,0.367,11.88,crítico
incorporating,38,33,0.152,0.067,11.87,técnico
onto,6,43,0.024,0.087,11.84,crítico
uncertain,41,37,0.164,0.075,11.84,técnico
pages,8,50,0.032,0.101,11.83,crítico
normalized,25,17,0.1,0.034,11.79,técnico
extends,14,69,0.056,0.14,11.69,crítico
prevalence,5,39,0.02,0.079,11.67,crítico
divergent,5,39,0.02,0.079,11.67,crítico
authentic,5,39,0.02,0.079,11.67,crítico
careful,5,39,0.02,0.079,11.67,crítico
existence,17,78,0.068,0.158,11.66,crítico
augmented,37,32,0.148,0.065,11.65,técnico
former,9,53,0.036,0.107,11.64,crítico
depends,43,40,0.172,0.081,11.63,técnico
scientist,3,31,0.012,0.063,11.62,crítico
hospital,3,31,0.012,0.063,11.62,crítico
fragmentation,3,31,0.012,0.063,11.62,crítico
elaborate,3,31,0.012,0.063,11.62,crítico
serving,3,31,0.012,0.063,11.62,crítico
pressing,3,31,0.012,0.063,11.62,crítico
see,32,120,0.128,0.243,11.58,crítico
provision,4,35,0.016,0.071,11.57,crítico
assist,33,27,0.132,0.055,11.55,técnico
functionality,33,27,0.132,0.055,11.55,técnico
heavy,23,15,0.092,0.03,11.5,técnico
tolerance,23,15,0.092,0.03,11.5,técnico
exposed,10,56,0.04,0.114,11.5,crítico
unfortunately,12,4,0.048,0.008,11.47,técnico
ranges,12,4,0.048,0.008,11.47,técnico
naturally,12,4,0.048,0.008,11.47,técnico
estimations,12,4,0.048,0.008,11.47,técnico
positives,12,4,0.048,0.008,11.47,técnico
sampled,12,4,0.048,0.008,11.47,técnico
requires,114,147,0.457,0.298,11.47,técnico
alert,12,4,0.048,0.008,11.47,técnico
tagging,12,4,0.048,0.008,11.47,técnico
tier,12,4,0.048,0.008,11.47,técnico
decoupling,12,4,0.048,0.008,11.47,técnico
mistrust,0,14,0.0,0.028,11.45,crítico
venues,0,14,0.0,0.028,11.45,crítico
plural,0,14,0.0,0.028,11.45,crítico
platformized,0,14,0.0,0.028,11.45,crítico
michel,0,14,0.0,0.028,11.45,crítico
nationalist,0,14,0.0,0.028,11.45,crítico
scientifically,0,14,0.0,0.028,11.45,crítico
legacies,0,14,0.0,0.028,11.45,crítico
rape,0,14,0.0,0.028,11.45,crítico
vernacular,0,14,0.0,0.028,11.45,crítico
scandal,0,14,0.0,0.028,11.45,crítico
crimes,0,14,0.0,0.028,11.45,crítico
scandals,0,14,0.0,0.028,11.45,crítico
reductive,0,14,0.0,0.028,11.45,crítico
mobilisation,0,14,0.0,0.028,11.45,crítico
sees,0,14,0.0,0.028,11.45,crítico
transcend,0,14,0.0,0.028,11.45,crítico
selves,0,14,0.0,0.028,11.45,crítico
xiaohongshu,0,14,0.0,0.028,11.45,crítico
parliament,0,14,0.0,0.028,11.45,crítico
sympathy,0,14,0.0,0.028,11.45,crítico
parenting,0,14,0.0,0.028,11.45,crítico
grief,0,14,0.0,0.028,11.45,crítico
personas,0,14,0.0,0.028,11.45,crítico
grievances,0,14,0.0,0.028,11.45,crítico
uber,0,14,0.0,0.028,11.45,crítico
monetisation,0,14,0.0,0.028,11.45,crítico
amas,0,14,0.0,0.028,11.45,crítico
literacies,0,14,0.0,0.028,11.45,crítico
protections,0,14,0.0,0.028,11.45,crítico
appraisals,0,14,0.0,0.028,11.45,crítico
scraping,0,14,0.0,0.028,11.45,crítico
theorizes,0,14,0.0,0.028,11.45,crítico
quo,0,14,0.0,0.028,11.45,crítico
alien,0,14,0.0,0.028,11.45,crítico
valuing,0,14,0.0,0.028,11.45,crítico
sold,0,14,0.0,0.028,11.45,crítico
interoperable,0,14,0.0,0.028,11.45,crítico
outbreak,0,14,0.0,0.028,11.45,crítico
blame,0,14,0.0,0.028,11.45,crítico
conceptualisation,0,14,0.0,0.028,11.45,crítico
anthropocene,0,14,0.0,0.028,11.45,crítico
immigrant,0,14,0.0,0.028,11.45,crítico
communicators,0,14,0.0,0.028,11.45,crítico
forefront,0,14,0.0,0.028,11.45,crítico
hegemony,0,14,0.0,0.028,11.45,crítico
inspire,0,14,0.0,0.028,11.45,crítico
femininity,0,14,0.0,0.028,11.45,crítico
reimagine,0,14,0.0,0.028,11.45,crítico
jewish,0,14,0.0,0.028,11.45,crítico
problematization,0,14,0.0,0.028,11.45,crítico
ascribe,0,14,0.0,0.028,11.45,crítico
conceive,0,14,0.0,0.028,11.45,crítico
proliferate,0,14,0.0,0.028,11.45,crítico
illuminating,0,14,0.0,0.028,11.45,crítico
curating,0,14,0.0,0.028,11.45,crítico
berlin,0,14,0.0,0.028,11.45,crítico
benjamin,0,14,0.0,0.028,11.45,crítico
discord,0,14,0.0,0.028,11.45,crítico
contestations,0,14,0.0,0.028,11.45,crítico
habit,0,14,0.0,0.028,11.45,crítico
applying,72,82,0.289,0.166,11.41,técnico
ever,11,59,0.044,0.12,11.4,crítico
realized,28,21,0.112,0.043,11.38,técnico
less,127,353,0.509,0.716,11.35,crítico
plan,32,26,0.128,0.053,11.34,técnico
disabilities,8,49,0.032,0.099,11.31,crítico
channels,47,46,0.188,0.093,11.31,técnico
profound,6,42,0.024,0.085,11.29,crítico
truth,29,111,0.116,0.225,11.28,crítico
behind,18,80,0.072,0.162,11.27,crítico
timing,21,13,0.084,0.026,11.24,técnico
suffers,21,13,0.084,0.026,11.24,técnico
accompanying,1,21,0.004,0.043,11.23,crítico
reconfiguring,1,21,0.004,0.043,11.23,crítico
old,15,71,0.06,0.144,11.23,crítico
arab,1,21,0.004,0.043,11.23,crítico
hold,15,71,0.06,0.144,11.23,crítico
trusted,1,21,0.004,0.043,11.23,crítico
encouraged,2,26,0.008,0.053,11.23,crítico
coronavirus,2,26,0.008,0.053,11.23,crítico
sited,1,21,0.004,0.043,11.23,crítico
intentional,1,21,0.004,0.043,11.23,crítico
grand,1,21,0.004,0.043,11.23,crítico
expansive,1,21,0.004,0.043,11.23,crítico
globe,2,26,0.008,0.053,11.23,crítico
criticized,2,26,0.008,0.053,11.23,crítico
iran,1,21,0.004,0.043,11.23,crítico
blog,1,21,0.004,0.043,11.23,crítico
redefine,1,21,0.004,0.043,11.23,crítico
package,13,5,0.052,0.01,11.2,técnico
compromising,13,5,0.052,0.01,11.2,técnico
syntactic,13,5,0.052,0.01,11.2,técnico
approximations,13,5,0.052,0.01,11.2,técnico
periodic,13,5,0.052,0.01,11.2,técnico
sudden,13,5,0.052,0.01,11.2,técnico
running,27,20,0.108,0.041,11.19,técnico
preliminary,27,20,0.108,0.041,11.19,técnico
classroom,27,20,0.108,0.041,11.19,técnico
electricity,38,34,0.152,0.069,11.17,técnico
organized,9,52,0.036,0.105,11.14,crítico
equilibrium,20,12,0.08,0.024,11.13,técnico
aggregation,20,12,0.08,0.024,11.13,técnico
mutation,20,12,0.08,0.024,11.13,técnico
generators,20,12,0.08,0.024,11.13,técnico
economics,5,38,0.02,0.077,11.09,crítico
experiencing,5,38,0.02,0.077,11.09,crítico
realism,5,38,0.02,0.077,11.09,crítico
difference,82,98,0.329,0.199,11.06,técnico
horizon,19,11,0.076,0.022,11.04,técnico
sum,19,11,0.076,0.022,11.04,técnico
underlying,39,137,0.156,0.278,11.04,crítico
satisfying,14,6,0.056,0.012,11.03,técnico
nano,14,6,0.056,0.012,11.03,técnico
converted,14,6,0.056,0.012,11.03,técnico
ahead,14,6,0.056,0.012,11.03,técnico
assessment,110,142,0.441,0.288,11.02,técnico
animals,7,45,0.028,0.091,11.01,crítico
providers,7,45,0.028,0.091,11.01,crítico
managed,7,45,0.028,0.091,11.01,crítico
posted,7,45,0.028,0.091,11.01,crítico
sectional,3,30,0.012,0.061,10.99,crítico
interactivity,3,30,0.012,0.061,10.99,crítico
creator,3,30,0.012,0.061,10.99,crítico
books,4,34,0.016,0.069,10.98,crítico
discover,18,10,0.072,0.02,10.97,técnico
adjusted,18,10,0.072,0.02,10.97,técnico
keywords,18,10,0.072,0.02,10.97,técnico
trees,18,10,0.072,0.02,10.97,técnico
eliminating,15,7,0.06,0.014,10.95,técnico
specifications,15,7,0.06,0.014,10.95,técnico
logical,17,9,0.068,0.018,10.93,técnico
calibrated,16,8,0.064,0.016,10.92,técnico
carbon,11,58,0.044,0.118,10.92,crítico
comfort,16,8,0.064,0.016,10.92,técnico
reaches,16,8,0.064,0.016,10.92,técnico
unscented,5,0,0.02,0.0,10.91,técnico
ha,5,0,0.02,0.0,10.91,técnico
nondestructive,5,0,0.02,0.0,10.91,técnico
tangential,5,0,0.02,0.0,10.91,técnico
multiphase,5,0,0.02,0.0,10.91,técnico
synchronously,5,0,0.02,0.0,10.91,técnico
electromechanical,5,0,0.02,0.0,10.91,técnico
replay,5,0,0.02,0.0,10.91,técnico
crystal,5,0,0.02,0.0,10.91,técnico
jacobian,5,0,0.02,0.0,10.91,técnico
pulses,5,0,0.02,0.0,10.91,técnico
extensible,5,0,0.02,0.0,10.91,técnico
lmis,5,0,0.02,0.0,10.91,técnico
executing,5,0,0.02,0.0,10.91,técnico
shapley,5,0,0.02,0.0,10.91,técnico
deduced,5,0,0.02,0.0,10.91,técnico
dependable,5,0,0.02,0.0,10.91,técnico
iou,5,0,0.02,0.0,10.91,técnico
deadline,5,0,0.02,0.0,10.91,técnico
fitted,5,0,0.02,0.0,10.91,técnico
linearly,5,0,0.02,0.0,10.91,técnico
workloads,5,0,0.02,0.0,10.91,técnico
automobiles,5,0,0.02,0.0,10.91,técnico
amplitudes,5,0,0.02,0.0,10.91,técnico
epochs,5,0,0.02,0.0,10.91,técnico
insertion,5,0,0.02,0.0,10.91,técnico
initialization,5,0,0.02,0.0,10.91,técnico
preprocessed,5,0,0.02,0.0,10.91,técnico
tensorflow,5,0,0.02,0.0,10.91,técnico
approximates,5,0,0.02,0.0,10.91,técnico
anova,5,0,0.02,0.0,10.91,técnico
incurs,5,0,0.02,0.0,10.91,técnico
whose,32,118,0.128,0.239,10.89,crítico
doubly,9,2,0.036,0.004,10.85,técnico
dry,9,2,0.036,0.004,10.85,técnico
tables,9,2,0.036,0.004,10.85,técnico
bifurcation,9,2,0.036,0.004,10.85,técnico
simplify,9,2,0.036,0.004,10.85,técnico
specimen,9,2,0.036,0.004,10.85,técnico
satisfies,9,2,0.036,0.004,10.85,técnico
anatomical,9,2,0.036,0.004,10.85,técnico
ma,9,2,0.036,0.004,10.85,técnico
reasonably,9,2,0.036,0.004,10.85,técnico
erroneous,9,2,0.036,0.004,10.85,técnico
computational,202,295,0.81,0.598,10.81,técnico
subjective,16,73,0.064,0.148,10.8,crítico
emphasis,14,67,0.056,0.136,10.8,crítico
goal,95,119,0.381,0.241,10.76,técnico
experimentation,6,41,0.024,0.083,10.74,crítico
identified,70,214,0.281,0.434,10.7,crítico
discussed,77,231,0.309,0.468,10.68,crítico
fall,24,17,0.096,0.034,10.66,técnico
authentication,24,17,0.096,0.034,10.66,técnico
twins,9,51,0.036,0.103,10.65,crítico
pays,0,13,0.0,0.026,10.64,crítico
subcultures,0,13,0.0,0.026,10.64,crítico
insecurity,0,13,0.0,0.026,10.64,crítico
told,0,13,0.0,0.026,10.64,crítico
premised,0,13,0.0,0.026,10.64,crítico
mol,0,13,0.0,0.026,10.64,crítico
northern,0,13,0.0,0.026,10.64,crítico
uphold,0,13,0.0,0.026,10.64,crítico
infrastructuring,0,13,0.0,0.026,10.64,crítico
nuance,0,13,0.0,0.026,10.64,crítico
stigma,0,13,0.0,0.026,10.64,crítico
reputational,0,13,0.0,0.026,10.64,crítico
inequities,0,13,0.0,0.026,10.64,crítico
unsustainable,0,13,0.0,0.026,10.64,crítico
mobilities,0,13,0.0,0.026,10.64,crítico
psychosocial,0,13,0.0,0.026,10.64,crítico
terror,0,13,0.0,0.026,10.64,crítico
individuation,0,13,0.0,0.026,10.64,crítico
preregistered,0,13,0.0,0.026,10.64,crítico
universe,0,13,0.0,0.026,10.64,crítico
processual,0,13,0.0,0.026,10.64,crítico
talent,0,13,0.0,0.026,10.64,crítico
stances,0,13,0.0,0.026,10.64,crítico
troubling,0,13,0.0,0.026,10.64,crítico
museum,0,13,0.0,0.026,10.64,crítico
subreddits,0,13,0.0,0.026,10.64,crítico
insurers,0,13,0.0,0.026,10.64,crítico
philosopher,0,13,0.0,0.026,10.64,crítico
underpinned,0,13,0.0,0.026,10.64,crítico
revised,0,13,0.0,0.026,10.64,crítico
lasting,0,13,0.0,0.026,10.64,crítico
narrate,0,13,0.0,0.026,10.64,crítico
pets,0,13,0.0,0.026,10.64,crítico
porn,0,13,0.0,0.026,10.64,crítico
heterosexual,0,13,0.0,0.026,10.64,crítico
weber,0,13,0.0,0.026,10.64,crítico
reconcile,0,13,0.0,0.026,10.64,crítico
humorous,0,13,0.0,0.026,10.64,crítico
tweeting,0,13,0.0,0.026,10.64,crítico
proposition,0,13,0.0,0.026,10.64,crítico
posthuman,0,13,0.0,0.026,10.64,crítico
incentive,0,13,0.0,0.026,10.64,crítico
pursues,0,13,0.0,0.026,10.64,crítico
subtly,0,13,0.0,0.026,10.64,crítico
productively,0,13,0.0,0.026,10.64,crítico
ostensibly,0,13,0.0,0.026,10.64,crítico
ngos,0,13,0.0,0.026,10.64,crítico
monetization,0,13,0.0,0.026,10.64,crítico
practicing,0,13,0.0,0.026,10.64,crítico
lively,0,13,0.0,0.026,10.64,crítico
materialize,0,13,0.0,0.026,10.64,crítico
plagiarism,0,13,0.0,0.026,10.64,crítico
heidegger,0,13,0.0,0.026,10.64,crítico
journeys,0,13,0.0,0.026,10.64,crítico
engender,0,13,0.0,0.026,10.64,crítico
complaints,0,13,0.0,0.026,10.64,crítico
elicited,0,13,0.0,0.026,10.64,crítico
hackers,0,13,0.0,0.026,10.64,crítico
autistic,0,13,0.0,0.026,10.64,crítico
fills,0,13,0.0,0.026,10.64,crítico
artworks,0,13,0.0,0.026,10.64,crítico
funders,0,13,0.0,0.026,10.64,crítico
announced,0,13,0.0,0.026,10.64,crítico
argentina,0,13,0.0,0.026,10.64,crítico
aspirational,0,13,0.0,0.026,10.64,crítico
alleged,0,13,0.0,0.026,10.64,crítico
bisexual,0,13,0.0,0.026,10.64,crítico
endorsement,0,13,0.0,0.026,10.64,crítico
embodying,0,13,0.0,0.026,10.64,crítico
animate,0,13,0.0,0.026,10.64,crítico
disagreements,0,13,0.0,0.026,10.64,crítico
embracing,0,13,0.0,0.026,10.64,crítico
ethicists,0,13,0.0,0.026,10.64,crítico
february,0,13,0.0,0.026,10.64,crítico
appropriated,0,13,0.0,0.026,10.64,crítico
consumerism,0,13,0.0,0.026,10.64,crítico
criticize,0,13,0.0,0.026,10.64,crítico
familial,0,13,0.0,0.026,10.64,crítico
diverge,0,13,0.0,0.026,10.64,crítico
audits,0,13,0.0,0.026,10.64,crítico
evidentiary,0,13,0.0,0.026,10.64,crítico
charts,0,13,0.0,0.026,10.64,crítico
applicants,0,13,0.0,0.026,10.64,crítico
habitus,0,13,0.0,0.026,10.64,crítico
attributing,0,13,0.0,0.026,10.64,crítico
genealogical,0,13,0.0,0.026,10.64,crítico
carceral,0,13,0.0,0.026,10.64,crítico
affords,0,13,0.0,0.026,10.64,crítico
causation,0,13,0.0,0.026,10.64,crítico
diabetes,0,13,0.0,0.026,10.64,crítico
disparate,2,25,0.008,0.051,10.56,crítico
genres,2,25,0.008,0.051,10.56,crítico
salience,2,25,0.008,0.051,10.56,crítico
dis,2,25,0.008,0.051,10.56,crítico
closure,2,25,0.008,0.051,10.56,crítico
bear,2,25,0.008,0.051,10.56,crítico
deemed,2,25,0.008,0.051,10.56,crítico
uptake,2,25,0.008,0.051,10.56,crítico
exploratory,10,54,0.04,0.109,10.53,crítico
routine,5,37,0.02,0.075,10.52,crítico
amazon,5,37,0.02,0.075,10.52,crítico
prompting,5,37,0.02,0.075,10.52,crítico
conservative,5,37,0.02,0.075,10.52,crítico
treating,5,37,0.02,0.075,10.52,crítico
cultivate,5,37,0.02,0.075,10.52,crítico
documentation,5,37,0.02,0.075,10.52,crítico
critics,1,20,0.004,0.041,10.51,crítico
moved,1,20,0.004,0.041,10.51,crítico
fertility,1,20,0.004,0.041,10.51,crítico
magic,1,20,0.004,0.041,10.51,crítico
egg,1,20,0.004,0.041,10.51,crítico
attract,1,20,0.004,0.041,10.51,crítico
senses,1,20,0.004,0.041,10.51,crítico
stems,1,20,0.004,0.041,10.51,crítico
predictable,1,20,0.004,0.041,10.51,crítico
attentive,1,20,0.004,0.041,10.51,crítico
workings,1,20,0.004,0.041,10.51,crítico
intervening,1,20,0.004,0.041,10.51,crítico
recipients,1,20,0.004,0.041,10.51,crítico
linguistic,24,95,0.096,0.193,10.47,crítico
vulnerable,16,72,0.064,0.146,10.39,crítico
connect,16,72,0.064,0.146,10.39,crítico
chat,4,33,0.016,0.067,10.38,crítico
behavioural,4,33,0.016,0.067,10.38,crítico
documented,4,33,0.016,0.067,10.38,crítico
establishment,4,33,0.016,0.067,10.38,crítico
bound,31,26,0.124,0.053,10.36,técnico
dynamics,130,355,0.521,0.72,10.36,crítico
discusses,41,140,0.164,0.284,10.36,crítico
encourages,3,29,0.012,0.059,10.36,crítico
profiling,3,29,0.012,0.059,10.36,crítico
physicians,3,29,0.012,0.059,10.36,crítico
sustaining,3,29,0.012,0.059,10.36,crítico
lenses,3,29,0.012,0.059,10.36,crítico
sd,3,29,0.012,0.059,10.36,crítico
incorporates,31,26,0.124,0.053,10.36,técnico
opposing,3,29,0.012,0.059,10.36,crítico
distinctive,14,66,0.056,0.134,10.36,crítico
entirely,3,29,0.012,0.059,10.36,crítico
actor,14,66,0.056,0.134,10.36,crítico
challenges,238,600,0.954,1.216,10.34,crítico
grained,22,15,0.088,0.03,10.33,técnico
proof,27,21,0.108,0.043,10.33,técnico
basic,63,71,0.253,0.144,10.32,técnico
attributed,8,47,0.032,0.095,10.3,crítico
shed,8,47,0.032,0.095,10.3,crítico
harmony,10,3,0.04,0.006,10.24,técnico
infinite,10,3,0.04,0.006,10.24,técnico
clip,10,3,0.04,0.006,10.24,técnico
designated,10,3,0.04,0.006,10.24,técnico
hog,10,3,0.04,0.006,10.24,técnico
transmitting,10,3,0.04,0.006,10.24,técnico
means,108,303,0.433,0.614,10.23,crítico
foundational,6,40,0.024,0.081,10.2,crítico
diverse,92,265,0.369,0.537,10.2,crítico
buildings,21,14,0.084,0.028,10.18,técnico
iterations,21,14,0.084,0.028,10.18,técnico
hypothesis,9,50,0.036,0.101,10.16,crítico
advancement,30,25,0.12,0.051,10.15,técnico
price,26,20,0.104,0.041,10.13,técnico
develops,19,80,0.076,0.162,10.11,crítico
combine,39,37,0.156,0.075,10.1,técnico
latent,39,37,0.156,0.075,10.1,técnico
focused,71,214,0.285,0.434,10.09,crítico
derivatives,7,1,0.028,0.002,10.07,técnico
interception,7,1,0.028,0.002,10.07,técnico
cyclic,7,1,0.028,0.002,10.07,técnico
intermittent,7,1,0.028,0.002,10.07,técnico
standalone,7,1,0.028,0.002,10.07,técnico
subtraction,7,1,0.028,0.002,10.07,técnico
enhancements,7,1,0.028,0.002,10.07,técnico
resolutions,7,1,0.028,0.002,10.07,técnico
ds,7,1,0.028,0.002,10.07,técnico
suboptimal,7,1,0.028,0.002,10.07,técnico
salesman,7,1,0.028,0.002,10.07,técnico
innovatively,7,1,0.028,0.002,10.07,técnico
combinatorial,7,1,0.028,0.002,10.07,técnico
rms,7,1,0.028,0.002,10.07,técnico
rubber,7,1,0.028,0.002,10.07,técnico
oscillating,7,1,0.028,0.002,10.07,técnico
sim,7,1,0.028,0.002,10.07,técnico
tensor,7,1,0.028,0.002,10.07,técnico
jumping,7,1,0.028,0.002,10.07,técnico
sends,7,1,0.028,0.002,10.07,técnico
multiplication,7,1,0.028,0.002,10.07,técnico
learnable,7,1,0.028,0.002,10.07,técnico
assigns,7,1,0.028,0.002,10.07,técnico
mach,7,1,0.028,0.002,10.07,técnico
kinesthetic,7,1,0.028,0.002,10.07,técnico
singularities,7,1,0.028,0.002,10.07,técnico
confidence,36,33,0.144,0.067,10.06,técnico
vary,10,53,0.04,0.107,10.06,crítico
year,33,118,0.132,0.239,10.01,crítico
proposals,7,43,0.028,0.087,9.96,crítico
chains,5,36,0.02,0.073,9.96,crítico
worldwide,7,43,0.028,0.087,9.96,crítico
employees,5,36,0.02,0.073,9.96,crítico
behaviours,7,43,0.028,0.087,9.96,crítico
forward,55,60,0.221,0.122,9.94,técnico
confirmed,25,19,0.1,0.039,9.94,técnico
stored,25,19,0.1,0.039,9.94,técnico
forming,25,19,0.1,0.039,9.94,técnico
transformations,14,65,0.056,0.132,9.93,crítico
mo,19,12,0.076,0.024,9.91,técnico
tissue,19,12,0.076,0.024,9.91,técnico
maximize,19,12,0.076,0.024,9.91,técnico
somewhat,2,24,0.008,0.049,9.9,crítico
workforce,2,24,0.008,0.049,9.9,crítico
anticipation,2,24,0.008,0.049,9.9,crítico
impression,2,24,0.008,0.049,9.9,crítico
logistical,2,24,0.008,0.049,9.9,crítico
factual,2,24,0.008,0.049,9.9,crítico
relief,2,24,0.008,0.049,9.9,crítico
nationally,2,24,0.008,0.049,9.9,crítico
refining,11,4,0.044,0.008,9.89,técnico
compliant,11,4,0.044,0.008,9.89,técnico
robustly,11,4,0.044,0.008,9.89,técnico
parsing,11,4,0.044,0.008,9.89,técnico
exponentially,11,4,0.044,0.008,9.89,técnico
mandatory,11,4,0.044,0.008,9.89,técnico
executed,11,4,0.044,0.008,9.89,técnico
interior,11,4,0.044,0.008,9.89,técnico
recovered,11,4,0.044,0.008,9.89,técnico
completeness,11,4,0.044,0.008,9.89,técnico
opportunistic,11,4,0.044,0.008,9.89,técnico
controllability,11,4,0.044,0.008,9.89,técnico
asynchronous,11,4,0.044,0.008,9.89,técnico
biological,29,107,0.116,0.217,9.89,crítico
includes,65,75,0.261,0.152,9.88,técnico
engineers,21,85,0.084,0.172,9.86,crítico
operate,25,96,0.1,0.195,9.83,crítico
appreciate,0,12,0.0,0.024,9.82,crítico
partisans,0,12,0.0,0.024,9.82,crítico
safeguards,0,12,0.0,0.024,9.82,crítico
detailing,0,12,0.0,0.024,9.82,crítico
frontier,0,12,0.0,0.024,9.82,crítico
sociomaterial,0,12,0.0,0.024,9.82,crítico
disproportionate,0,12,0.0,0.024,9.82,crítico
illusion,0,12,0.0,0.024,9.82,crítico
improvisation,0,12,0.0,0.024,9.82,crítico
senders,0,12,0.0,0.024,9.82,crítico
municipal,0,12,0.0,0.024,9.82,crítico
elemental,0,12,0.0,0.024,9.82,crítico
tinkering,0,12,0.0,0.024,9.82,crítico
gab,0,12,0.0,0.024,9.82,crítico
inadvertently,0,12,0.0,0.024,9.82,crítico
southeast,0,12,0.0,0.024,9.82,crítico
startups,0,12,0.0,0.024,9.82,crítico
empathetic,0,12,0.0,0.024,9.82,crítico
personae,0,12,0.0,0.024,9.82,crítico
win,0,12,0.0,0.024,9.82,crítico
occupational,0,12,0.0,0.024,9.82,crítico
went,0,12,0.0,0.024,9.82,crítico
ancestral,0,12,0.0,0.024,9.82,crítico
absences,0,12,0.0,0.024,9.82,crítico
mobilizes,0,12,0.0,0.024,9.82,crítico
bonding,0,12,0.0,0.024,9.82,crítico
conceptualisations,0,12,0.0,0.024,9.82,crítico
inviting,0,12,0.0,0.024,9.82,crítico
irony,0,12,0.0,0.024,9.82,crítico
authoritarianism,0,12,0.0,0.024,9.82,crítico
supremacy,0,12,0.0,0.024,9.82,crítico
unpaid,0,12,0.0,0.024,9.82,crítico
journalist,0,12,0.0,0.024,9.82,crítico
proactively,0,12,0.0,0.024,9.82,crítico
critiquing,0,12,0.0,0.024,9.82,crítico
survivors,0,12,0.0,0.024,9.82,crítico
technopolitical,0,12,0.0,0.024,9.82,crítico
erasure,0,12,0.0,0.024,9.82,crítico
symbiotic,0,12,0.0,0.024,9.82,crítico
reactionary,0,12,0.0,0.024,9.82,crítico
extremist,0,12,0.0,0.024,9.82,crítico
exposures,0,12,0.0,0.024,9.82,crítico
legislators,0,12,0.0,0.024,9.82,crítico
provisional,0,12,0.0,0.024,9.82,crítico
exploitative,0,12,0.0,0.024,9.82,crítico
quotidian,0,12,0.0,0.024,9.82,crítico
provoked,0,12,0.0,0.024,9.82,crítico
literate,0,12,0.0,0.024,9.82,crítico
relatedness,0,12,0.0,0.024,9.82,crítico
fintech,0,12,0.0,0.024,9.82,crítico
emption,0,12,0.0,0.024,9.82,crítico
intensify,0,12,0.0,0.024,9.82,crítico
underlines,0,12,0.0,0.024,9.82,crítico
roboticists,0,12,0.0,0.024,9.82,crítico
democratizing,0,12,0.0,0.024,9.82,crítico
appropriating,0,12,0.0,0.024,9.82,crítico
infodemic,0,12,0.0,0.024,9.82,crítico
collins,0,12,0.0,0.024,9.82,crítico
inscription,0,12,0.0,0.024,9.82,crítico
insofar,0,12,0.0,0.024,9.82,crítico
pol,0,12,0.0,0.024,9.82,crítico
hallucinations,0,12,0.0,0.024,9.82,crítico
intensifying,0,12,0.0,0.024,9.82,crítico
remarks,0,12,0.0,0.024,9.82,crítico
disclosed,0,12,0.0,0.024,9.82,crítico
baby,0,12,0.0,0.024,9.82,crítico
sentience,0,12,0.0,0.024,9.82,crítico
repurpose,0,12,0.0,0.024,9.82,crítico
intergroup,0,12,0.0,0.024,9.82,crítico
complicates,0,12,0.0,0.024,9.82,crítico
reparative,0,12,0.0,0.024,9.82,crítico
measuring,43,43,0.172,0.087,9.82,técnico
interrogating,0,12,0.0,0.024,9.82,crítico
meaningfully,0,12,0.0,0.024,9.82,crítico
centrally,0,12,0.0,0.024,9.82,crítico
bandwagon,0,12,0.0,0.024,9.82,crítico
retweets,0,12,0.0,0.024,9.82,crítico
biosocial,0,12,0.0,0.024,9.82,crítico
geographically,0,12,0.0,0.024,9.82,crítico
worldviews,0,12,0.0,0.024,9.82,crítico
bioeconomy,0,12,0.0,0.024,9.82,crítico
gratification,0,12,0.0,0.024,9.82,crítico
differed,0,12,0.0,0.024,9.82,crítico
biopolitical,0,12,0.0,0.024,9.82,crítico
situatedness,0,12,0.0,0.024,9.82,crítico
silencing,0,12,0.0,0.024,9.82,crítico
personalised,1,19,0.004,0.039,9.79,crítico
conjunction,18,11,0.072,0.022,9.79,técnico
persists,1,19,0.004,0.039,9.79,crítico
antecedents,1,19,0.004,0.039,9.79,crítico
taste,1,19,0.004,0.039,9.79,crítico
presumed,1,19,0.004,0.039,9.79,crítico
writers,1,19,0.004,0.039,9.79,crítico
curate,1,19,0.004,0.039,9.79,crítico
masks,18,11,0.072,0.022,9.79,técnico
realizing,18,11,0.072,0.022,9.79,técnico
relationality,1,19,0.004,0.039,9.79,crítico
norwegian,1,19,0.004,0.039,9.79,crítico
epidemic,1,19,0.004,0.039,9.79,crítico
agential,1,19,0.004,0.039,9.79,crítico
invested,1,19,0.004,0.039,9.79,crítico
unevenly,1,19,0.004,0.039,9.79,crítico
ambiguous,8,46,0.032,0.093,9.79,crítico
thing,1,19,0.004,0.039,9.79,crítico
musicians,1,19,0.004,0.039,9.79,crítico
compatible,18,11,0.072,0.022,9.79,técnico
england,1,19,0.004,0.039,9.79,crítico
contributors,3,28,0.012,0.057,9.75,crítico
monitor,24,18,0.096,0.036,9.75,técnico
breaking,3,28,0.012,0.057,9.75,crítico
habits,3,28,0.012,0.057,9.75,crítico
increasing,156,222,0.626,0.45,9.72,técnico
numerous,40,39,0.16,0.079,9.72,técnico
decreases,17,10,0.068,0.02,9.7,técnico
finger,12,5,0.048,0.01,9.69,técnico
pd,12,5,0.048,0.01,9.69,técnico
pipelines,12,5,0.048,0.01,9.69,técnico
blended,12,5,0.048,0.01,9.69,técnico
modelled,12,5,0.048,0.01,9.69,técnico
cc,12,5,0.048,0.01,9.69,técnico
geographical,6,39,0.024,0.079,9.67,crítico
important,316,499,1.267,1.011,9.65,técnico
complementary,37,35,0.148,0.071,9.64,técnico
intensity,37,35,0.148,0.071,9.64,técnico
pure,16,9,0.064,0.018,9.62,técnico
request,16,9,0.064,0.018,9.62,técnico
protein,13,6,0.052,0.012,9.59,técnico
graphical,13,6,0.052,0.012,9.59,técnico
phishing,13,6,0.052,0.012,9.59,técnico
outstanding,13,6,0.052,0.012,9.59,técnico
aforementioned,13,6,0.052,0.012,9.59,técnico
targeting,10,52,0.04,0.105,9.59,crítico
tracks,13,6,0.052,0.012,9.59,técnico
tissues,15,8,0.06,0.016,9.57,técnico
fabricated,15,8,0.06,0.016,9.57,técnico
percent,15,8,0.06,0.016,9.57,técnico
investigating,16,70,0.064,0.142,9.56,crítico
eco,14,7,0.056,0.014,9.55,técnico
separating,14,7,0.056,0.014,9.55,técnico
characterizing,14,7,0.056,0.014,9.55,técnico
modify,14,7,0.056,0.014,9.55,técnico
book,11,55,0.044,0.111,9.54,crítico
configurations,51,55,0.205,0.111,9.53,técnico
stronger,13,61,0.052,0.124,9.5,crítico
limit,44,45,0.176,0.091,9.49,técnico
foundation,25,95,0.1,0.193,9.48,crítico
definition,21,84,0.084,0.17,9.48,crítico
challenged,7,42,0.028,0.085,9.45,crítico
pollution,7,42,0.028,0.085,9.45,crítico
values,164,428,0.658,0.868,9.45,crítico
vision,121,165,0.485,0.334,9.44,técnico
ends,5,35,0.02,0.071,9.41,crítico
failed,5,35,0.02,0.071,9.41,crítico
meant,5,35,0.02,0.071,9.41,crítico
dialogue,20,81,0.08,0.164,9.4,crítico
issue,124,336,0.497,0.681,9.38,crítico
attribute,33,30,0.132,0.061,9.38,técnico
traits,8,45,0.032,0.091,9.3,crítico
arising,8,45,0.032,0.091,9.3,crítico
difficulties,43,44,0.172,0.089,9.26,técnico
craft,2,23,0.008,0.047,9.25,crítico
consume,2,23,0.008,0.047,9.25,crítico
imply,2,23,0.008,0.047,9.25,crítico
readiness,2,23,0.008,0.047,9.25,crítico
commodities,2,23,0.008,0.047,9.25,crítico
opposite,2,23,0.008,0.047,9.25,crítico
leaving,2,23,0.008,0.047,9.25,crítico
planet,2,23,0.008,0.047,9.25,crítico
expression,37,126,0.148,0.255,9.24,crítico
deception,4,31,0.016,0.063,9.22,crítico
clean,21,15,0.084,0.03,9.21,técnico
limitation,21,15,0.084,0.03,9.21,técnico
response,190,282,0.762,0.572,9.18,técnico
depending,40,40,0.16,0.081,9.14,técnico
mid,6,38,0.024,0.077,9.14,crítico
unintended,3,27,0.012,0.055,9.13,crítico
radically,3,27,0.012,0.055,9.13,crítico
envisioned,3,27,0.012,0.055,9.13,crítico
rhythms,3,27,0.012,0.055,9.13,crítico
disabled,3,27,0.012,0.055,9.13,crítico
workshop,3,27,0.012,0.055,9.13,crítico
meetings,3,27,0.012,0.055,9.13,crítico
clinicians,3,27,0.012,0.055,9.13,crítico
owned,3,27,0.012,0.055,9.13,crítico
illustrated,25,20,0.1,0.041,9.11,técnico
codes,25,20,0.1,0.041,9.11,técnico
valid,25,20,0.1,0.041,9.11,técnico
closest,8,2,0.032,0.004,9.09,técnico
hazard,8,2,0.032,0.004,9.09,técnico
scanned,8,2,0.032,0.004,9.09,técnico
couplings,8,2,0.032,0.004,9.09,técnico
vivo,8,2,0.032,0.004,9.09,técnico
spike,8,2,0.032,0.004,9.09,técnico
optimizes,8,2,0.032,0.004,9.09,técnico
incidence,8,2,0.032,0.004,9.09,técnico
microscopic,8,2,0.032,0.004,9.09,técnico
ic,8,2,0.032,0.004,9.09,técnico
semiconductor,8,2,0.032,0.004,9.09,técnico
grouping,8,2,0.032,0.004,9.09,técnico
motivated,14,63,0.056,0.128,9.09,crítico
sequentially,8,2,0.032,0.004,9.09,técnico
disproportionately,1,18,0.004,0.036,9.07,crítico
minds,1,18,0.004,0.036,9.07,crítico
resisting,1,18,0.004,0.036,9.07,crítico
disadvantaged,1,18,0.004,0.036,9.07,crítico
inclusivity,1,18,0.004,0.036,9.07,crítico
pushing,1,18,0.004,0.036,9.07,crítico
motivational,1,18,0.004,0.036,9.07,crítico
biographies,1,18,0.004,0.036,9.07,crítico
witnessing,1,18,0.004,0.036,9.07,crítico
niche,1,18,0.004,0.036,9.07,crítico
invoked,1,18,0.004,0.036,9.07,crítico
headlines,1,18,0.004,0.036,9.07,crítico
unfold,1,18,0.004,0.036,9.07,crítico
threads,1,18,0.004,0.036,9.07,crítico
mood,1,18,0.004,0.036,9.07,crítico
sourcing,1,18,0.004,0.036,9.07,crítico
builds,13,60,0.052,0.122,9.07,crítico
appraisal,1,18,0.004,0.036,9.07,crítico
stimulate,1,18,0.004,0.036,9.07,crítico
warning,20,14,0.08,0.028,9.04,técnico
against,108,297,0.433,0.602,9.01,crítico
offering,30,107,0.12,0.217,9.01,crítico
attendant,0,11,0.0,0.022,9.0,crítico
ireland,0,11,0.0,0.022,9.0,crítico
distancing,0,11,0.0,0.022,9.0,crítico
vague,0,11,0.0,0.022,9.0,crítico
ironic,0,11,0.0,0.022,9.0,crítico
bill,0,11,0.0,0.022,9.0,crítico
postgenomic,0,11,0.0,0.022,9.0,crítico
friendship,0,11,0.0,0.022,9.0,crítico
brokerage,0,11,0.0,0.022,9.0,crítico
vignette,0,11,0.0,0.022,9.0,crítico
delegate,0,11,0.0,0.022,9.0,crítico
sleep,0,11,0.0,0.022,9.0,crítico
intermediation,0,11,0.0,0.022,9.0,crítico
contextually,0,11,0.0,0.022,9.0,crítico
extractivism,0,11,0.0,0.022,9.0,crítico
grapple,0,11,0.0,0.022,9.0,crítico
ruling,0,11,0.0,0.022,9.0,crítico
posthumous,0,11,0.0,0.022,9.0,crítico
marketed,0,11,0.0,0.022,9.0,crítico
sexist,0,11,0.0,0.022,9.0,crítico
injunctive,0,11,0.0,0.022,9.0,crítico
president,0,11,0.0,0.022,9.0,crítico
boxed,0,11,0.0,0.022,9.0,crítico
protesters,0,11,0.0,0.022,9.0,crítico
blogging,0,11,0.0,0.022,9.0,crítico
strive,0,11,0.0,0.022,9.0,crítico
slogan,0,11,0.0,0.022,9.0,crítico
orthodox,0,11,0.0,0.022,9.0,crítico
adopters,0,11,0.0,0.022,9.0,crítico
disappear,0,11,0.0,0.022,9.0,crítico
contention,0,11,0.0,0.022,9.0,crítico
remaking,0,11,0.0,0.022,9.0,crítico
misperceptions,0,11,0.0,0.022,9.0,crítico
legibility,0,11,0.0,0.022,9.0,crítico
lockdowns,0,11,0.0,0.022,9.0,crítico
visits,0,11,0.0,0.022,9.0,crítico
radicalization,0,11,0.0,0.022,9.0,crítico
radiological,0,11,0.0,0.022,9.0,crítico
delineated,0,11,0.0,0.022,9.0,crítico
erodes,0,11,0.0,0.022,9.0,crítico
stewardship,0,11,0.0,0.022,9.0,crítico
nurturing,0,11,0.0,0.022,9.0,crítico
selfhood,0,11,0.0,0.022,9.0,crítico
staging,0,11,0.0,0.022,9.0,crítico
contests,0,11,0.0,0.022,9.0,crítico
coexist,0,11,0.0,0.022,9.0,crítico
winner,0,11,0.0,0.022,9.0,crítico
biologists,0,11,0.0,0.022,9.0,crítico
zuckerberg,0,11,0.0,0.022,9.0,crítico
conflated,0,11,0.0,0.022,9.0,crítico
romance,0,11,0.0,0.022,9.0,crítico
pov,0,11,0.0,0.022,9.0,crítico
urbanism,0,11,0.0,0.022,9.0,crítico
materialism,0,11,0.0,0.022,9.0,crítico
entangle,0,11,0.0,0.022,9.0,crítico
linkages,0,11,0.0,0.022,9.0,crítico
suspect,0,11,0.0,0.022,9.0,crítico
dystopian,0,11,0.0,0.022,9.0,crítico
hailing,0,11,0.0,0.022,9.0,crítico
acted,0,11,0.0,0.022,9.0,crítico
liminal,0,11,0.0,0.022,9.0,crítico
affording,0,11,0.0,0.022,9.0,crítico
promised,0,11,0.0,0.022,9.0,crítico
deepen,0,11,0.0,0.022,9.0,crítico
knowledgeable,0,11,0.0,0.022,9.0,crítico
newsroom,0,11,0.0,0.022,9.0,crítico
exacerbating,0,11,0.0,0.022,9.0,crítico
teenage,0,11,0.0,0.022,9.0,crítico
evoked,0,11,0.0,0.022,9.0,crítico
unexamined,0,11,0.0,0.022,9.0,crítico
reconfigures,0,11,0.0,0.022,9.0,crítico
civility,0,11,0.0,0.022,9.0,crítico
madrid,0,11,0.0,0.022,9.0,crítico
disciplining,0,11,0.0,0.022,9.0,crítico
otherness,0,11,0.0,0.022,9.0,crítico
monopoly,0,11,0.0,0.022,9.0,crítico
humanist,0,11,0.0,0.022,9.0,crítico
utopia,0,11,0.0,0.022,9.0,crítico
emblematic,0,11,0.0,0.022,9.0,crítico
purported,0,11,0.0,0.022,9.0,crítico
ghana,0,11,0.0,0.022,9.0,crítico
ling,0,11,0.0,0.022,9.0,crítico
bruno,0,11,0.0,0.022,9.0,crítico
elusive,0,11,0.0,0.022,9.0,crítico
endeavour,0,11,0.0,0.022,9.0,crítico
haraway,0,11,0.0,0.022,9.0,crítico
bicycle,0,11,0.0,0.022,9.0,crítico
emphasised,0,11,0.0,0.022,9.0,crítico
indeterminate,0,11,0.0,0.022,9.0,crítico
geneticists,0,11,0.0,0.022,9.0,crítico
humanitarianism,0,11,0.0,0.022,9.0,crítico
barad,0,11,0.0,0.022,9.0,crítico
subculture,0,11,0.0,0.022,9.0,crítico
linkedin,0,11,0.0,0.022,9.0,crítico
recruiting,0,11,0.0,0.022,9.0,crítico
surround,0,11,0.0,0.022,9.0,crítico
judicial,0,11,0.0,0.022,9.0,crítico
antagonism,0,11,0.0,0.022,9.0,crítico
subgroups,0,11,0.0,0.022,9.0,crítico
clash,0,11,0.0,0.022,9.0,crítico
aura,0,11,0.0,0.022,9.0,crítico
nonhumans,0,11,0.0,0.022,9.0,crítico
lifeworld,0,11,0.0,0.022,9.0,crítico
break,7,41,0.028,0.083,8.95,crítico
collectively,7,41,0.028,0.083,8.95,crítico
trading,7,41,0.028,0.083,8.95,crítico
ten,24,19,0.096,0.039,8.9,técnico
manage,29,104,0.116,0.211,8.9,crítico
isolated,24,19,0.096,0.039,8.9,técnico
safety,136,192,0.545,0.389,8.86,técnico
guided,41,42,0.164,0.085,8.81,técnico
necessarily,8,44,0.032,0.089,8.81,crítico
driver,36,35,0.144,0.071,8.8,técnico
generates,36,35,0.144,0.071,8.8,técnico
company,28,101,0.112,0.205,8.78,crítico
targeted,16,68,0.064,0.138,8.76,crítico
continuum,18,12,0.072,0.024,8.73,técnico
cues,15,65,0.06,0.132,8.71,crítico
answering,23,18,0.092,0.036,8.71,técnico
intrinsic,30,27,0.12,0.055,8.71,técnico
enables,93,122,0.373,0.247,8.69,técnico
relevance,27,98,0.108,0.199,8.67,crítico
newspapers,4,30,0.016,0.061,8.65,crítico
attend,4,30,0.016,0.061,8.65,crítico
emphasize,13,59,0.052,0.12,8.65,crítico
tone,4,30,0.016,0.061,8.65,crítico
aligning,4,30,0.016,0.061,8.65,crítico
amplified,4,30,0.016,0.061,8.65,crítico
emissions,4,30,0.016,0.061,8.65,crítico
phone,11,53,0.044,0.107,8.64,crítico
choice,37,124,0.148,0.251,8.64,crítico
options,6,37,0.024,0.075,8.62,crítico
tied,6,37,0.024,0.075,8.62,crítico
displacements,9,3,0.036,0.006,8.6,técnico
memetic,2,22,0.008,0.045,8.6,crítico
administrators,2,22,0.008,0.045,8.6,crítico
spreading,2,22,0.008,0.045,8.6,crítico
lexicon,9,3,0.036,0.006,8.6,técnico
restoring,9,3,0.036,0.006,8.6,técnico
excluded,2,22,0.008,0.045,8.6,crítico
priori,9,3,0.036,0.006,8.6,técnico
verbal,2,22,0.008,0.045,8.6,crítico
assistant,2,22,0.008,0.045,8.6,crítico
displaying,2,22,0.008,0.045,8.6,crítico
temperatures,9,3,0.036,0.006,8.6,técnico
geometries,9,3,0.036,0.006,8.6,técnico
consequential,2,22,0.008,0.045,8.6,crítico
pcs,9,3,0.036,0.006,8.6,técnico
established,136,193,0.545,0.391,8.6,técnico
differing,2,22,0.008,0.045,8.6,crítico
durability,9,3,0.036,0.006,8.6,técnico
hyperbolic,9,3,0.036,0.006,8.6,técnico
inverted,9,3,0.036,0.006,8.6,técnico
tended,2,22,0.008,0.045,8.6,crítico
labs,2,22,0.008,0.045,8.6,crítico
compromised,9,3,0.036,0.006,8.6,técnico
sp,9,3,0.036,0.006,8.6,técnico
evs,9,3,0.036,0.006,8.6,técnico
consisted,9,3,0.036,0.006,8.6,técnico
template,17,11,0.068,0.022,8.59,técnico
effect,186,278,0.746,0.563,8.58,técnico
every,55,63,0.221,0.128,8.56,técnico
extend,26,95,0.104,0.193,8.56,crítico
law,80,229,0.321,0.464,8.55,crítico
faces,26,22,0.104,0.045,8.54,técnico
aggressive,3,26,0.012,0.053,8.53,crítico
justification,3,26,0.012,0.053,8.53,crítico
interfaces,18,73,0.072,0.148,8.5,crítico
client,16,10,0.064,0.02,8.46,técnico
logs,16,10,0.064,0.02,8.46,técnico
saturation,16,10,0.064,0.02,8.46,técnico
encoded,16,10,0.064,0.02,8.46,técnico
evolving,28,100,0.112,0.203,8.45,crítico
poses,44,47,0.176,0.095,8.44,técnico
brought,17,70,0.068,0.142,8.43,crítico
drawn,17,70,0.068,0.142,8.43,crítico
though,21,81,0.084,0.164,8.39,crítico
practical,165,243,0.662,0.493,8.38,técnico
landscapes,1,17,0.004,0.034,8.37,crítico
manifestation,1,17,0.004,0.034,8.37,crítico
utilitarian,1,17,0.004,0.034,8.37,crítico
fabric,1,17,0.004,0.034,8.37,crítico
afford,1,17,0.004,0.034,8.37,crítico
convention,1,17,0.004,0.034,8.37,crítico
defend,1,17,0.004,0.034,8.37,crítico
pursued,1,17,0.004,0.034,8.37,crítico
contrasts,1,17,0.004,0.034,8.37,crítico
competencies,1,17,0.004,0.034,8.37,crítico
turing,1,17,0.004,0.034,8.37,crítico
architects,1,17,0.004,0.034,8.37,crítico
consolidate,1,17,0.004,0.034,8.37,crítico
engineer,1,17,0.004,0.034,8.37,crítico
underpinnings,1,17,0.004,0.034,8.37,crítico
zealand,1,17,0.004,0.034,8.37,crítico
chambers,1,17,0.004,0.034,8.37,crítico
predominant,1,17,0.004,0.034,8.37,crítico
traced,1,17,0.004,0.034,8.37,crítico
demographics,1,17,0.004,0.034,8.37,crítico
flawed,1,17,0.004,0.034,8.37,crítico
repercussions,1,17,0.004,0.034,8.37,crítico
surge,1,17,0.004,0.034,8.37,crítico
suppressed,10,4,0.04,0.008,8.35,técnico
glove,10,4,0.04,0.008,8.35,técnico
fusing,10,4,0.04,0.008,8.35,técnico
infinity,10,4,0.04,0.008,8.35,técnico
adaptable,10,4,0.04,0.008,8.35,técnico
adjusting,15,9,0.06,0.018,8.35,técnico
agnostic,15,9,0.06,0.018,8.35,técnico
sensitivities,10,4,0.04,0.008,8.35,técnico
neighboring,10,4,0.04,0.008,8.35,técnico
tokens,15,9,0.06,0.018,8.35,técnico
mines,10,4,0.04,0.008,8.35,técnico
reserve,10,4,0.04,0.008,8.35,técnico
crossover,10,4,0.04,0.008,8.35,técnico
portrait,10,4,0.04,0.008,8.35,técnico
inspect,10,4,0.04,0.008,8.35,técnico
commitments,8,43,0.032,0.087,8.33,crítico
planetary,5,33,0.02,0.067,8.32,crítico
divides,5,33,0.02,0.067,8.32,crítico
disruption,5,33,0.02,0.067,8.32,crítico
prone,21,16,0.084,0.032,8.31,técnico
fuel,21,16,0.084,0.032,8.31,técnico
elements,91,120,0.365,0.243,8.31,técnico
kind,32,110,0.128,0.223,8.31,crítico
viewing,15,64,0.06,0.13,8.31,crítico
entity,31,29,0.124,0.059,8.28,técnico
customers,28,25,0.112,0.051,8.27,técnico
circumstances,9,46,0.036,0.093,8.26,crítico
patient,34,115,0.136,0.233,8.26,crítico
catastrophic,14,8,0.056,0.016,8.26,técnico
complexities,9,46,0.036,0.093,8.26,crítico
colony,14,8,0.056,0.016,8.26,técnico
going,9,46,0.036,0.093,8.26,crítico
warehouse,14,8,0.056,0.016,8.26,técnico
speech,119,166,0.477,0.336,8.26,técnico
focuses,73,211,0.293,0.428,8.25,crítico
recovering,11,5,0.044,0.01,8.23,técnico
lesson,11,5,0.044,0.01,8.23,técnico
unity,11,5,0.044,0.01,8.23,técnico
supported,23,86,0.092,0.174,8.23,crítico
spoken,11,5,0.044,0.01,8.23,técnico
sent,11,5,0.044,0.01,8.23,técnico
inserted,11,5,0.044,0.01,8.23,técnico
dealing,36,36,0.144,0.073,8.22,técnico
unclear,10,49,0.04,0.099,8.22,crítico
sharp,13,7,0.052,0.014,8.21,técnico
interested,12,55,0.048,0.111,8.21,crítico
strain,13,7,0.052,0.014,8.21,técnico
maximizing,13,7,0.052,0.014,8.21,técnico
residential,13,7,0.052,0.014,8.21,técnico
bee,12,6,0.048,0.012,8.19,técnico
fold,12,6,0.048,0.012,8.19,técnico
modulated,12,6,0.048,0.012,8.19,técnico
diagrams,12,6,0.048,0.012,8.19,técnico
drastically,12,6,0.048,0.012,8.19,técnico
unreliable,12,6,0.048,0.012,8.19,técnico
philippines,0,10,0.0,0.02,8.18,crítico
materialized,0,10,0.0,0.02,8.18,crítico
testimony,0,10,0.0,0.02,8.18,crítico
closeness,0,10,0.0,0.02,8.18,crítico
obscures,0,10,0.0,0.02,8.18,crítico
videogames,0,10,0.0,0.02,8.18,crítico
reframe,0,10,0.0,0.02,8.18,crítico
nurture,0,10,0.0,0.02,8.18,crítico
paradoxes,0,10,0.0,0.02,8.18,crítico
unpacks,0,10,0.0,0.02,8.18,crítico
videogame,0,10,0.0,0.02,8.18,crítico
crowds,0,10,0.0,0.02,8.18,crítico
normatively,0,10,0.0,0.02,8.18,crítico
envisioning,0,10,0.0,0.02,8.18,crítico
remediation,0,10,0.0,0.02,8.18,crítico
unravel,0,10,0.0,0.02,8.18,crítico
cyberspace,0,10,0.0,0.02,8.18,crítico
microbes,0,10,0.0,0.02,8.18,crítico
visualisations,0,10,0.0,0.02,8.18,crítico
modernist,0,10,0.0,0.02,8.18,crítico
entwined,0,10,0.0,0.02,8.18,crítico
othering,0,10,0.0,0.02,8.18,crítico
navigated,0,10,0.0,0.02,8.18,crítico
concluding,0,10,0.0,0.02,8.18,crítico
preoccupation,0,10,0.0,0.02,8.18,crítico
worldview,0,10,0.0,0.02,8.18,crítico
strikingly,0,10,0.0,0.02,8.18,crítico
virality,0,10,0.0,0.02,8.18,crítico
coined,0,10,0.0,0.02,8.18,crítico
staged,0,10,0.0,0.02,8.18,crítico
materialization,0,10,0.0,0.02,8.18,crítico
watched,0,10,0.0,0.02,8.18,crítico
rejects,0,10,0.0,0.02,8.18,crítico
directing,0,10,0.0,0.02,8.18,crítico
curators,0,10,0.0,0.02,8.18,crítico
reimagining,0,10,0.0,0.02,8.18,crítico
answered,0,10,0.0,0.02,8.18,crítico
predispositions,0,10,0.0,0.02,8.18,crítico
ascribed,0,10,0.0,0.02,8.18,crítico
homophily,0,10,0.0,0.02,8.18,crítico
mobilised,0,10,0.0,0.02,8.18,crítico
pesticide,0,10,0.0,0.02,8.18,crítico
founders,0,10,0.0,0.02,8.18,crítico
petition,0,10,0.0,0.02,8.18,crítico
strangers,0,10,0.0,0.02,8.18,crítico
wearables,0,10,0.0,0.02,8.18,crítico
valuations,0,10,0.0,0.02,8.18,crítico
steadily,0,10,0.0,0.02,8.18,crítico
exceptions,0,10,0.0,0.02,8.18,crítico
toy,0,10,0.0,0.02,8.18,crítico
exclusions,0,10,0.0,0.02,8.18,crítico
legitimized,0,10,0.0,0.02,8.18,crítico
legitimizing,0,10,0.0,0.02,8.18,crítico
coproduction,0,10,0.0,0.02,8.18,crítico
dominates,0,10,0.0,0.02,8.18,crítico
sellers,0,10,0.0,0.02,8.18,crítico
outgroup,0,10,0.0,0.02,8.18,crítico
questioned,0,10,0.0,0.02,8.18,crítico
rationalities,0,10,0.0,0.02,8.18,crítico
convincing,0,10,0.0,0.02,8.18,crítico
vagueness,0,10,0.0,0.02,8.18,crítico
lifestyles,0,10,0.0,0.02,8.18,crítico
publicity,0,10,0.0,0.02,8.18,crítico
publicness,0,10,0.0,0.02,8.18,crítico
liking,0,10,0.0,0.02,8.18,crítico
economists,0,10,0.0,0.02,8.18,crítico
detailed,45,49,0.18,0.099,8.18,técnico
determinations,0,10,0.0,0.02,8.18,crítico
agonistic,0,10,0.0,0.02,8.18,crítico
nhs,0,10,0.0,0.02,8.18,crítico
scrutinized,0,10,0.0,0.02,8.18,crítico
initiation,0,10,0.0,0.02,8.18,crítico
functionally,0,10,0.0,0.02,8.18,crítico
july,0,10,0.0,0.02,8.18,crítico
worry,0,10,0.0,0.02,8.18,crítico
advertisers,0,10,0.0,0.02,8.18,crítico
justifying,0,10,0.0,0.02,8.18,crítico
problematizes,0,10,0.0,0.02,8.18,crítico
ghost,0,10,0.0,0.02,8.18,crítico
teleological,0,10,0.0,0.02,8.18,crítico
fallacy,0,10,0.0,0.02,8.18,crítico
bonds,0,10,0.0,0.02,8.18,crítico
scant,0,10,0.0,0.02,8.18,crítico
circumvent,0,10,0.0,0.02,8.18,crítico
societally,0,10,0.0,0.02,8.18,crítico
technopolitics,0,10,0.0,0.02,8.18,crítico
swiss,0,10,0.0,0.02,8.18,crítico
circumscribed,0,10,0.0,0.02,8.18,crítico
factorial,0,10,0.0,0.02,8.18,crítico
identifiable,0,10,0.0,0.02,8.18,crítico
exacerbates,0,10,0.0,0.02,8.18,crítico
stereotype,0,10,0.0,0.02,8.18,crítico
skeptics,0,10,0.0,0.02,8.18,crítico
trusting,0,10,0.0,0.02,8.18,crítico
eliciting,0,10,0.0,0.02,8.18,crítico
misconduct,0,10,0.0,0.02,8.18,crítico
insufficiently,0,10,0.0,0.02,8.18,crítico
subvert,0,10,0.0,0.02,8.18,crítico
theorization,0,10,0.0,0.02,8.18,crítico
powerlessness,0,10,0.0,0.02,8.18,crítico
restructuring,0,10,0.0,0.02,8.18,crítico
commentaries,0,10,0.0,0.02,8.18,crítico
casual,0,10,0.0,0.02,8.18,crítico
unethical,0,10,0.0,0.02,8.18,crítico
definitive,0,10,0.0,0.02,8.18,crítico
commentators,0,10,0.0,0.02,8.18,crítico
republican,0,10,0.0,0.02,8.18,crítico
oppressive,0,10,0.0,0.02,8.18,crítico
ambition,0,10,0.0,0.02,8.18,crítico
diaspora,0,10,0.0,0.02,8.18,crítico
obsolescence,0,10,0.0,0.02,8.18,crítico
archived,0,10,0.0,0.02,8.18,crítico
potentiality,0,10,0.0,0.02,8.18,crítico
revisits,0,10,0.0,0.02,8.18,crítico
decisive,0,10,0.0,0.02,8.18,crítico
distributive,0,10,0.0,0.02,8.18,crítico
posit,0,10,0.0,0.02,8.18,crítico
archivists,0,10,0.0,0.02,8.18,crítico
yourself,0,10,0.0,0.02,8.18,crítico
forge,0,10,0.0,0.02,8.18,crítico
podcasts,0,10,0.0,0.02,8.18,crítico
offerings,0,10,0.0,0.02,8.18,crítico
perturbed,6,1,0.024,0.002,8.17,técnico
rt,6,1,0.024,0.002,8.17,técnico
circuitry,6,1,0.024,0.002,8.17,técnico
viscosity,6,1,0.024,0.002,8.17,técnico
scattered,6,1,0.024,0.002,8.17,técnico
layouts,6,1,0.024,0.002,8.17,técnico
twisted,6,1,0.024,0.002,8.17,técnico
preset,6,1,0.024,0.002,8.17,técnico
mathematically,6,1,0.024,0.002,8.17,técnico
diversified,6,1,0.024,0.002,8.17,técnico
irradiation,6,1,0.024,0.002,8.17,técnico
dissimilar,6,1,0.024,0.002,8.17,técnico
scanners,6,1,0.024,0.002,8.17,técnico
programmable,6,1,0.024,0.002,8.17,técnico
transients,6,1,0.024,0.002,8.17,técnico
row,6,1,0.024,0.002,8.17,técnico
quantifies,6,1,0.024,0.002,8.17,técnico
inexpensive,6,1,0.024,0.002,8.17,técnico
unsatisfactory,6,1,0.024,0.002,8.17,técnico
verifying,6,1,0.024,0.002,8.17,técnico
smoothly,6,1,0.024,0.002,8.17,técnico
maneuver,6,1,0.024,0.002,8.17,técnico
collisions,6,1,0.024,0.002,8.17,técnico
wifi,6,1,0.024,0.002,8.17,técnico
arbitrarily,6,1,0.024,0.002,8.17,técnico
operations,82,106,0.329,0.215,8.17,técnico
adjusts,6,1,0.024,0.002,8.17,técnico
pearson,6,1,0.024,0.002,8.17,técnico
vital,47,52,0.188,0.105,8.15,técnico
increases,57,67,0.229,0.136,8.14,técnico
supporting,18,72,0.072,0.146,8.13,crítico
easier,20,15,0.08,0.03,8.13,técnico
gradually,24,20,0.096,0.041,8.12,técnico
languages,51,58,0.205,0.118,8.12,técnico
detail,38,39,0.152,0.079,8.12,técnico
evident,6,36,0.024,0.073,8.1,crítico
tell,4,29,0.016,0.059,8.08,crítico
organisation,4,29,0.016,0.059,8.08,crítico
disrupt,4,29,0.016,0.059,8.08,crítico
unequal,4,29,0.016,0.059,8.08,crítico
facilities,27,24,0.108,0.049,8.05,técnico
affects,24,88,0.096,0.178,8.0,crítico
interpretation,24,88,0.096,0.178,8.0,crítico
expressed,16,66,0.064,0.134,7.98,crítico
patents,2,21,0.008,0.043,7.96,crítico
repurposing,2,21,0.008,0.043,7.96,crítico
november,2,21,0.008,0.043,7.96,crítico
twofold,2,21,0.008,0.043,7.96,crítico
ubiquity,2,21,0.008,0.043,7.96,crítico
cue,2,21,0.008,0.043,7.96,crítico
invention,2,21,0.008,0.043,7.96,crítico
threaten,2,21,0.008,0.043,7.96,crítico
moderating,2,21,0.008,0.043,7.96,crítico
structuring,2,21,0.008,0.043,7.96,crítico
persistence,2,21,0.008,0.043,7.96,crítico
standpoint,2,21,0.008,0.043,7.96,crítico
importance,85,238,0.341,0.482,7.95,crítico
profiles,20,77,0.08,0.156,7.94,crítico
acknowledged,3,25,0.012,0.051,7.93,crítico
tangible,3,25,0.012,0.051,7.93,crítico
attempted,3,25,0.012,0.051,7.93,crítico
participating,3,25,0.012,0.051,7.93,crítico
celebrity,3,25,0.012,0.051,7.93,crítico
firm,3,25,0.012,0.051,7.93,crítico
contradictions,3,25,0.012,0.051,7.93,crítico
employs,46,51,0.184,0.103,7.92,técnico
air,54,63,0.217,0.128,7.91,técnico
expected,52,60,0.209,0.122,7.9,técnico
conclusions,32,31,0.128,0.063,7.89,técnico
compliance,8,42,0.032,0.085,7.86,crítico
narrow,14,60,0.056,0.122,7.86,crítico
surveys,8,42,0.032,0.085,7.86,crítico
tailored,29,27,0.116,0.055,7.83,técnico
commitment,13,57,0.052,0.116,7.82,crítico
smartphone,13,57,0.052,0.116,7.82,crítico
selective,13,57,0.052,0.116,7.82,crítico
begin,5,32,0.02,0.065,7.79,crítico
born,5,32,0.02,0.065,7.79,crítico
put,22,82,0.088,0.166,7.79,crítico
wing,10,48,0.04,0.097,7.78,crítico
expanded,10,48,0.04,0.097,7.78,crítico
changes,144,210,0.577,0.426,7.77,técnico
accumulation,11,51,0.044,0.103,7.77,crítico
facts,11,51,0.044,0.103,7.77,crítico
suited,18,13,0.072,0.026,7.76,técnico
station,18,13,0.072,0.026,7.76,técnico
evaluates,18,13,0.072,0.026,7.76,técnico
items,43,47,0.172,0.095,7.73,técnico
sequential,22,18,0.088,0.036,7.7,técnico
controls,22,18,0.088,0.036,7.7,técnico
emotion,21,79,0.084,0.16,7.68,crítico
austria,1,16,0.004,0.032,7.67,crítico
moderates,1,16,0.004,0.032,7.67,crítico
broadcasting,1,16,0.004,0.032,7.67,crítico
transactional,1,16,0.004,0.032,7.67,crítico
favour,1,16,0.004,0.032,7.67,crítico
canadian,1,16,0.004,0.032,7.67,crítico
telegram,1,16,0.004,0.032,7.67,crítico
artwork,1,16,0.004,0.032,7.67,crítico
typologies,1,16,0.004,0.032,7.67,crítico
constructivist,1,16,0.004,0.032,7.67,crítico
embraced,1,16,0.004,0.032,7.67,crítico
amidst,1,16,0.004,0.032,7.67,crítico
consolidation,1,16,0.004,0.032,7.67,crítico
lagged,1,16,0.004,0.032,7.67,crítico
scope,24,87,0.096,0.176,7.67,crítico
documenting,1,16,0.004,0.032,7.67,crítico
agentic,1,16,0.004,0.032,7.67,crítico
weeks,1,16,0.004,0.032,7.67,crítico
revision,1,16,0.004,0.032,7.67,crítico
analogy,1,16,0.004,0.032,7.67,crítico
supposedly,1,16,0.004,0.032,7.67,crítico
coalitions,1,16,0.004,0.032,7.67,crítico
him,1,16,0.004,0.032,7.67,crítico
stages,62,76,0.249,0.154,7.63,técnico
anticipated,6,35,0.024,0.071,7.6,crítico
orientations,6,35,0.024,0.071,7.6,crítico
positioned,6,35,0.024,0.071,7.6,crítico
linking,6,35,0.024,0.071,7.6,crítico
responsive,6,35,0.024,0.071,7.6,crítico
teach,17,12,0.068,0.024,7.59,técnico
benign,17,12,0.068,0.024,7.59,técnico
modular,17,12,0.068,0.024,7.59,técnico
consumption,109,152,0.437,0.308,7.58,técnico
because,175,264,0.702,0.535,7.58,técnico
rendered,4,28,0.016,0.057,7.53,crítico
illustrating,4,28,0.016,0.057,7.53,crítico
undertaken,4,28,0.016,0.057,7.53,crítico
labeling,21,17,0.084,0.034,7.49,técnico
comprises,21,17,0.084,0.034,7.49,técnico
whereby,7,38,0.028,0.077,7.47,crítico
framework,422,705,1.692,1.429,7.44,técnico
plus,16,11,0.064,0.022,7.43,técnico
token,16,11,0.064,0.022,7.43,técnico
master,16,11,0.064,0.022,7.43,técnico
modification,16,11,0.064,0.022,7.43,técnico
unprecedented,8,41,0.032,0.083,7.39,crítico
popularity,18,70,0.072,0.142,7.39,crítico
viewed,8,41,0.032,0.083,7.39,crítico
sst,7,2,0.028,0.004,7.38,técnico
mold,7,2,0.028,0.004,7.38,técnico
flip,7,2,0.028,0.004,7.38,técnico
amplifiers,7,2,0.028,0.004,7.38,técnico
surpassing,7,2,0.028,0.004,7.38,técnico
twice,7,2,0.028,0.004,7.38,técnico
stringent,7,2,0.028,0.004,7.38,técnico
plasticity,7,2,0.028,0.004,7.38,técnico
vegetation,7,2,0.028,0.004,7.38,técnico
district,7,2,0.028,0.004,7.38,técnico
diagnosing,7,2,0.028,0.004,7.38,técnico
relays,7,2,0.028,0.004,7.38,técnico
simplifying,7,2,0.028,0.004,7.38,técnico
sheet,7,2,0.028,0.004,7.38,técnico
prognosis,7,2,0.028,0.004,7.38,técnico
circulates,0,9,0.0,0.018,7.36,crítico
digitalized,0,9,0.0,0.018,7.36,crítico
circulations,0,9,0.0,0.018,7.36,crítico
accusations,0,9,0.0,0.018,7.36,crítico
courts,0,9,0.0,0.018,7.36,crítico
uncritically,0,9,0.0,0.018,7.36,crítico
elaborating,0,9,0.0,0.018,7.36,crítico
disappearing,0,9,0.0,0.018,7.36,crítico
immediacy,0,9,0.0,0.018,7.36,crítico
underexamined,0,9,0.0,0.018,7.36,crítico
else,0,9,0.0,0.018,7.36,crítico
walkthrough,0,9,0.0,0.018,7.36,crítico
falsehoods,0,9,0.0,0.018,7.36,crítico
amateur,0,9,0.0,0.018,7.36,crítico
unanticipated,0,9,0.0,0.018,7.36,crítico
institutionalization,0,9,0.0,0.018,7.36,crítico
racialised,0,9,0.0,0.018,7.36,crítico
uncanny,0,9,0.0,0.018,7.36,crítico
ageist,0,9,0.0,0.018,7.36,crítico
affirm,0,9,0.0,0.018,7.36,crítico
chats,0,9,0.0,0.018,7.36,crítico
affinities,0,9,0.0,0.018,7.36,crítico
perpetuating,0,9,0.0,0.018,7.36,crítico
uncritical,0,9,0.0,0.018,7.36,crítico
magical,0,9,0.0,0.018,7.36,crítico
poetic,0,9,0.0,0.018,7.36,crítico
operationalizing,0,9,0.0,0.018,7.36,crítico
takeover,0,9,0.0,0.018,7.36,crítico
immaterial,0,9,0.0,0.018,7.36,crítico
snapchat,0,9,0.0,0.018,7.36,crítico
explorative,0,9,0.0,0.018,7.36,crítico
attunement,0,9,0.0,0.018,7.36,crítico
narrated,0,9,0.0,0.018,7.36,crítico
impetus,0,9,0.0,0.018,7.36,crítico
groundwork,0,9,0.0,0.018,7.36,crítico
knowable,0,9,0.0,0.018,7.36,crítico
incarceration,0,9,0.0,0.018,7.36,crítico
faith,0,9,0.0,0.018,7.36,crítico
linguistically,0,9,0.0,0.018,7.36,crítico
diaries,0,9,0.0,0.018,7.36,crítico
witnesses,0,9,0.0,0.018,7.36,crítico
patriarchal,0,9,0.0,0.018,7.36,crítico
unskilled,0,9,0.0,0.018,7.36,crítico
refuse,0,9,0.0,0.018,7.36,crítico
alexa,0,9,0.0,0.018,7.36,crítico
flourishing,0,9,0.0,0.018,7.36,crítico
fluidity,0,9,0.0,0.018,7.36,crítico
semiotics,0,9,0.0,0.018,7.36,crítico
potentialities,0,9,0.0,0.018,7.36,crítico
prejudice,0,9,0.0,0.018,7.36,crítico
pharmaceuticals,0,9,0.0,0.018,7.36,crítico
quali,0,9,0.0,0.018,7.36,crítico
postphenomenology,0,9,0.0,0.018,7.36,crítico
invitation,0,9,0.0,0.018,7.36,crítico
quantifiable,0,9,0.0,0.018,7.36,crítico
prescribing,0,9,0.0,0.018,7.36,crítico
prescriptions,0,9,0.0,0.018,7.36,crítico
conceptualising,0,9,0.0,0.018,7.36,crítico
provocation,0,9,0.0,0.018,7.36,crítico
reply,0,9,0.0,0.018,7.36,crítico
violate,0,9,0.0,0.018,7.36,crítico
destabilized,0,9,0.0,0.018,7.36,crítico
pervasiveness,0,9,0.0,0.018,7.36,crítico
freelance,0,9,0.0,0.018,7.36,crítico
ambitious,0,9,0.0,0.018,7.36,crítico
caught,0,9,0.0,0.018,7.36,crítico
islamophobic,0,9,0.0,0.018,7.36,crítico
utopianism,0,9,0.0,0.018,7.36,crítico
organise,0,9,0.0,0.018,7.36,crítico
demarcation,0,9,0.0,0.018,7.36,crítico
boys,0,9,0.0,0.018,7.36,crítico
ihde,0,9,0.0,0.018,7.36,crítico
hosting,0,9,0.0,0.018,7.36,crítico
initiating,0,9,0.0,0.018,7.36,crítico
allies,0,9,0.0,0.018,7.36,crítico
mirroring,0,9,0.0,0.018,7.36,crítico
guilt,0,9,0.0,0.018,7.36,crítico
commodify,0,9,0.0,0.018,7.36,crítico
interrelations,0,9,0.0,0.018,7.36,crítico
intersubjective,0,9,0.0,0.018,7.36,crítico
intertwine,0,9,0.0,0.018,7.36,crítico
dreams,0,9,0.0,0.018,7.36,crítico
introductory,0,9,0.0,0.018,7.36,crítico
seoul,0,9,0.0,0.018,7.36,crítico
ephemerality,0,9,0.0,0.018,7.36,crítico
humane,0,9,0.0,0.018,7.36,crítico
fishing,0,9,0.0,0.018,7.36,crítico
infringement,0,9,0.0,0.018,7.36,crítico
intimately,0,9,0.0,0.018,7.36,crítico
foucauldian,0,9,0.0,0.018,7.36,crítico
supermarket,0,9,0.0,0.018,7.36,crítico
episode,0,9,0.0,0.018,7.36,crítico
epistemically,0,9,0.0,0.018,7.36,crítico
mock,0,9,0.0,0.018,7.36,crítico
goffman,0,9,0.0,0.018,7.36,crítico
cartography,0,9,0.0,0.018,7.36,crítico
amendment,0,9,0.0,0.018,7.36,crítico
referencing,0,9,0.0,0.018,7.36,crítico
advisory,0,9,0.0,0.018,7.36,crítico
deficits,0,9,0.0,0.018,7.36,crítico
anthropocentric,0,9,0.0,0.018,7.36,crítico
advocated,0,9,0.0,0.018,7.36,crítico
manners,0,9,0.0,0.018,7.36,crítico
surprise,0,9,0.0,0.018,7.36,crítico
lgbtqia,0,9,0.0,0.018,7.36,crítico
repression,0,9,0.0,0.018,7.36,crítico
drafting,0,9,0.0,0.018,7.36,crítico
licensing,0,9,0.0,0.018,7.36,crítico
joy,0,9,0.0,0.018,7.36,crítico
problematized,0,9,0.0,0.018,7.36,crítico
habitat,0,9,0.0,0.018,7.36,crítico
confronting,0,9,0.0,0.018,7.36,crítico
june,0,9,0.0,0.018,7.36,crítico
transgressive,0,9,0.0,0.018,7.36,crítico
exhaustion,0,9,0.0,0.018,7.36,crítico
jurisdictional,0,9,0.0,0.018,7.36,crítico
inscriptions,0,9,0.0,0.018,7.36,crítico
conveyed,0,9,0.0,0.018,7.36,crítico
feminists,0,9,0.0,0.018,7.36,crítico
cryopreservation,0,9,0.0,0.018,7.36,crítico
speculations,0,9,0.0,0.018,7.36,crítico
deskilling,0,9,0.0,0.018,7.36,crítico
provocative,0,9,0.0,0.018,7.36,crítico
dispute,0,9,0.0,0.018,7.36,crítico
james,0,9,0.0,0.018,7.36,crítico
fertile,0,9,0.0,0.018,7.36,crítico
girl,0,9,0.0,0.018,7.36,crítico
aside,0,9,0.0,0.018,7.36,crítico
feels,0,9,0.0,0.018,7.36,crítico
west,3,24,0.012,0.049,7.35,crítico
centrality,3,24,0.012,0.049,7.35,crítico
maintaining,57,69,0.229,0.14,7.35,técnico
emphasized,3,24,0.012,0.049,7.35,crítico
conversational,10,47,0.04,0.095,7.34,crítico
arguably,2,20,0.008,0.041,7.33,crítico
diffuse,2,20,0.008,0.041,7.33,crítico
entrepreneurs,2,20,0.008,0.041,7.33,crítico
freezing,2,20,0.008,0.041,7.33,crítico
rationale,2,20,0.008,0.041,7.33,crítico
digitized,2,20,0.008,0.041,7.33,crítico
separation,39,42,0.156,0.085,7.31,técnico
screen,39,42,0.156,0.085,7.31,técnico
updated,20,16,0.08,0.032,7.29,técnico
stabilization,20,16,0.08,0.032,7.29,técnico
getting,20,16,0.08,0.032,7.29,técnico
teachers,41,45,0.164,0.091,7.28,técnico
instances,51,60,0.205,0.122,7.27,técnico
principle,51,60,0.205,0.122,7.27,técnico
merging,15,10,0.06,0.02,7.27,técnico
graphics,15,10,0.06,0.02,7.27,técnico
constitution,5,31,0.02,0.063,7.27,crítico
absent,5,31,0.02,0.063,7.27,crítico
credit,5,31,0.02,0.063,7.27,crítico
constructed,87,117,0.349,0.237,7.25,técnico
supply,49,57,0.197,0.116,7.25,técnico
materials,90,122,0.361,0.247,7.22,técnico
thanks,23,20,0.092,0.041,7.17,técnico
cycles,26,24,0.104,0.049,7.15,técnico
playing,15,61,0.06,0.124,7.15,crítico
centralized,26,24,0.104,0.049,7.15,técnico
mini,14,9,0.056,0.018,7.13,técnico
join,14,9,0.056,0.018,7.13,técnico
autoregressive,14,9,0.056,0.018,7.13,técnico
asset,6,34,0.024,0.069,7.1,crítico
beginning,6,34,0.024,0.069,7.1,crítico
articulation,6,34,0.024,0.069,7.1,crítico
satisfy,19,15,0.076,0.03,7.08,técnico
deal,40,44,0.16,0.089,7.05,técnico
resultant,8,3,0.032,0.006,7.03,técnico
utterances,8,3,0.032,0.006,7.03,técnico
transcription,8,3,0.032,0.006,7.03,técnico
forcing,8,3,0.032,0.006,7.03,técnico
generalizability,8,3,0.032,0.006,7.03,técnico
loaded,8,3,0.032,0.006,7.03,técnico
arabic,8,3,0.032,0.006,7.03,técnico
plots,8,3,0.032,0.006,7.03,técnico
averaging,8,3,0.032,0.006,7.03,técnico
versatility,8,3,0.032,0.006,7.03,técnico
locked,8,3,0.032,0.006,7.03,técnico
overcomes,8,3,0.032,0.006,7.03,técnico
penalty,8,3,0.032,0.006,7.03,técnico
fraction,8,3,0.032,0.006,7.03,técnico
water,48,56,0.192,0.114,7.03,técnico
scratch,8,3,0.032,0.006,7.03,técnico
closely,13,55,0.052,0.111,7.02,crítico
performing,46,53,0.184,0.107,7.02,técnico
computers,13,55,0.052,0.111,7.02,crítico
ranked,13,8,0.052,0.016,7.01,técnico
showcasing,13,8,0.052,0.016,7.01,técnico
mismatch,13,8,0.052,0.016,7.01,técnico
lithium,13,8,0.052,0.016,7.01,técnico
am,13,8,0.052,0.016,7.01,técnico
explains,7,37,0.028,0.075,6.99,crítico
businesses,7,37,0.028,0.075,6.99,crítico
explanatory,4,27,0.016,0.055,6.98,crítico
locations,33,34,0.132,0.069,6.98,técnico
questioning,4,27,0.016,0.055,6.98,crítico
pursue,4,27,0.016,0.055,6.98,crítico
inadequate,4,27,0.016,0.055,6.98,crítico
edited,1,15,0.004,0.03,6.97,crítico
congruent,1,15,0.004,0.03,6.97,crítico
managerial,1,15,0.004,0.03,6.97,crítico
sensibilities,1,15,0.004,0.03,6.97,crítico
fish,1,15,0.004,0.03,6.97,crítico
supplement,1,15,0.004,0.03,6.97,crítico
internalization,1,15,0.004,0.03,6.97,crítico
cards,1,15,0.004,0.03,6.97,crítico
diverging,1,15,0.004,0.03,6.97,crítico
overlooking,1,15,0.004,0.03,6.97,crítico
unlikely,1,15,0.004,0.03,6.97,crítico
amplifying,1,15,0.004,0.03,6.97,crítico
records,12,52,0.048,0.105,6.97,crítico
invest,1,15,0.004,0.03,6.97,crítico
oncology,1,15,0.004,0.03,6.97,crítico
regularly,1,15,0.004,0.03,6.97,crítico
understands,1,15,0.004,0.03,6.97,crítico
formalization,1,15,0.004,0.03,6.97,crítico
proxies,1,15,0.004,0.03,6.97,crítico
indicator,22,19,0.088,0.039,6.95,técnico
exploitation,17,66,0.068,0.134,6.94,crítico
centers,17,66,0.068,0.134,6.94,crítico
editing,8,40,0.032,0.081,6.94,crítico
board,25,23,0.1,0.047,6.93,técnico
modality,25,23,0.1,0.047,6.93,técnico
interpret,11,49,0.044,0.099,6.93,crítico
independently,25,23,0.1,0.047,6.93,técnico
hours,12,7,0.048,0.014,6.91,técnico
satellites,12,7,0.048,0.014,6.91,técnico
ambiguity,9,43,0.036,0.087,6.91,crítico
batteries,12,7,0.048,0.014,6.91,técnico
dr,12,7,0.048,0.014,6.91,técnico
publicly,23,82,0.092,0.166,6.9,crítico
relative,53,64,0.213,0.13,6.89,técnico
decision,183,454,0.734,0.92,6.89,crítico
separated,18,14,0.072,0.028,6.88,técnico
latest,18,14,0.072,0.028,6.88,técnico
valve,9,4,0.036,0.008,6.87,técnico
satisfied,9,4,0.036,0.008,6.87,técnico
substrate,9,4,0.036,0.008,6.87,técnico
containers,9,4,0.036,0.008,6.87,técnico
yielding,9,4,0.036,0.008,6.87,técnico
settling,9,4,0.036,0.008,6.87,técnico
converts,9,4,0.036,0.008,6.87,técnico
adversary,9,4,0.036,0.008,6.87,técnico
sentinel,9,4,0.036,0.008,6.87,técnico
scaled,9,4,0.036,0.008,6.87,técnico
controlling,37,40,0.148,0.081,6.86,técnico
customized,11,6,0.044,0.012,6.85,técnico
floating,11,6,0.044,0.012,6.85,técnico
covered,11,6,0.044,0.012,6.85,técnico
suitability,11,6,0.044,0.012,6.85,técnico
cumulative,11,6,0.044,0.012,6.85,técnico
outer,11,6,0.044,0.012,6.85,técnico
exhaustive,11,6,0.044,0.012,6.85,técnico
destructive,10,5,0.04,0.01,6.82,técnico
elementary,10,5,0.04,0.01,6.82,técnico
npc,10,5,0.04,0.01,6.82,técnico
seamless,10,5,0.04,0.01,6.82,técnico
encrypted,10,5,0.04,0.01,6.82,técnico
unauthorized,10,5,0.04,0.01,6.82,técnico
streaming,25,87,0.1,0.176,6.82,crítico
negligible,10,5,0.04,0.01,6.82,técnico
avoids,10,5,0.04,0.01,6.82,técnico
investigated,83,112,0.333,0.227,6.81,técnico
tool,164,249,0.658,0.505,6.79,técnico
proxy,5,30,0.02,0.061,6.75,crítico
college,5,30,0.02,0.061,6.75,crítico
reached,21,18,0.084,0.036,6.73,técnico
shapes,29,97,0.116,0.197,6.72,crítico
april,2,19,0.008,0.039,6.7,crítico
ordinary,14,57,0.056,0.116,6.7,crítico
manifested,2,19,0.008,0.039,6.7,crítico
creatively,2,19,0.008,0.039,6.7,crítico
endeavor,2,19,0.008,0.039,6.7,crítico
performers,2,19,0.008,0.039,6.7,crítico
drew,2,19,0.008,0.039,6.7,crítico
october,2,19,0.008,0.039,6.7,crítico
researching,2,19,0.008,0.039,6.7,crítico
she,2,19,0.008,0.039,6.7,crítico
fight,2,19,0.008,0.039,6.7,crítico
brazilian,2,19,0.008,0.039,6.7,crítico
invited,2,19,0.008,0.039,6.7,crítico
observational,2,19,0.008,0.039,6.7,crítico
quasi,24,22,0.096,0.045,6.7,técnico
strongest,2,19,0.008,0.039,6.7,crítico
throughout,18,68,0.072,0.138,6.69,crítico
physically,17,13,0.068,0.026,6.69,técnico
period,31,102,0.124,0.207,6.69,crítico
advances,41,127,0.164,0.257,6.69,crítico
repair,21,76,0.084,0.154,6.67,crítico
inspired,50,60,0.201,0.122,6.65,técnico
alternatives,13,54,0.052,0.109,6.63,crítico
express,13,54,0.052,0.109,6.63,crítico
dilemma,6,33,0.024,0.067,6.61,crítico
feel,12,51,0.048,0.103,6.57,crítico
topics,30,99,0.12,0.201,6.56,crítico
intimacies,0,8,0.0,0.016,6.55,crítico
realist,0,8,0.0,0.016,6.55,crítico
gemini,0,8,0.0,0.016,6.55,crítico
relativism,0,8,0.0,0.016,6.55,crítico
multiplayer,0,8,0.0,0.016,6.55,crítico
computerization,0,8,0.0,0.016,6.55,crítico
rejecting,0,8,0.0,0.016,6.55,crítico
occupations,0,8,0.0,0.016,6.55,crítico
superhuman,0,8,0.0,0.016,6.55,crítico
immutable,0,8,0.0,0.016,6.55,crítico
designation,0,8,0.0,0.016,6.55,crítico
universalizing,0,8,0.0,0.016,6.55,crítico
eds,0,8,0.0,0.016,6.55,crítico
interspecies,0,8,0.0,0.016,6.55,crítico
disembodied,0,8,0.0,0.016,6.55,crítico
entrepreneurship,0,8,0.0,0.016,6.55,crítico
seemed,0,8,0.0,0.016,6.55,crítico
dispositional,0,8,0.0,0.016,6.55,crítico
ontologically,0,8,0.0,0.016,6.55,crítico
accompany,0,8,0.0,0.016,6.55,crítico
oppose,0,8,0.0,0.016,6.55,crítico
believing,0,8,0.0,0.016,6.55,crítico
universalism,0,8,0.0,0.016,6.55,crítico
galleries,0,8,0.0,0.016,6.55,crítico
suppliers,0,8,0.0,0.016,6.55,crítico
municipality,0,8,0.0,0.016,6.55,crítico
eroding,0,8,0.0,0.016,6.55,crítico
celebrated,0,8,0.0,0.016,6.55,crítico
reconfigurations,0,8,0.0,0.016,6.55,crítico
dialogical,0,8,0.0,0.016,6.55,crítico
biobanks,0,8,0.0,0.016,6.55,crítico
creep,0,8,0.0,0.016,6.55,crítico
problematizing,0,8,0.0,0.016,6.55,crítico
juxtaposition,0,8,0.0,0.016,6.55,crítico
biobank,0,8,0.0,0.016,6.55,crítico
palestinian,0,8,0.0,0.016,6.55,crítico
fathers,0,8,0.0,0.016,6.55,crítico
aspire,0,8,0.0,0.016,6.55,crítico
unregulated,0,8,0.0,0.016,6.55,crítico
dewey,0,8,0.0,0.016,6.55,crítico
reductionist,0,8,0.0,0.016,6.55,crítico
park,0,8,0.0,0.016,6.55,crítico
umbrella,0,8,0.0,0.016,6.55,crítico
jasanoff,0,8,0.0,0.016,6.55,crítico
feminized,0,8,0.0,0.016,6.55,crítico
ideologically,0,8,0.0,0.016,6.55,crítico
determinist,0,8,0.0,0.016,6.55,crítico
tenets,0,8,0.0,0.016,6.55,crítico
opponents,0,8,0.0,0.016,6.55,crítico
anew,0,8,0.0,0.016,6.55,crítico
illusions,0,8,0.0,0.016,6.55,crítico
marxist,0,8,0.0,0.016,6.55,crítico
illustrations,0,8,0.0,0.016,6.55,crítico
murder,0,8,0.0,0.016,6.55,crítico
foci,0,8,0.0,0.016,6.55,crítico
reify,0,8,0.0,0.016,6.55,crítico
replications,0,8,0.0,0.016,6.55,crítico
fungible,0,8,0.0,0.016,6.55,crítico
interlocutors,0,8,0.0,0.016,6.55,crítico
stressed,0,8,0.0,0.016,6.55,crítico
institutes,0,8,0.0,0.016,6.55,crítico
deem,0,8,0.0,0.016,6.55,crítico
milieu,0,8,0.0,0.016,6.55,crítico
forgotten,0,8,0.0,0.016,6.55,crítico
frictionless,0,8,0.0,0.016,6.55,crítico
podcast,0,8,0.0,0.016,6.55,crítico
routinized,0,8,0.0,0.016,6.55,crítico
pervade,0,8,0.0,0.016,6.55,crítico
revelations,0,8,0.0,0.016,6.55,crítico
barcelona,0,8,0.0,0.016,6.55,crítico
inseparable,0,8,0.0,0.016,6.55,crítico
pervasively,0,8,0.0,0.016,6.55,crítico
mobilise,0,8,0.0,0.016,6.55,crítico
undocumented,0,8,0.0,0.016,6.55,crítico
stressing,0,8,0.0,0.016,6.55,crítico
polarizing,0,8,0.0,0.016,6.55,crítico
robert,0,8,0.0,0.016,6.55,crítico
delegated,0,8,0.0,0.016,6.55,crítico
deleted,0,8,0.0,0.016,6.55,crítico
fracking,0,8,0.0,0.016,6.55,crítico
undermined,0,8,0.0,0.016,6.55,crítico
rhetorically,0,8,0.0,0.016,6.55,crítico
founder,0,8,0.0,0.016,6.55,crítico
deleuze,0,8,0.0,0.016,6.55,crítico
initiate,0,8,0.0,0.016,6.55,crítico
colombian,0,8,0.0,0.016,6.55,crítico
bbc,0,8,0.0,0.016,6.55,crítico
misogynist,0,8,0.0,0.016,6.55,crítico
thriving,0,8,0.0,0.016,6.55,crítico
inhabit,0,8,0.0,0.016,6.55,crítico
midjourney,0,8,0.0,0.016,6.55,crítico
nowhere,0,8,0.0,0.016,6.55,crítico
scraped,0,8,0.0,0.016,6.55,crítico
fuller,0,8,0.0,0.016,6.55,crítico
scopus,0,8,0.0,0.016,6.55,crítico
perils,0,8,0.0,0.016,6.55,crítico
bioethics,0,8,0.0,0.016,6.55,crítico
theorise,0,8,0.0,0.016,6.55,crítico
scholar,0,8,0.0,0.016,6.55,crítico
interacts,0,8,0.0,0.016,6.55,crítico
perpetrators,0,8,0.0,0.016,6.55,crítico
portuguese,0,8,0.0,0.016,6.55,crítico
perpetual,0,8,0.0,0.016,6.55,crítico
incarcerated,0,8,0.0,0.016,6.55,crítico
stigmatization,0,8,0.0,0.016,6.55,crítico
enquiry,0,8,0.0,0.016,6.55,crítico
cisgender,0,8,0.0,0.016,6.55,crítico
messenger,0,8,0.0,0.016,6.55,crítico
pornographic,0,8,0.0,0.016,6.55,crítico
subscription,0,8,0.0,0.016,6.55,crítico
allegedly,0,8,0.0,0.016,6.55,crítico
scandinavian,0,8,0.0,0.016,6.55,crítico
enmeshed,0,8,0.0,0.016,6.55,crítico
arctic,0,8,0.0,0.016,6.55,crítico
perpetuation,0,8,0.0,0.016,6.55,crítico
alliance,0,8,0.0,0.016,6.55,crítico
embryos,0,8,0.0,0.016,6.55,crítico
resisted,0,8,0.0,0.016,6.55,crítico
depended,0,8,0.0,0.016,6.55,crítico
personally,0,8,0.0,0.016,6.55,crítico
strands,0,8,0.0,0.016,6.55,crítico
politicized,0,8,0.0,0.016,6.55,crítico
responsibly,0,8,0.0,0.016,6.55,crítico
weave,0,8,0.0,0.016,6.55,crítico
kids,0,8,0.0,0.016,6.55,crítico
municipalities,0,8,0.0,0.016,6.55,crítico
racialization,0,8,0.0,0.016,6.55,crítico
qanon,0,8,0.0,0.016,6.55,crítico
grouped,0,8,0.0,0.016,6.55,crítico
sits,0,8,0.0,0.016,6.55,crítico
launching,0,8,0.0,0.016,6.55,crítico
consensual,0,8,0.0,0.016,6.55,crítico
originated,0,8,0.0,0.016,6.55,crítico
affirmative,0,8,0.0,0.016,6.55,crítico
somatic,0,8,0.0,0.016,6.55,crítico
urge,0,8,0.0,0.016,6.55,crítico
construed,0,8,0.0,0.016,6.55,crítico
letters,0,8,0.0,0.016,6.55,crítico
grip,0,8,0.0,0.016,6.55,crítico
neoliberalism,0,8,0.0,0.016,6.55,crítico
outrage,0,8,0.0,0.016,6.55,crítico
youths,0,8,0.0,0.016,6.55,crítico
britain,0,8,0.0,0.016,6.55,crítico
exhibition,0,8,0.0,0.016,6.55,crítico
woven,0,8,0.0,0.016,6.55,crítico
propensity,0,8,0.0,0.016,6.55,crítico
camps,0,8,0.0,0.016,6.55,crítico
magazine,0,8,0.0,0.016,6.55,crítico
contextualizing,0,8,0.0,0.016,6.55,crítico
governable,0,8,0.0,0.016,6.55,crítico
bombing,0,8,0.0,0.016,6.55,crítico
laypeople,0,8,0.0,0.016,6.55,crítico
newsrooms,0,8,0.0,0.016,6.55,crítico
exhibitions,0,8,0.0,0.016,6.55,crítico
historians,0,8,0.0,0.016,6.55,crítico
organizers,0,8,0.0,0.016,6.55,crítico
netnographic,0,8,0.0,0.016,6.55,crítico
shenzhen,0,8,0.0,0.016,6.55,crítico
racially,0,8,0.0,0.016,6.55,crítico
locative,0,8,0.0,0.016,6.55,crítico
faceted,0,8,0.0,0.016,6.55,crítico
twittersphere,0,8,0.0,0.016,6.55,crítico
sousveillance,0,8,0.0,0.016,6.55,crítico
happy,0,8,0.0,0.016,6.55,crítico
hitherto,0,8,0.0,0.016,6.55,crítico
legality,0,8,0.0,0.016,6.55,crítico
exercised,0,8,0.0,0.016,6.55,crítico
syrian,0,8,0.0,0.016,6.55,crítico
prominently,0,8,0.0,0.016,6.55,crítico
localities,0,8,0.0,0.016,6.55,crítico
branded,0,8,0.0,0.016,6.55,crítico
countered,0,8,0.0,0.016,6.55,crítico
cartographic,0,8,0.0,0.016,6.55,crítico
spontaneously,0,8,0.0,0.016,6.55,crítico
bullying,0,8,0.0,0.016,6.55,crítico
exaggerate,0,8,0.0,0.016,6.55,crítico
burdens,0,8,0.0,0.016,6.55,crítico
reshaping,7,36,0.028,0.073,6.53,crítico
institution,7,36,0.028,0.073,6.53,crítico
complement,7,36,0.028,0.073,6.53,crítico
integration,116,168,0.465,0.341,6.53,técnico
consequence,7,36,0.028,0.073,6.53,crítico
yield,26,25,0.104,0.051,6.53,técnico
moves,11,48,0.044,0.097,6.52,crítico
predictor,20,17,0.08,0.034,6.52,técnico
resonance,20,17,0.08,0.034,6.52,técnico
boundary,47,141,0.188,0.286,6.52,crítico
mrow,16,12,0.064,0.024,6.5,técnico
disadvantages,16,12,0.064,0.024,6.5,técnico
publication,10,45,0.04,0.091,6.49,crítico
candidates,10,45,0.04,0.091,6.49,crítico
phones,9,42,0.036,0.085,6.48,crítico
accessibility,9,42,0.036,0.085,6.48,crítico
you,23,21,0.092,0.043,6.48,técnico
identifying,78,105,0.313,0.213,6.47,técnico
early,74,205,0.297,0.416,6.47,crítico
thesis,33,35,0.132,0.071,6.46,técnico
determining,33,35,0.132,0.071,6.46,técnico
outcome,19,70,0.076,0.142,6.45,crítico
manifest,4,26,0.016,0.053,6.44,crítico
aligns,4,26,0.016,0.053,6.44,crítico
fluid,28,28,0.112,0.057,6.4,técnico
indicate,105,150,0.421,0.304,6.4,técnico
threat,31,101,0.124,0.205,6.4,crítico
coding,43,50,0.172,0.101,6.37,técnico
population,56,162,0.225,0.328,6.36,crítico
dependent,54,67,0.217,0.136,6.35,técnico
patients,44,133,0.176,0.27,6.35,crítico
presentation,21,75,0.084,0.152,6.34,crítico
passes,5,1,0.02,0.002,6.33,técnico
transmissions,5,1,0.02,0.002,6.33,técnico
fingerprints,5,1,0.02,0.002,6.33,técnico
ships,5,1,0.02,0.002,6.33,técnico
basically,5,1,0.02,0.002,6.33,técnico
stopping,5,1,0.02,0.002,6.33,técnico
periodicity,5,1,0.02,0.002,6.33,técnico
overlay,5,1,0.02,0.002,6.33,técnico
review,110,287,0.441,0.582,6.33,crítico
tumors,5,1,0.02,0.002,6.33,técnico
laplacian,5,1,0.02,0.002,6.33,técnico
ensured,5,1,0.02,0.002,6.33,técnico
compress,5,1,0.02,0.002,6.33,técnico
csi,5,1,0.02,0.002,6.33,técnico
practicability,5,1,0.02,0.002,6.33,técnico
wolf,5,1,0.02,0.002,6.33,técnico
differentiator,5,1,0.02,0.002,6.33,técnico
formulating,5,1,0.02,0.002,6.33,técnico
organs,5,1,0.02,0.002,6.33,técnico
parameterized,5,1,0.02,0.002,6.33,técnico
insensitive,5,1,0.02,0.002,6.33,técnico
uncontrolled,5,1,0.02,0.002,6.33,técnico
slave,5,1,0.02,0.002,6.33,técnico
bottlenecks,5,1,0.02,0.002,6.33,técnico
discovers,5,1,0.02,0.002,6.33,técnico
anomalous,5,1,0.02,0.002,6.33,técnico
activations,5,1,0.02,0.002,6.33,técnico
removing,15,11,0.06,0.022,6.32,técnico
misalignment,15,11,0.06,0.022,6.32,técnico
runs,15,11,0.06,0.022,6.32,técnico
queries,30,31,0.12,0.063,6.3,técnico
fashion,25,24,0.1,0.049,6.3,técnico
claiming,1,14,0.004,0.028,6.29,crítico
orient,1,14,0.004,0.028,6.29,crítico
camp,1,14,0.004,0.028,6.29,crítico
declining,1,14,0.004,0.028,6.29,crítico
worries,1,14,0.004,0.028,6.29,crítico
contextualized,1,14,0.004,0.028,6.29,crítico
entrenched,1,14,0.004,0.028,6.29,crítico
anchored,1,14,0.004,0.028,6.29,crítico
approached,1,14,0.004,0.028,6.29,crítico
attuned,1,14,0.004,0.028,6.29,crítico
disrupted,1,14,0.004,0.028,6.29,crítico
propositions,1,14,0.004,0.028,6.29,crítico
addiction,1,14,0.004,0.028,6.29,crítico
representative,28,93,0.112,0.189,6.29,crítico
hypothesized,1,14,0.004,0.028,6.29,crítico
focussing,1,14,0.004,0.028,6.29,crítico
founded,1,14,0.004,0.028,6.29,crítico
operationalization,1,14,0.004,0.028,6.29,crítico
reshaped,1,14,0.004,0.028,6.29,crítico
translates,1,14,0.004,0.028,6.29,crítico
crafting,1,14,0.004,0.028,6.29,crítico
behalf,1,14,0.004,0.028,6.29,crítico
holders,1,14,0.004,0.028,6.29,crítico
enthusiasm,1,14,0.004,0.028,6.29,crítico
technically,1,14,0.004,0.028,6.29,crítico
clinic,1,14,0.004,0.028,6.29,crítico
originating,1,14,0.004,0.028,6.29,crítico
unique,57,164,0.229,0.332,6.28,crítico
alter,5,29,0.02,0.059,6.25,crítico
protective,5,29,0.02,0.059,6.25,crítico
formation,72,96,0.289,0.195,6.25,técnico
translated,5,29,0.02,0.059,6.25,crítico
outlining,5,29,0.02,0.059,6.25,crítico
expands,5,29,0.02,0.059,6.25,crítico
radio,32,34,0.128,0.069,6.23,técnico
management,154,385,0.618,0.78,6.22,crítico
affect,66,185,0.265,0.375,6.22,crítico
latter,20,72,0.08,0.146,6.22,crítico
say,3,22,0.012,0.045,6.2,crítico
briefly,3,22,0.012,0.045,6.2,crítico
wealth,3,22,0.012,0.045,6.2,crítico
misuse,3,22,0.012,0.045,6.2,crítico
translating,3,22,0.012,0.045,6.2,crítico
ourselves,3,22,0.012,0.045,6.2,crítico
asymmetrical,3,22,0.012,0.045,6.2,crítico
curated,3,22,0.012,0.045,6.2,crítico
intensive,27,90,0.108,0.182,6.16,crítico
subsequently,42,49,0.168,0.099,6.15,técnico
medical,143,216,0.573,0.438,6.14,técnico
fire,14,10,0.056,0.02,6.14,técnico
reflective,6,32,0.024,0.065,6.13,crítico
commercialization,6,32,0.024,0.065,6.13,crítico
turns,6,32,0.024,0.065,6.13,crítico
persistent,11,47,0.044,0.095,6.12,crítico
sensitive,68,90,0.273,0.182,6.11,técnico
willing,2,18,0.008,0.036,6.09,crítico
thresholds,18,15,0.072,0.03,6.09,técnico
disorders,2,18,0.008,0.036,6.09,crítico
interest,90,240,0.361,0.486,6.09,crítico
structurally,2,18,0.008,0.036,6.09,crítico
instability,18,15,0.072,0.03,6.09,técnico
pertaining,2,18,0.008,0.036,6.09,crítico
maker,2,18,0.008,0.036,6.09,crítico
underlie,2,18,0.008,0.036,6.09,crítico
elicit,2,18,0.008,0.036,6.09,crítico
fragile,2,18,0.008,0.036,6.09,crítico
facets,2,18,0.008,0.036,6.09,crítico
learners,18,15,0.072,0.03,6.09,técnico
intersecting,2,18,0.008,0.036,6.09,crítico
immersion,2,18,0.008,0.036,6.09,crítico
intentionality,2,18,0.008,0.036,6.09,crítico
indirectly,7,35,0.028,0.071,6.07,crítico
correlations,24,23,0.096,0.047,6.07,técnico
separate,29,30,0.116,0.061,6.07,técnico
opens,9,41,0.036,0.083,6.05,crítico
transitions,8,38,0.032,0.077,6.05,crítico
website,9,41,0.036,0.083,6.05,crítico
facilitating,15,58,0.06,0.118,6.04,crítico
biomedical,26,87,0.104,0.176,6.03,crítico
decade,18,66,0.072,0.134,6.0,crítico
previously,54,68,0.217,0.138,5.99,técnico
characterized,32,102,0.128,0.207,5.98,crítico
bar,13,9,0.052,0.018,5.97,técnico
types,186,292,0.746,0.592,5.96,técnico
phases,33,36,0.132,0.073,5.96,técnico
analyzing,67,186,0.269,0.377,5.94,crítico
causes,41,48,0.164,0.097,5.94,técnico
part,154,383,0.618,0.776,5.93,crítico
approval,4,25,0.016,0.051,5.92,crítico
gene,4,25,0.016,0.051,5.92,crítico
print,4,25,0.016,0.051,5.92,crítico
implicit,17,63,0.068,0.128,5.89,crítico
duty,17,14,0.068,0.028,5.88,técnico
spring,17,14,0.068,0.028,5.88,técnico
avoidance,28,29,0.112,0.059,5.84,técnico
randomly,28,29,0.112,0.059,5.84,técnico
balancing,28,29,0.112,0.059,5.84,técnico
window,23,22,0.092,0.045,5.84,técnico
custom,12,8,0.048,0.016,5.82,técnico
probabilities,12,8,0.048,0.016,5.82,técnico
names,20,18,0.08,0.036,5.81,técnico
field,300,497,1.203,1.007,5.8,técnico
align,16,60,0.064,0.122,5.79,crítico
adopted,53,67,0.213,0.136,5.79,técnico
explored,40,121,0.16,0.245,5.79,crítico
spent,5,28,0.02,0.057,5.75,crítico
aesthetics,5,28,0.02,0.057,5.75,crítico
taking,61,171,0.245,0.347,5.75,crítico
institute,5,28,0.02,0.057,5.75,crítico
denial,6,2,0.024,0.004,5.74,técnico
breakthroughs,6,2,0.024,0.004,5.74,técnico
alpha,6,2,0.024,0.004,5.74,técnico
resistive,6,2,0.024,0.004,5.74,técnico
transfers,6,2,0.024,0.004,5.74,técnico
ing,6,2,0.024,0.004,5.74,técnico
calibrate,6,2,0.024,0.004,5.74,técnico
unconstrained,6,2,0.024,0.004,5.74,técnico
supervisory,6,2,0.024,0.004,5.74,técnico
selections,6,2,0.024,0.004,5.74,técnico
equals,6,2,0.024,0.004,5.74,técnico
invalid,6,2,0.024,0.004,5.74,técnico
corresponds,6,2,0.024,0.004,5.74,técnico
uci,6,2,0.024,0.004,5.74,técnico
wires,6,2,0.024,0.004,5.74,técnico
cement,6,2,0.024,0.004,5.74,técnico
computes,6,2,0.024,0.004,5.74,técnico
downtime,6,2,0.024,0.004,5.74,técnico
magnets,6,2,0.024,0.004,5.74,técnico
trapped,6,2,0.024,0.004,5.74,técnico
bilateral,6,2,0.024,0.004,5.74,técnico
isolate,6,2,0.024,0.004,5.74,técnico
landmarks,6,2,0.024,0.004,5.74,técnico
gives,32,35,0.128,0.071,5.74,técnico
packets,6,2,0.024,0.004,5.74,técnico
nc,6,2,0.024,0.004,5.74,técnico
permits,6,2,0.024,0.004,5.74,técnico
tradeoff,6,2,0.024,0.004,5.74,técnico
odd,6,2,0.024,0.004,5.74,técnico
alarms,6,2,0.024,0.004,5.74,técnico
coercive,0,7,0.0,0.014,5.73,crítico
sender,0,7,0.0,0.014,5.73,crítico
stark,0,7,0.0,0.014,5.73,crítico
destabilizes,0,7,0.0,0.014,5.73,crítico
petitions,0,7,0.0,0.014,5.73,crítico
coalition,0,7,0.0,0.014,5.73,crítico
edged,0,7,0.0,0.014,5.73,crítico
participates,0,7,0.0,0.014,5.73,crítico
echoing,0,7,0.0,0.014,5.73,crítico
inferential,0,7,0.0,0.014,5.73,crítico
centralization,0,7,0.0,0.014,5.73,crítico
solutionist,0,7,0.0,0.014,5.73,crítico
dramaturgical,0,7,0.0,0.014,5.73,crítico
ec,0,7,0.0,0.014,5.73,crítico
socialized,0,7,0.0,0.014,5.73,crítico
neocolonial,0,7,0.0,0.014,5.73,crítico
wittgenstein,0,7,0.0,0.014,5.73,crítico
anthropologists,0,7,0.0,0.014,5.73,crítico
soundness,0,7,0.0,0.014,5.73,crítico
humanism,0,7,0.0,0.014,5.73,crítico
happiness,0,7,0.0,0.014,5.73,crítico
palestine,0,7,0.0,0.014,5.73,crítico
travels,0,7,0.0,0.014,5.73,crítico
sexually,0,7,0.0,0.014,5.73,crítico
duties,0,7,0.0,0.014,5.73,crítico
aotearoa,0,7,0.0,0.014,5.73,crítico
naturalized,0,7,0.0,0.014,5.73,crítico
diasporic,0,7,0.0,0.014,5.73,crítico
cautionary,0,7,0.0,0.014,5.73,crítico
occupying,0,7,0.0,0.014,5.73,crítico
won,0,7,0.0,0.014,5.73,crítico
devaluation,0,7,0.0,0.014,5.73,crítico
earn,0,7,0.0,0.014,5.73,crítico
parliaments,0,7,0.0,0.014,5.73,crítico
imaginative,0,7,0.0,0.014,5.73,crítico
detriment,0,7,0.0,0.014,5.73,crítico
idiom,0,7,0.0,0.014,5.73,crítico
coin,0,7,0.0,0.014,5.73,crítico
wars,0,7,0.0,0.014,5.73,crítico
sina,0,7,0.0,0.014,5.73,crítico
diplomacy,0,7,0.0,0.014,5.73,crítico
dismissed,0,7,0.0,0.014,5.73,crítico
unaware,0,7,0.0,0.014,5.73,crítico
seeming,0,7,0.0,0.014,5.73,crítico
outsourced,0,7,0.0,0.014,5.73,crítico
outsiders,0,7,0.0,0.014,5.73,crítico
wield,0,7,0.0,0.014,5.73,crítico
sectoral,0,7,0.0,0.014,5.73,crítico
gatekeeper,0,7,0.0,0.014,5.73,crítico
donate,0,7,0.0,0.014,5.73,crítico
belgian,0,7,0.0,0.014,5.73,crítico
frustrations,0,7,0.0,0.014,5.73,crítico
stereotyped,0,7,0.0,0.014,5.73,crítico
inevitability,0,7,0.0,0.014,5.73,crítico
permeate,0,7,0.0,0.014,5.73,crítico
emancipatory,0,7,0.0,0.014,5.73,crítico
scaffolding,0,7,0.0,0.014,5.73,crítico
digitality,0,7,0.0,0.014,5.73,crítico
domesticated,0,7,0.0,0.014,5.73,crítico
actants,0,7,0.0,0.014,5.73,crítico
habituation,0,7,0.0,0.014,5.73,crítico
brussels,0,7,0.0,0.014,5.73,crítico
acquaintances,0,7,0.0,0.014,5.73,crítico
broker,0,7,0.0,0.014,5.73,crítico
turk,0,7,0.0,0.014,5.73,crítico
paul,0,7,0.0,0.014,5.73,crítico
buzzword,0,7,0.0,0.014,5.73,crítico
historic,0,7,0.0,0.014,5.73,crítico
club,0,7,0.0,0.014,5.73,crítico
blurs,0,7,0.0,0.014,5.73,crítico
closes,0,7,0.0,0.014,5.73,crítico
sociability,0,7,0.0,0.014,5.73,crítico
spatialities,0,7,0.0,0.014,5.73,crítico
calculable,0,7,0.0,0.014,5.73,crítico
anecdotal,0,7,0.0,0.014,5.73,crítico
divisive,0,7,0.0,0.014,5.73,crítico
spatiality,0,7,0.0,0.014,5.73,crítico
diets,0,7,0.0,0.014,5.73,crítico
unacknowledged,0,7,0.0,0.014,5.73,crítico
persuasiveness,0,7,0.0,0.014,5.73,crítico
calculability,0,7,0.0,0.014,5.73,crítico
imbued,0,7,0.0,0.014,5.73,crítico
ego,0,7,0.0,0.014,5.73,crítico
deny,0,7,0.0,0.014,5.73,crítico
emphasises,0,7,0.0,0.014,5.73,crítico
nongovernmental,0,7,0.0,0.014,5.73,crítico
denying,0,7,0.0,0.014,5.73,crítico
angry,0,7,0.0,0.014,5.73,crítico
multifarious,0,7,0.0,0.014,5.73,crítico
transcends,0,7,0.0,0.014,5.73,crítico
purposeful,0,7,0.0,0.014,5.73,crítico
reflexively,0,7,0.0,0.014,5.73,crítico
disclosing,0,7,0.0,0.014,5.73,crítico
backstage,0,7,0.0,0.014,5.73,crítico
portrays,0,7,0.0,0.014,5.73,crítico
ethnographers,0,7,0.0,0.014,5.73,crítico
courtroom,0,7,0.0,0.014,5.73,crítico
fellow,0,7,0.0,0.014,5.73,crítico
complaint,0,7,0.0,0.014,5.73,crítico
distinctly,0,7,0.0,0.014,5.73,crítico
loosely,0,7,0.0,0.014,5.73,crítico
unveils,0,7,0.0,0.014,5.73,crítico
suspicion,0,7,0.0,0.014,5.73,crítico
ensembles,0,7,0.0,0.014,5.73,crítico
babies,0,7,0.0,0.014,5.73,crítico
reconceptualization,0,7,0.0,0.014,5.73,crítico
repressive,0,7,0.0,0.014,5.73,crítico
testimonies,0,7,0.0,0.014,5.73,crítico
fairer,0,7,0.0,0.014,5.73,crítico
decentralization,0,7,0.0,0.014,5.73,crítico
substitutes,0,7,0.0,0.014,5.73,crítico
ethic,0,7,0.0,0.014,5.73,crítico
unpacked,0,7,0.0,0.014,5.73,crítico
estate,0,7,0.0,0.014,5.73,crítico
affiliations,0,7,0.0,0.014,5.73,crítico
substantively,0,7,0.0,0.014,5.73,crítico
metaphysical,0,7,0.0,0.014,5.73,crítico
recast,0,7,0.0,0.014,5.73,crítico
footprints,0,7,0.0,0.014,5.73,crítico
conspiratorial,0,7,0.0,0.014,5.73,crítico
invasion,0,7,0.0,0.014,5.73,crítico
voluntarily,0,7,0.0,0.014,5.73,crítico
ponty,0,7,0.0,0.014,5.73,crítico
reframed,0,7,0.0,0.014,5.73,crítico
kin,0,7,0.0,0.014,5.73,crítico
referential,0,7,0.0,0.014,5.73,crítico
killer,0,7,0.0,0.014,5.73,crítico
fixing,0,7,0.0,0.014,5.73,crítico
euro,0,7,0.0,0.014,5.73,crítico
cynical,0,7,0.0,0.014,5.73,crítico
superficial,0,7,0.0,0.014,5.73,crítico
daiichi,0,7,0.0,0.014,5.73,crítico
europeans,0,7,0.0,0.014,5.73,crítico
dall,0,7,0.0,0.014,5.73,crítico
observatory,0,7,0.0,0.014,5.73,crítico
evade,0,7,0.0,0.014,5.73,crítico
configures,0,7,0.0,0.014,5.73,crítico
confines,0,7,0.0,0.014,5.73,crítico
entitled,0,7,0.0,0.014,5.73,crítico
surrogacy,0,7,0.0,0.014,5.73,crítico
unruly,0,7,0.0,0.014,5.73,crítico
remedies,0,7,0.0,0.014,5.73,crítico
intervenes,0,7,0.0,0.014,5.73,crítico
fantasy,0,7,0.0,0.014,5.73,crítico
problematise,0,7,0.0,0.014,5.73,crítico
justifiable,0,7,0.0,0.014,5.73,crítico
internationalization,0,7,0.0,0.014,5.73,crítico
privatization,0,7,0.0,0.014,5.73,crítico
recruit,0,7,0.0,0.014,5.73,crítico
mediations,0,7,0.0,0.014,5.73,crítico
mandated,0,7,0.0,0.014,5.73,crítico
mandate,0,7,0.0,0.014,5.73,crítico
postings,0,7,0.0,0.014,5.73,crítico
aesthetically,0,7,0.0,0.014,5.73,crítico
interlocking,0,7,0.0,0.014,5.73,crítico
congress,0,7,0.0,0.014,5.73,crítico
survived,0,7,0.0,0.014,5.73,crítico
posters,0,7,0.0,0.014,5.73,crítico
corruption,0,7,0.0,0.014,5.73,crítico
visuality,0,7,0.0,0.014,5.73,crítico
valorization,0,7,0.0,0.014,5.73,crítico
excitement,0,7,0.0,0.014,5.73,crítico
obsolete,0,7,0.0,0.014,5.73,crítico
subjectively,0,7,0.0,0.014,5.73,crítico
mirrored,0,7,0.0,0.014,5.73,crítico
colonization,0,7,0.0,0.014,5.73,crítico
tacitly,0,7,0.0,0.014,5.73,crítico
races,0,7,0.0,0.014,5.73,crítico
contending,0,7,0.0,0.014,5.73,crítico
unesco,0,7,0.0,0.014,5.73,crítico
walter,0,7,0.0,0.014,5.73,crítico
contextualization,0,7,0.0,0.014,5.73,crítico
provocations,0,7,0.0,0.014,5.73,crítico
reworking,0,7,0.0,0.014,5.73,crítico
literally,0,7,0.0,0.014,5.73,crítico
revolves,0,7,0.0,0.014,5.73,crítico
irish,0,7,0.0,0.014,5.73,crítico
attacked,0,7,0.0,0.014,5.73,crítico
inscrutable,0,7,0.0,0.014,5.73,crítico
exercising,0,7,0.0,0.014,5.73,crítico
livestreaming,0,7,0.0,0.014,5.73,crítico
inscribe,0,7,0.0,0.014,5.73,crítico
dehumanizing,0,7,0.0,0.014,5.73,crítico
psychologists,0,7,0.0,0.014,5.73,crítico
livelihoods,0,7,0.0,0.014,5.73,crítico
contractual,0,7,0.0,0.014,5.73,crítico
conceptualises,0,7,0.0,0.014,5.73,crítico
urges,0,7,0.0,0.014,5.73,crítico
concert,0,7,0.0,0.014,5.73,crítico
strives,0,7,0.0,0.014,5.73,crítico
thrive,0,7,0.0,0.014,5.73,crítico
foregrounded,0,7,0.0,0.014,5.73,crítico
warn,0,7,0.0,0.014,5.73,crítico
looping,0,7,0.0,0.014,5.73,crítico
likeness,0,7,0.0,0.014,5.73,crítico
rationalize,0,7,0.0,0.014,5.73,crítico
consultants,0,7,0.0,0.014,5.73,crítico
unnoticed,0,7,0.0,0.014,5.73,crítico
commonplace,0,7,0.0,0.014,5.73,crítico
islands,0,7,0.0,0.014,5.73,crítico
conundrum,0,7,0.0,0.014,5.73,crítico
subordinate,0,7,0.0,0.014,5.73,crítico
contradicting,0,7,0.0,0.014,5.73,crítico
restructure,0,7,0.0,0.014,5.73,crítico
wage,0,7,0.0,0.014,5.73,crítico
filipino,0,7,0.0,0.014,5.73,crítico
authored,0,7,0.0,0.014,5.73,crítico
essentialism,0,7,0.0,0.014,5.73,crítico
tastes,0,7,0.0,0.014,5.73,crítico
attentiveness,0,7,0.0,0.014,5.73,crítico
chain,36,41,0.144,0.083,5.71,técnico
innovative,56,72,0.225,0.146,5.71,técnico
translation,56,72,0.225,0.146,5.71,técnico
triggered,25,25,0.1,0.051,5.71,técnico
following,87,231,0.349,0.468,5.7,crítico
seed,11,7,0.044,0.014,5.68,técnico
exogenous,11,7,0.044,0.014,5.68,técnico
budget,11,7,0.044,0.014,5.68,técnico
teams,10,43,0.04,0.087,5.67,crítico
independence,16,13,0.064,0.026,5.67,técnico
later,18,65,0.072,0.132,5.67,crítico
formations,6,31,0.024,0.063,5.66,crítico
clarity,6,31,0.024,0.063,5.66,crítico
maps,75,103,0.301,0.209,5.65,técnico
locus,3,21,0.012,0.043,5.65,crítico
thick,3,21,0.012,0.043,5.65,crítico
conferences,3,21,0.012,0.043,5.65,crítico
skilled,3,21,0.012,0.043,5.65,crítico
acceptability,3,21,0.012,0.043,5.65,crítico
hospitals,3,21,0.012,0.043,5.65,crítico
denmark,3,21,0.012,0.043,5.65,crítico
configure,3,21,0.012,0.043,5.65,crítico
treat,9,40,0.036,0.081,5.63,crítico
created,57,161,0.229,0.326,5.63,crítico
removal,27,28,0.108,0.057,5.62,técnico
customer,27,28,0.108,0.057,5.62,técnico
zone,22,21,0.088,0.043,5.62,técnico
piece,7,34,0.028,0.069,5.62,crítico
educational,67,90,0.269,0.182,5.62,técnico
essays,1,13,0.004,0.026,5.61,crítico
territorial,1,13,0.004,0.026,5.61,crítico
fixes,1,13,0.004,0.026,5.61,crítico
traceability,1,13,0.004,0.026,5.61,crítico
fill,8,37,0.032,0.075,5.61,crítico
thirty,1,13,0.004,0.026,5.61,crítico
charged,1,13,0.004,0.026,5.61,crítico
questionable,1,13,0.004,0.026,5.61,crítico
bypass,1,13,0.004,0.026,5.61,crítico
translate,8,37,0.032,0.075,5.61,crítico
constraining,1,13,0.004,0.026,5.61,crítico
exception,1,13,0.004,0.026,5.61,crítico
blindness,1,13,0.004,0.026,5.61,crítico
endorse,1,13,0.004,0.026,5.61,crítico
infectious,1,13,0.004,0.026,5.61,crítico
occasionally,1,13,0.004,0.026,5.61,crítico
pet,1,13,0.004,0.026,5.61,crítico
treated,8,37,0.032,0.075,5.61,crítico
nordic,1,13,0.004,0.026,5.61,crítico
informants,1,13,0.004,0.026,5.61,crítico
undermines,1,13,0.004,0.026,5.61,crítico
physician,1,13,0.004,0.026,5.61,crítico
communicating,1,13,0.004,0.026,5.61,crítico
proliferating,1,13,0.004,0.026,5.61,crítico
workplaces,1,13,0.004,0.026,5.61,crítico
exacerbated,1,13,0.004,0.026,5.61,crítico
jurisdictions,1,13,0.004,0.026,5.61,crítico
peculiar,1,13,0.004,0.026,5.61,crítico
recruited,1,13,0.004,0.026,5.61,crítico
vitality,1,13,0.004,0.026,5.61,crítico
complements,1,13,0.004,0.026,5.61,crítico
households,1,13,0.004,0.026,5.61,crítico
posing,1,13,0.004,0.026,5.61,crítico
escape,1,13,0.004,0.026,5.61,crítico
caregivers,1,13,0.004,0.026,5.61,crítico
underscores,8,37,0.032,0.075,5.61,crítico
dichotomy,1,13,0.004,0.026,5.61,crítico
enjoyment,1,13,0.004,0.026,5.61,crítico
semi,42,125,0.168,0.253,5.58,crítico
synthesized,10,6,0.04,0.012,5.57,técnico
naïve,10,6,0.04,0.012,5.57,técnico
abundant,10,6,0.04,0.012,5.57,técnico
ap,10,6,0.04,0.012,5.57,técnico
missed,10,6,0.04,0.012,5.57,técnico
meters,10,6,0.04,0.012,5.57,técnico
thereafter,10,6,0.04,0.012,5.57,técnico
flood,10,6,0.04,0.012,5.57,técnico
theoretically,17,62,0.068,0.126,5.56,crítico
depend,29,31,0.116,0.063,5.55,técnico
thirdly,7,3,0.028,0.006,5.52,técnico
cf,7,3,0.028,0.006,5.52,técnico
receptive,7,3,0.028,0.006,5.52,técnico
mahalanobis,7,3,0.028,0.006,5.52,técnico
disk,7,3,0.028,0.006,5.52,técnico
decode,7,3,0.028,0.006,5.52,técnico
mixing,7,3,0.028,0.006,5.52,técnico
systematization,7,3,0.028,0.006,5.52,técnico
pdf,7,3,0.028,0.006,5.52,técnico
formulas,7,3,0.028,0.006,5.52,técnico
belt,7,3,0.028,0.006,5.52,técnico
allocate,7,3,0.028,0.006,5.52,técnico
bulk,7,3,0.028,0.006,5.52,técnico
week,2,17,0.008,0.034,5.49,crítico
file,9,5,0.036,0.01,5.49,técnico
operative,2,17,0.008,0.034,5.49,crítico
occupy,2,17,0.008,0.034,5.49,crítico
featured,2,17,0.008,0.034,5.49,crítico
checks,2,17,0.008,0.034,5.49,crítico
donor,2,17,0.008,0.034,5.49,crítico
approaching,2,17,0.008,0.034,5.49,crítico
instructors,9,5,0.036,0.01,5.49,técnico
contingencies,2,17,0.008,0.034,5.49,crítico
alerts,9,5,0.036,0.01,5.49,técnico
terminology,2,17,0.008,0.034,5.49,crítico
attachment,2,17,0.008,0.034,5.49,crítico
agreements,2,17,0.008,0.034,5.49,crítico
revolutionary,2,17,0.008,0.034,5.49,crítico
deriving,9,5,0.036,0.01,5.49,técnico
converting,9,5,0.036,0.01,5.49,técnico
appropriately,9,5,0.036,0.01,5.49,técnico
italian,2,17,0.008,0.034,5.49,crítico
exposes,2,17,0.008,0.034,5.49,crítico
statistics,37,43,0.148,0.087,5.49,técnico
plants,24,24,0.096,0.049,5.48,técnico
structured,59,165,0.237,0.334,5.48,crítico
visually,24,24,0.096,0.049,5.48,técnico
receives,8,4,0.032,0.008,5.46,técnico
bitcoin,8,4,0.032,0.008,5.46,técnico
walls,8,4,0.032,0.008,5.46,técnico
dirichlet,8,4,0.032,0.008,5.46,técnico
fluids,8,4,0.032,0.008,5.46,técnico
phantom,8,4,0.032,0.008,5.46,técnico
receivers,8,4,0.032,0.008,5.46,técnico
surpasses,8,4,0.032,0.008,5.46,técnico
concentrates,8,4,0.032,0.008,5.46,técnico
automata,8,4,0.032,0.008,5.46,técnico
marker,8,4,0.032,0.008,5.46,técnico
filtration,8,4,0.032,0.008,5.46,técnico
fingerprint,8,4,0.032,0.008,5.46,técnico
irrelevant,15,12,0.06,0.024,5.46,técnico
behavioral,28,90,0.112,0.182,5.44,crítico
gpt,12,48,0.048,0.097,5.42,crítico
remained,4,24,0.016,0.049,5.4,crítico
suffering,4,24,0.016,0.049,5.4,crítico
motivate,4,24,0.016,0.049,5.4,crítico
reinforces,4,24,0.016,0.049,5.4,crítico
relied,4,24,0.016,0.049,5.4,crítico
bad,4,24,0.016,0.049,5.4,crítico
useful,72,99,0.289,0.201,5.39,técnico
exploited,18,16,0.072,0.032,5.37,técnico
read,11,45,0.044,0.091,5.34,crítico
continues,15,56,0.06,0.114,5.34,crítico
produces,18,64,0.072,0.13,5.34,crítico
continuously,28,30,0.112,0.061,5.33,técnico
valuable,31,97,0.124,0.197,5.31,crítico
figures,10,42,0.04,0.085,5.28,crítico
inspiration,5,27,0.02,0.055,5.27,crítico
reviewing,5,27,0.02,0.055,5.27,crítico
want,5,27,0.02,0.055,5.27,crítico
protected,5,27,0.02,0.055,5.27,crítico
possess,5,27,0.02,0.055,5.27,crítico
unfolding,5,27,0.02,0.055,5.27,crítico
promotes,5,27,0.02,0.055,5.27,crítico
individualized,5,27,0.02,0.055,5.27,crítico
experiential,5,27,0.02,0.055,5.27,crítico
computer,166,261,0.666,0.529,5.26,técnico
extra,14,11,0.056,0.022,5.26,técnico
convert,14,11,0.056,0.022,5.26,técnico
passing,14,11,0.056,0.022,5.26,técnico
mechanics,14,11,0.056,0.022,5.26,técnico
attracted,23,23,0.092,0.047,5.25,técnico
appears,14,53,0.056,0.107,5.24,crítico
explanation,14,53,0.056,0.107,5.24,crítico
equally,9,39,0.036,0.079,5.23,crítico
accepted,9,39,0.036,0.079,5.23,crítico
working,69,187,0.277,0.379,5.22,crítico
food,34,104,0.136,0.211,5.21,crítico
russian,6,30,0.024,0.061,5.2,crítico
adequately,6,30,0.024,0.061,5.2,crítico
asked,6,30,0.024,0.061,5.2,crítico
when,478,829,1.917,1.68,5.19,técnico
wherein,7,33,0.028,0.067,5.18,crítico
property,43,53,0.172,0.107,5.18,técnico
counts,7,33,0.028,0.067,5.18,crítico
push,7,33,0.028,0.067,5.18,crítico
performances,43,53,0.172,0.107,5.18,técnico
aims,132,202,0.529,0.409,5.16,técnico
six,66,90,0.265,0.182,5.15,técnico
meta,58,77,0.233,0.156,5.14,técnico
prevalent,13,50,0.052,0.101,5.14,crítico
bank,17,15,0.068,0.03,5.14,técnico
primary,75,105,0.301,0.213,5.11,técnico
surprisingly,3,20,0.012,0.041,5.1,crítico
gamification,3,20,0.012,0.041,5.1,crítico
began,3,20,0.012,0.041,5.1,crítico
reviewers,3,20,0.012,0.041,5.1,crítico
childhood,3,20,0.012,0.041,5.1,crítico
asymmetry,3,20,0.012,0.041,5.1,crítico
lessons,3,20,0.012,0.041,5.1,crítico
affecting,27,29,0.108,0.059,5.1,técnico
triggering,13,10,0.052,0.02,5.07,técnico
drift,13,10,0.052,0.02,5.07,técnico
comprehension,13,10,0.052,0.02,5.07,técnico
constructs,12,47,0.048,0.095,5.05,crítico
description,33,38,0.132,0.077,5.05,técnico
prompt,12,47,0.048,0.095,5.05,crítico
comparative,62,84,0.249,0.17,4.99,técnico
help,107,272,0.429,0.551,4.99,crítico
multimodal,42,52,0.168,0.105,4.98,técnico
middle,11,44,0.044,0.089,4.97,crítico
jurisdiction,1,12,0.004,0.024,4.95,crítico
tor,1,12,0.004,0.024,4.95,crítico
belgium,1,12,0.004,0.024,4.95,crítico
focussed,1,12,0.004,0.024,4.95,crítico
investigative,1,12,0.004,0.024,4.95,crítico
formative,1,12,0.004,0.024,4.95,crítico
announcement,1,12,0.004,0.024,4.95,crítico
administrations,1,12,0.004,0.024,4.95,crítico
casts,1,12,0.004,0.024,4.95,crítico
sustains,1,12,0.004,0.024,4.95,crítico
coercion,1,12,0.004,0.024,4.95,crítico
inscribed,1,12,0.004,0.024,4.95,crítico
continuation,1,12,0.004,0.024,4.95,crítico
altogether,1,12,0.004,0.024,4.95,crítico
globalization,1,12,0.004,0.024,4.95,crítico
portugal,1,12,0.004,0.024,4.95,crítico
normalize,1,12,0.004,0.024,4.95,crítico
screenshot,1,12,0.004,0.024,4.95,crítico
genetically,1,12,0.004,0.024,4.95,crítico
sensorial,1,12,0.004,0.024,4.95,crítico
warm,1,12,0.004,0.024,4.95,crítico
bci,1,12,0.004,0.024,4.95,crítico
gift,1,12,0.004,0.024,4.95,crítico
fighting,1,12,0.004,0.024,4.95,crítico
pioneering,1,12,0.004,0.024,4.95,crítico
visuals,1,12,0.004,0.024,4.95,crítico
expectancy,1,12,0.004,0.024,4.95,crítico
redistribution,1,12,0.004,0.024,4.95,crítico
biography,1,12,0.004,0.024,4.95,crítico
destruction,1,12,0.004,0.024,4.95,crítico
variously,1,12,0.004,0.024,4.95,crítico
dissent,1,12,0.004,0.024,4.95,crítico
submissions,1,12,0.004,0.024,4.95,crítico
clinician,1,12,0.004,0.024,4.95,crítico
looked,1,12,0.004,0.024,4.95,crítico
consultation,1,12,0.004,0.024,4.95,crítico
savvy,1,12,0.004,0.024,4.95,crítico
exclude,1,12,0.004,0.024,4.95,crítico
accepting,1,12,0.004,0.024,4.95,crítico
frustration,1,12,0.004,0.024,4.95,crítico
excluding,1,12,0.004,0.024,4.95,crítico
intuitions,1,12,0.004,0.024,4.95,crítico
consistent,57,76,0.229,0.154,4.95,técnico
realms,1,12,0.004,0.024,4.95,crítico
microbial,1,12,0.004,0.024,4.95,crítico
anthropogenic,1,12,0.004,0.024,4.95,crítico
statement,1,12,0.004,0.024,4.95,crítico
declared,1,12,0.004,0.024,4.95,crítico
persian,1,12,0.004,0.024,4.95,crítico
professions,1,12,0.004,0.024,4.95,crítico
claimed,1,12,0.004,0.024,4.95,crítico
emphasise,1,12,0.004,0.024,4.95,crítico
message,22,73,0.088,0.148,4.93,crítico
expectation,19,18,0.076,0.036,4.93,técnico
cybersecurity,24,25,0.096,0.051,4.93,técnico
identical,16,14,0.064,0.028,4.92,técnico
recording,16,14,0.064,0.028,4.92,técnico
disagreeing,0,6,0.0,0.012,4.91,crítico
disconnectivity,0,6,0.0,0.012,4.91,crítico
operationalizes,0,6,0.0,0.012,4.91,crítico
omnipresence,0,6,0.0,0.012,4.91,crítico
disempowerment,0,6,0.0,0.012,4.91,crítico
discontent,0,6,0.0,0.012,4.91,crítico
traumatic,0,6,0.0,0.012,4.91,crítico
counters,0,6,0.0,0.012,4.91,crítico
ostensible,0,6,0.0,0.012,4.91,crítico
reorientation,0,6,0.0,0.012,4.91,crítico
coalesced,0,6,0.0,0.012,4.91,crítico
rollout,0,6,0.0,0.012,4.91,crítico
collaborating,0,6,0.0,0.012,4.91,crítico
revival,0,6,0.0,0.012,4.91,crítico
revisited,0,6,0.0,0.012,4.91,crítico
revisions,0,6,0.0,0.012,4.91,crítico
revising,0,6,0.0,0.012,4.91,crítico
commensuration,0,6,0.0,0.012,4.91,crítico
banning,0,6,0.0,0.012,4.91,crítico
retreat,0,6,0.0,0.012,4.91,crítico
reorient,0,6,0.0,0.012,4.91,crítico
strata,0,6,0.0,0.012,4.91,crítico
remixed,0,6,0.0,0.012,4.91,crítico
remembered,0,6,0.0,0.012,4.91,crítico
relationally,0,6,0.0,0.012,4.91,crítico
reinterpret,0,6,0.0,0.012,4.91,crítico
regain,0,6,0.0,0.012,4.91,crítico
refusing,0,6,0.0,0.012,4.91,crítico
surfaced,0,6,0.0,0.012,4.91,crítico
surplus,0,6,0.0,0.012,4.91,crítico
conflictual,0,6,0.0,0.012,4.91,crítico
redirect,0,6,0.0,0.012,4.91,crítico
ruin,0,6,0.0,0.012,4.91,crítico
san,0,6,0.0,0.012,4.91,crítico
reconsidering,0,6,0.0,0.012,4.91,crítico
centring,0,6,0.0,0.012,4.91,crítico
boxing,0,6,0.0,0.012,4.91,crítico
breakdowns,0,6,0.0,0.012,4.91,crítico
sociologically,0,6,0.0,0.012,4.91,crítico
spirit,0,6,0.0,0.012,4.91,crítico
silences,0,6,0.0,0.012,4.91,crítico
signing,0,6,0.0,0.012,4.91,crítico
spotlight,0,6,0.0,0.012,4.91,crítico
carve,0,6,0.0,0.012,4.91,crítico
cautions,0,6,0.0,0.012,4.91,crítico
standardised,0,6,0.0,0.012,4.91,crítico
ceo,0,6,0.0,0.012,4.91,crítico
classificatory,0,6,0.0,0.012,4.91,crítico
statecraft,0,6,0.0,0.012,4.91,crítico
segregation,0,6,0.0,0.012,4.91,crítico
segregated,0,6,0.0,0.012,4.91,crítico
charting,0,6,0.0,0.012,4.91,crítico
statisticians,0,6,0.0,0.012,4.91,crítico
scrutinizing,0,6,0.0,0.012,4.91,crítico
chilean,0,6,0.0,0.012,4.91,crítico
scotland,0,6,0.0,0.012,4.91,crítico
clarke,0,6,0.0,0.012,4.91,crítico
clashes,0,6,0.0,0.012,4.91,crítico
conglomerates,0,6,0.0,0.012,4.91,crítico
reassessment,0,6,0.0,0.012,4.91,crítico
transdisciplinarity,0,6,0.0,0.012,4.91,crítico
personalities,0,6,0.0,0.012,4.91,crítico
declined,0,6,0.0,0.012,4.91,crítico
decontextualized,0,6,0.0,0.012,4.91,crítico
deepened,0,6,0.0,0.012,4.91,crítico
deepseek,0,6,0.0,0.012,4.91,crítico
delegating,0,6,0.0,0.012,4.91,crítico
deleting,0,6,0.0,0.012,4.91,crítico
philosophically,0,6,0.0,0.012,4.91,crítico
democratically,0,6,0.0,0.012,4.91,crítico
pertain,0,6,0.0,0.012,4.91,crítico
apprehension,0,6,0.0,0.012,4.91,crítico
perpetuated,0,6,0.0,0.012,4.91,crítico
polity,0,6,0.0,0.012,4.91,crítico
peaceful,0,6,0.0,0.012,4.91,crítico
designate,0,6,0.0,0.012,4.91,crítico
designations,0,6,0.0,0.012,4.91,crítico
paternalistic,0,6,0.0,0.012,4.91,crítico
patchwork,0,6,0.0,0.012,4.91,crítico
destabilize,0,6,0.0,0.012,4.91,crítico
devalued,0,6,0.0,0.012,4.91,crítico
dictate,0,6,0.0,0.012,4.91,crítico
oversee,0,6,0.0,0.012,4.91,crítico
overlaps,0,6,0.0,0.012,4.91,crítico
politician,0,6,0.0,0.012,4.91,crítico
declaration,0,6,0.0,0.012,4.91,crítico
symbolically,0,6,0.0,0.012,4.91,crítico
artifice,0,6,0.0,0.012,4.91,crítico
construe,0,6,0.0,0.012,4.91,crítico
protagonists,0,6,0.0,0.012,4.91,crítico
technicity,0,6,0.0,0.012,4.91,crítico
proliferated,0,6,0.0,0.012,4.91,crítico
asserts,0,6,0.0,0.012,4.91,crítico
crawford,0,6,0.0,0.012,4.91,crítico
prioritise,0,6,0.0,0.012,4.91,crítico
asians,0,6,0.0,0.012,4.91,crítico
prestige,0,6,0.0,0.012,4.91,crítico
curious,0,6,0.0,0.012,4.91,crítico
predatory,0,6,0.0,0.012,4.91,crítico
debunk,0,6,0.0,0.012,4.91,crítico
precautionary,0,6,0.0,0.012,4.91,crítico
dampen,0,6,0.0,0.012,4.91,crítico
arrived,0,6,0.0,0.012,4.91,crítico
postwar,0,6,0.0,0.012,4.91,crítico
postmodern,0,6,0.0,0.012,4.91,crítico
davis,0,6,0.0,0.012,4.91,crítico
debiasing,0,6,0.0,0.012,4.91,crítico
debord,0,6,0.0,0.012,4.91,crítico
theorised,0,6,0.0,0.012,4.91,crítico
posited,0,6,0.0,0.012,4.91,crítico
consulted,0,6,0.0,0.012,4.91,crítico
boredom,0,6,0.0,0.012,4.91,crítico
mechanized,0,6,0.0,0.012,4.91,crítico
juxtapose,0,6,0.0,0.012,4.91,crítico
alive,0,6,0.0,0.012,4.91,crítico
dubious,0,6,0.0,0.012,4.91,crítico
vibrant,0,6,0.0,0.012,4.91,crítico
weekly,0,6,0.0,0.012,4.91,crítico
acronym,0,6,0.0,0.012,4.91,crítico
alliances,0,6,0.0,0.012,4.91,crítico
fashioned,0,6,0.0,0.012,4.91,crítico
unease,0,6,0.0,0.012,4.91,crítico
merleau,0,6,0.0,0.012,4.91,crítico
evocative,0,6,0.0,0.012,4.91,crítico
heighten,0,6,0.0,0.012,4.91,crítico
inclusiveness,0,6,0.0,0.012,4.91,crítico
wisdom,0,6,0.0,0.012,4.91,crítico
unequally,0,6,0.0,0.012,4.91,crítico
trusts,0,6,0.0,0.012,4.91,crítico
egalitarian,0,6,0.0,0.012,4.91,crítico
wishes,0,6,0.0,0.012,4.91,crítico
allure,0,6,0.0,0.012,4.91,crítico
malleable,0,6,0.0,0.012,4.91,crítico
hungary,0,6,0.0,0.012,4.91,crítico
ethico,0,6,0.0,0.012,4.91,crítico
inventions,0,6,0.0,0.012,4.91,crítico
frontline,0,6,0.0,0.012,4.91,crítico
naturalize,0,6,0.0,0.012,4.91,crítico
idiosyncratic,0,6,0.0,0.012,4.91,crítico
figured,0,6,0.0,0.012,4.91,crítico
vigilance,0,6,0.0,0.012,4.91,crítico
indexicality,0,6,0.0,0.012,4.91,crítico
imperialism,0,6,0.0,0.012,4.91,crítico
glimpse,0,6,0.0,0.012,4.91,crítico
fetishization,0,6,0.0,0.012,4.91,crítico
unite,0,6,0.0,0.012,4.91,crítico
notoriously,0,6,0.0,0.012,4.91,crítico
notorious,0,6,0.0,0.012,4.91,crítico
evans,0,6,0.0,0.012,4.91,crítico
neatly,0,6,0.0,0.012,4.91,crítico
imagines,0,6,0.0,0.012,4.91,crítico
myopic,0,6,0.0,0.012,4.91,crítico
greek,0,6,0.0,0.012,4.91,crítico
metropolitan,0,6,0.0,0.012,4.91,crítico
guise,0,6,0.0,0.012,4.91,crítico
explicates,0,6,0.0,0.012,4.91,crítico
liberation,0,6,0.0,0.012,4.91,crítico
liberty,0,6,0.0,0.012,4.91,crítico
unambiguous,0,6,0.0,0.012,4.91,crítico
donations,0,6,0.0,0.012,4.91,crítico
donna,0,6,0.0,0.012,4.91,crítico
endemic,0,6,0.0,0.012,4.91,crítico
implicate,0,6,0.0,0.012,4.91,crítico
lifeworlds,0,6,0.0,0.012,4.91,crítico
endowed,0,6,0.0,0.012,4.91,crítico
liminality,0,6,0.0,0.012,4.91,crítico
widen,0,6,0.0,0.012,4.91,crítico
endure,0,6,0.0,0.012,4.91,crítico
enforceable,0,6,0.0,0.012,4.91,crítico
lending,0,6,0.0,0.012,4.91,crítico
legitimise,0,6,0.0,0.012,4.91,crítico
lecture,0,6,0.0,0.012,4.91,crítico
immunological,0,6,0.0,0.012,4.91,crítico
imaginings,0,6,0.0,0.012,4.91,crítico
genders,0,6,0.0,0.012,4.91,crítico
lands,0,6,0.0,0.012,4.91,crítico
gendering,0,6,0.0,0.012,4.91,crítico
imbricated,0,6,0.0,0.012,4.91,crítico
loot,0,6,0.0,0.012,4.91,crítico
divert,0,6,0.0,0.012,4.91,crítico
lawmakers,0,6,0.0,0.012,4.91,crítico
lawyers,0,6,0.0,0.012,4.91,crítico
migrate,0,6,0.0,0.012,4.91,crítico
imposition,0,6,0.0,0.012,4.91,crítico
xenophobic,0,6,0.0,0.012,4.91,crítico
accommodations,0,6,0.0,0.012,4.91,crítico
whiteness,0,6,0.0,0.012,4.91,crítico
engendered,0,6,0.0,0.012,4.91,crítico
emplacement,0,6,0.0,0.012,4.91,crítico
advantaged,0,6,0.0,0.012,4.91,crítico
formatting,0,6,0.0,0.012,4.91,crítico
voter,0,6,0.0,0.012,4.91,crítico
inductively,0,6,0.0,0.012,4.91,crítico
essentialist,0,6,0.0,0.012,4.91,crítico
maternity,0,6,0.0,0.012,4.91,crítico
flourish,0,6,0.0,0.012,4.91,crítico
walkthroughs,0,6,0.0,0.012,4.91,crítico
interplays,0,6,0.0,0.012,4.91,crítico
materializes,0,6,0.0,0.012,4.91,crítico
industrialized,0,6,0.0,0.012,4.91,crítico
masculinities,0,6,0.0,0.012,4.91,crítico
votes,0,6,0.0,0.012,4.91,crítico
dysfunctional,0,6,0.0,0.012,4.91,crítico
obscurity,0,6,0.0,0.012,4.91,crítico
infused,0,6,0.0,0.012,4.91,crítico
empire,0,6,0.0,0.012,4.91,crítico
interconnectedness,0,6,0.0,0.012,4.91,crítico
universalist,0,6,0.0,0.012,4.91,crítico
void,0,6,0.0,0.012,4.91,crítico
influx,0,6,0.0,0.012,4.91,crítico
undergoes,0,6,0.0,0.012,4.91,crítico
foreclosing,0,6,0.0,0.012,4.91,crítico
foreclose,0,6,0.0,0.012,4.91,crítico
undergird,0,6,0.0,0.012,4.91,crítico
wonder,0,6,0.0,0.012,4.91,crítico
innovators,0,6,0.0,0.012,4.91,crítico
instantiated,0,6,0.0,0.012,4.91,crítico
uganda,0,6,0.0,0.012,4.91,crítico
innocent,0,6,0.0,0.012,4.91,crítico
interstitial,0,6,0.0,0.012,4.91,crítico
inherited,0,6,0.0,0.012,4.91,crítico
inherits,0,6,0.0,0.012,4.91,crítico
ward,0,6,0.0,0.012,4.91,crítico
handful,0,6,0.0,0.012,4.91,crítico
tripartite,0,6,0.0,0.012,4.91,crítico
elicits,0,6,0.0,0.012,4.91,crítico
marginalize,0,6,0.0,0.012,4.91,crítico
interweaving,0,6,0.0,0.012,4.91,crítico
homophobic,0,6,0.0,0.012,4.91,crítico
writings,0,6,0.0,0.012,4.91,crítico
mediatized,0,6,0.0,0.012,4.91,crítico
ingrained,0,6,0.0,0.012,4.91,crítico
wanting,0,6,0.0,0.012,4.91,crítico
inspirational,0,6,0.0,0.012,4.91,crítico
distinctiveness,0,6,0.0,0.012,4.91,crítico
dispossession,0,6,0.0,0.012,4.91,crítico
harmonize,0,6,0.0,0.012,4.91,crítico
provider,2,16,0.008,0.032,4.9,crítico
fore,2,16,0.008,0.032,4.9,crítico
ageing,2,16,0.008,0.032,4.9,crítico
react,2,16,0.008,0.032,4.9,crítico
foreign,4,23,0.016,0.047,4.9,crítico
insight,26,83,0.104,0.168,4.9,crítico
spanish,4,23,0.016,0.047,4.9,crítico
script,4,23,0.016,0.047,4.9,crítico
talking,2,16,0.008,0.032,4.9,crítico
leaves,2,16,0.008,0.032,4.9,crítico
overly,2,16,0.008,0.032,4.9,crítico
cybernetics,2,16,0.008,0.032,4.9,crítico
presentations,2,16,0.008,0.032,4.9,crítico
disconnected,2,16,0.008,0.032,4.9,crítico
obscured,2,16,0.008,0.032,4.9,crítico
disclose,2,16,0.008,0.032,4.9,crítico
illegal,2,16,0.008,0.032,4.9,crítico
refusal,2,16,0.008,0.032,4.9,crítico
prime,2,16,0.008,0.032,4.9,crítico
feeds,2,16,0.008,0.032,4.9,crítico
disseminated,2,16,0.008,0.032,4.9,crítico
revisiting,2,16,0.008,0.032,4.9,crítico
gathered,10,41,0.04,0.083,4.89,crítico
clearly,10,41,0.04,0.083,4.89,crítico
convenient,12,9,0.048,0.018,4.88,técnico
prices,12,9,0.048,0.018,4.88,técnico
variants,12,9,0.048,0.018,4.88,técnico
characters,26,28,0.104,0.057,4.88,técnico
recognize,34,40,0.136,0.081,4.84,técnico
waste,19,65,0.076,0.132,4.84,crítico
rely,40,117,0.16,0.237,4.84,crítico
assessed,30,34,0.12,0.069,4.83,técnico
apparent,9,38,0.036,0.077,4.83,crítico
uneven,9,38,0.036,0.077,4.83,crítico
helping,9,38,0.036,0.077,4.83,crítico
massive,30,34,0.12,0.069,4.83,técnico
certain,84,219,0.337,0.444,4.81,crítico
vocabulary,21,21,0.084,0.043,4.8,técnico
reverse,21,21,0.084,0.043,4.8,técnico
rejection,21,21,0.084,0.043,4.8,técnico
rule,48,62,0.192,0.126,4.8,técnico
novelty,21,21,0.084,0.043,4.8,técnico
devoted,5,26,0.02,0.053,4.79,crítico
italy,5,26,0.02,0.053,4.79,crítico
therapy,5,26,0.02,0.053,4.79,crítico
effort,25,80,0.1,0.162,4.76,crítico
cope,7,32,0.028,0.065,4.75,crítico
literatures,6,29,0.024,0.059,4.75,crítico
advent,7,32,0.028,0.065,4.75,crítico
regulating,6,29,0.024,0.059,4.75,crítico
introduction,36,107,0.144,0.217,4.75,crítico
idea,52,145,0.209,0.294,4.74,crítico
balance,59,80,0.237,0.162,4.73,técnico
comparing,46,59,0.184,0.12,4.73,técnico
limitations,107,161,0.429,0.326,4.72,técnico
demonstrations,15,13,0.06,0.026,4.71,técnico
indeed,18,62,0.072,0.126,4.71,crítico
conference,18,17,0.072,0.034,4.71,técnico
traveling,11,8,0.044,0.016,4.69,técnico
biased,12,46,0.048,0.093,4.69,crítico
stimuli,11,8,0.044,0.016,4.69,técnico
assign,11,8,0.044,0.016,4.69,técnico
developing,72,191,0.289,0.387,4.69,crítico
repetitive,11,8,0.044,0.016,4.69,técnico
weakly,11,8,0.044,0.016,4.69,técnico
cryptography,11,8,0.044,0.016,4.69,técnico
printed,11,8,0.044,0.016,4.69,técnico
utility,44,56,0.176,0.114,4.68,técnico
mitigation,15,54,0.06,0.109,4.67,crítico
starting,20,67,0.08,0.136,4.66,crítico
some,255,592,1.023,1.2,4.65,crítico
expansion,22,72,0.088,0.146,4.64,crítico
job,26,82,0.104,0.166,4.63,crítico
reading,51,142,0.205,0.288,4.61,crítico
enough,31,36,0.124,0.073,4.61,técnico
inherently,11,43,0.044,0.087,4.6,crítico
modern,85,124,0.341,0.251,4.58,técnico
expressing,3,19,0.012,0.039,4.57,crítico
temporarily,3,19,0.012,0.039,4.57,crítico
connects,3,19,0.012,0.039,4.57,crítico
completely,20,20,0.08,0.041,4.57,técnico
compelling,3,19,0.012,0.039,4.57,crítico
originally,3,19,0.012,0.039,4.57,crítico
shedding,3,19,0.012,0.039,4.57,crítico
familiarity,3,19,0.012,0.039,4.57,crítico
hypothetical,3,19,0.012,0.039,4.57,crítico
conversely,3,19,0.012,0.039,4.57,crítico
configured,3,19,0.012,0.039,4.57,crítico
trip,4,1,0.016,0.002,4.55,técnico
poisson,4,1,0.016,0.002,4.55,técnico
incurring,4,1,0.016,0.002,4.55,técnico
ve,4,1,0.016,0.002,4.55,técnico
semester,4,1,0.016,0.002,4.55,técnico
optimality,4,1,0.016,0.002,4.55,técnico
parallelism,4,1,0.016,0.002,4.55,técnico
utilisation,4,1,0.016,0.002,4.55,técnico
reordering,4,1,0.016,0.002,4.55,técnico
hierarchically,4,1,0.016,0.002,4.55,técnico
composites,4,1,0.016,0.002,4.55,técnico
discontinuous,4,1,0.016,0.002,4.55,técnico
kinetics,4,1,0.016,0.002,4.55,técnico
intrusions,4,1,0.016,0.002,4.55,técnico
supplied,4,1,0.016,0.002,4.55,técnico
optional,4,1,0.016,0.002,4.55,técnico
exceeding,4,1,0.016,0.002,4.55,técnico
consumes,4,1,0.016,0.002,4.55,técnico
deposition,4,1,0.016,0.002,4.55,técnico
benchmarked,4,1,0.016,0.002,4.55,técnico
tutorial,4,1,0.016,0.002,4.55,técnico
belongs,4,1,0.016,0.002,4.55,técnico
expenses,4,1,0.016,0.002,4.55,técnico
skewed,4,1,0.016,0.002,4.55,técnico
deduce,4,1,0.016,0.002,4.55,técnico
averaged,4,1,0.016,0.002,4.55,técnico
forecasted,4,1,0.016,0.002,4.55,técnico
neighbouring,4,1,0.016,0.002,4.55,técnico
synthetically,4,1,0.016,0.002,4.55,técnico
meticulous,4,1,0.016,0.002,4.55,técnico
servicing,4,1,0.016,0.002,4.55,técnico
strides,4,1,0.016,0.002,4.55,técnico
propagating,4,1,0.016,0.002,4.55,técnico
electroencephalogram,4,1,0.016,0.002,4.55,técnico
handles,4,1,0.016,0.002,4.55,técnico
aspect,45,58,0.18,0.118,4.54,técnico
capacity,107,162,0.429,0.328,4.52,técnico
elimination,10,7,0.04,0.014,4.52,técnico
crowdsourcing,10,7,0.04,0.014,4.52,técnico
islamic,10,7,0.04,0.014,4.52,técnico
maintains,10,7,0.04,0.014,4.52,técnico
iteratively,10,7,0.04,0.014,4.52,técnico
exceeds,10,7,0.04,0.014,4.52,técnico
corrected,10,7,0.04,0.014,4.52,técnico
cascade,10,7,0.04,0.014,4.52,técnico
rational,10,40,0.04,0.081,4.51,crítico
productivity,10,40,0.04,0.081,4.51,crítico
last,53,71,0.213,0.144,4.5,técnico
vr,21,69,0.084,0.14,4.5,crítico
compound,14,12,0.056,0.024,4.49,técnico
mn,14,12,0.056,0.024,4.49,técnico
choosing,17,16,0.068,0.032,4.48,técnico
things,50,139,0.201,0.282,4.47,crítico
analysed,16,56,0.064,0.114,4.47,crítico
exploration,59,81,0.237,0.164,4.45,técnico
least,62,86,0.249,0.174,4.44,técnico
amounts,9,37,0.036,0.075,4.44,crítico
impacted,4,22,0.016,0.045,4.41,crítico
develop,130,319,0.521,0.647,4.41,crítico
worked,4,22,0.016,0.045,4.41,crítico
stands,4,22,0.016,0.045,4.41,crítico
household,4,22,0.016,0.045,4.41,crítico
threats,30,91,0.12,0.184,4.41,crítico
taken,51,141,0.205,0.286,4.4,crítico
topic,51,141,0.205,0.286,4.4,crítico
interesting,26,29,0.104,0.059,4.4,técnico
collapse,8,34,0.032,0.069,4.38,crítico
affordable,9,6,0.036,0.012,4.36,técnico
eliminated,9,6,0.036,0.012,4.36,técnico
missions,9,6,0.036,0.012,4.36,técnico
retained,9,6,0.036,0.012,4.36,técnico
invasive,9,6,0.036,0.012,4.36,técnico
exchange,22,71,0.088,0.144,4.36,crítico
accumulated,9,6,0.036,0.012,4.36,técnico
intended,26,81,0.104,0.164,4.36,crítico
grows,9,6,0.036,0.012,4.36,técnico
transferring,9,6,0.036,0.012,4.36,técnico
saturated,9,6,0.036,0.012,4.36,técnico
perception,52,143,0.209,0.29,4.34,crítico
protecting,7,31,0.028,0.063,4.34,crítico
page,7,31,0.028,0.063,4.34,crítico
constrain,5,25,0.02,0.051,4.33,crítico
perhaps,5,25,0.02,0.051,4.33,crítico
couples,2,15,0.008,0.03,4.32,crítico
empowered,2,15,0.008,0.03,4.32,crítico
discern,2,15,0.008,0.03,4.32,crítico
referring,2,15,0.008,0.03,4.32,crítico
undertaking,2,15,0.008,0.03,4.32,crítico
justified,2,15,0.008,0.03,4.32,crítico
gradual,2,15,0.008,0.03,4.32,crítico
broaden,2,15,0.008,0.03,4.32,crítico
recognise,2,15,0.008,0.03,4.32,crítico
implication,2,15,0.008,0.03,4.32,crítico
therapeutic,6,28,0.024,0.057,4.32,crítico
partnership,2,15,0.008,0.03,4.32,crítico
forth,2,15,0.008,0.03,4.32,crítico
epidemiology,2,15,0.008,0.03,4.32,crítico
ensuing,1,11,0.004,0.022,4.3,crítico
bureaucracy,1,11,0.004,0.022,4.3,crítico
economically,1,11,0.004,0.022,4.3,crítico
curb,1,11,0.004,0.022,4.3,crítico
reconsider,1,11,0.004,0.022,4.3,crítico
farms,1,11,0.004,0.022,4.3,crítico
narrowly,1,11,0.004,0.022,4.3,crítico
redefining,1,11,0.004,0.022,4.3,crítico
undertake,1,11,0.004,0.022,4.3,crítico
configuring,1,11,0.004,0.022,4.3,crítico
troubles,1,11,0.004,0.022,4.3,crítico
universally,1,11,0.004,0.022,4.3,crítico
enablers,1,11,0.004,0.022,4.3,crítico
ancient,1,11,0.004,0.022,4.3,crítico
cautious,1,11,0.004,0.022,4.3,crítico
complicating,1,11,0.004,0.022,4.3,crítico
fraught,1,11,0.004,0.022,4.3,crítico
granting,1,11,0.004,0.022,4.3,crítico
intensification,1,11,0.004,0.022,4.3,crítico
intelligences,1,11,0.004,0.022,4.3,crítico
resort,1,11,0.004,0.022,4.3,crítico
comic,1,11,0.004,0.022,4.3,crítico
uncovered,1,11,0.004,0.022,4.3,crítico
eating,1,11,0.004,0.022,4.3,crítico
depictions,1,11,0.004,0.022,4.3,crítico
displaced,1,11,0.004,0.022,4.3,crítico
encyclopedia,1,11,0.004,0.022,4.3,crítico
suspended,1,11,0.004,0.022,4.3,crítico
overt,1,11,0.004,0.022,4.3,crítico
qualify,1,11,0.004,0.022,4.3,crítico
warming,1,11,0.004,0.022,4.3,crítico
unfolded,1,11,0.004,0.022,4.3,crítico
withdrawal,1,11,0.004,0.022,4.3,crítico
deciding,1,11,0.004,0.022,4.3,crítico
proceeds,1,11,0.004,0.022,4.3,crítico
sell,1,11,0.004,0.022,4.3,crítico
biographical,1,11,0.004,0.022,4.3,crítico
positionality,1,11,0.004,0.022,4.3,crítico
crypto,1,11,0.004,0.022,4.3,crítico
passively,1,11,0.004,0.022,4.3,crítico
punishment,1,11,0.004,0.022,4.3,crítico
bubble,1,11,0.004,0.022,4.3,crítico
tablet,1,11,0.004,0.022,4.3,crítico
mediator,1,11,0.004,0.022,4.3,crítico
screenshots,1,11,0.004,0.022,4.3,crítico
dominating,1,11,0.004,0.022,4.3,crítico
czech,1,11,0.004,0.022,4.3,crítico
multilevel,13,11,0.052,0.022,4.27,técnico
pm,13,11,0.052,0.022,4.27,técnico
hearing,13,11,0.052,0.022,4.27,técnico
circle,13,11,0.052,0.022,4.27,técnico
barrier,13,11,0.052,0.022,4.27,técnico
bio,16,15,0.064,0.03,4.25,técnico
hoc,16,15,0.064,0.03,4.25,técnico
determines,16,15,0.064,0.03,4.25,técnico
accomplish,16,15,0.064,0.03,4.25,técnico
originality,16,15,0.064,0.03,4.25,técnico
grasp,21,22,0.084,0.045,4.25,técnico
accelerated,16,15,0.064,0.03,4.25,técnico
treatment,27,83,0.108,0.168,4.24,crítico
programs,34,100,0.136,0.203,4.24,crítico
maneuvers,8,5,0.032,0.01,4.23,técnico
lack,90,229,0.361,0.464,4.23,crítico
correspond,8,5,0.032,0.01,4.23,técnico
meter,8,5,0.032,0.01,4.23,técnico
clues,8,5,0.032,0.01,4.23,técnico
indirect,14,50,0.056,0.101,4.23,crítico
tight,8,5,0.032,0.01,4.23,técnico
incipient,8,5,0.032,0.01,4.23,técnico
unnecessary,8,5,0.032,0.01,4.23,técnico
dance,8,5,0.032,0.01,4.23,técnico
crop,8,5,0.032,0.01,4.23,técnico
movie,8,5,0.032,0.01,4.23,técnico
nearby,8,5,0.032,0.01,4.23,técnico
buried,8,5,0.032,0.01,4.23,técnico
discrepancies,8,5,0.032,0.01,4.23,técnico
leading,51,140,0.205,0.284,4.21,crítico
located,31,37,0.124,0.075,4.2,técnico
connection,32,95,0.128,0.193,4.2,crítico
virtual,130,204,0.521,0.414,4.18,técnico
modes,68,179,0.273,0.363,4.18,crítico
incorporated,25,28,0.1,0.057,4.18,técnico
fatal,5,2,0.02,0.004,4.17,técnico
photorealistic,5,2,0.02,0.004,4.17,técnico
harvest,5,2,0.02,0.004,4.17,técnico
restaurant,5,2,0.02,0.004,4.17,técnico
boosts,5,2,0.02,0.004,4.17,técnico
thailand,5,2,0.02,0.004,4.17,técnico
reusing,5,2,0.02,0.004,4.17,técnico
mouth,5,2,0.02,0.004,4.17,técnico
interferences,5,2,0.02,0.004,4.17,técnico
lights,5,2,0.02,0.004,4.17,técnico
segmenting,5,2,0.02,0.004,4.17,técnico
fruit,5,2,0.02,0.004,4.17,técnico
tedious,5,2,0.02,0.004,4.17,técnico
sem,5,2,0.02,0.004,4.17,técnico
deterioration,5,2,0.02,0.004,4.17,técnico
millimeter,5,2,0.02,0.004,4.17,técnico
entrance,5,2,0.02,0.004,4.17,técnico
planes,5,2,0.02,0.004,4.17,técnico
reconnaissance,5,2,0.02,0.004,4.17,técnico
cargo,5,2,0.02,0.004,4.17,técnico
cores,5,2,0.02,0.004,4.17,técnico
snow,5,2,0.02,0.004,4.17,técnico
transit,5,2,0.02,0.004,4.17,técnico
fulfilled,5,2,0.02,0.004,4.17,técnico
syntax,5,2,0.02,0.004,4.17,técnico
assists,5,2,0.02,0.004,4.17,técnico
allocates,5,2,0.02,0.004,4.17,técnico
malfunction,5,2,0.02,0.004,4.17,técnico
benchmarking,5,2,0.02,0.004,4.17,técnico
sketches,5,2,0.02,0.004,4.17,técnico
rider,5,2,0.02,0.004,4.17,técnico
colour,5,2,0.02,0.004,4.17,técnico
animation,5,2,0.02,0.004,4.17,técnico
debugging,5,2,0.02,0.004,4.17,técnico
deficiency,5,2,0.02,0.004,4.17,técnico
di,5,2,0.02,0.004,4.17,técnico
voc,5,2,0.02,0.004,4.17,técnico
lengthy,5,2,0.02,0.004,4.17,técnico
articulated,16,55,0.064,0.111,4.15,crítico
adopting,16,55,0.064,0.111,4.15,crítico
turbulence,7,4,0.028,0.008,4.13,técnico
proving,7,4,0.028,0.008,4.13,técnico
activity,62,165,0.249,0.334,4.13,crítico
positional,7,4,0.028,0.008,4.13,técnico
matched,7,4,0.028,0.008,4.13,técnico
elevation,7,4,0.028,0.008,4.13,técnico
completing,7,4,0.028,0.008,4.13,técnico
adapts,7,4,0.028,0.008,4.13,técnico
learner,7,4,0.028,0.008,4.13,técnico
owner,7,4,0.028,0.008,4.13,técnico
ehr,7,4,0.028,0.008,4.13,técnico
prepare,7,4,0.028,0.008,4.13,técnico
porous,7,4,0.028,0.008,4.13,técnico
remarkably,7,4,0.028,0.008,4.13,técnico
aligned,13,47,0.052,0.095,4.11,crítico
presenting,13,47,0.052,0.095,4.11,crítico
inner,18,18,0.072,0.036,4.11,técnico
requests,18,18,0.072,0.036,4.11,técnico
micro,18,60,0.072,0.122,4.11,crítico
tenuous,0,5,0.0,0.01,4.09,crítico
ascriptions,0,5,0.0,0.01,4.09,crítico
presentational,0,5,0.0,0.01,4.09,crítico
sensibility,0,5,0.0,0.01,4.09,crítico
panopticon,0,5,0.0,0.01,4.09,crítico
centuries,0,5,0.0,0.01,4.09,crítico
parenthood,0,5,0.0,0.01,4.09,crítico
unproblematic,0,5,0.0,0.01,4.09,crítico
reminder,0,5,0.0,0.01,4.09,crítico
ethnographies,0,5,0.0,0.01,4.09,crítico
headquartered,0,5,0.0,0.01,4.09,crítico
ignited,0,5,0.0,0.01,4.09,crítico
intertwining,0,5,0.0,0.01,4.09,crítico
serres,0,5,0.0,0.01,4.09,crítico
ruptures,0,5,0.0,0.01,4.09,crítico
unmoderated,0,5,0.0,0.01,4.09,crítico
dwelling,0,5,0.0,0.01,4.09,crítico
fringes,0,5,0.0,0.01,4.09,crítico
marxian,0,5,0.0,0.01,4.09,crítico
marx,0,5,0.0,0.01,4.09,crítico
paranoia,0,5,0.0,0.01,4.09,crítico
individualised,0,5,0.0,0.01,4.09,crítico
visibly,0,5,0.0,0.01,4.09,crítico
sacred,0,5,0.0,0.01,4.09,crítico
marginalizing,0,5,0.0,0.01,4.09,crítico
remake,0,5,0.0,0.01,4.09,crítico
marketable,0,5,0.0,0.01,4.09,crítico
deviant,0,5,0.0,0.01,4.09,crítico
complication,0,5,0.0,0.01,4.09,crítico
grievance,0,5,0.0,0.01,4.09,crítico
openings,0,5,0.0,0.01,4.09,crítico
reported,41,116,0.164,0.235,4.09,crítico
powerfully,0,5,0.0,0.01,4.09,crítico
participative,0,5,0.0,0.01,4.09,crítico
mediascape,0,5,0.0,0.01,4.09,crítico
bourdieusian,0,5,0.0,0.01,4.09,crítico
entertaining,0,5,0.0,0.01,4.09,crítico
awards,0,5,0.0,0.01,4.09,crítico
daunting,0,5,0.0,0.01,4.09,crítico
thematically,0,5,0.0,0.01,4.09,crítico
bearers,0,5,0.0,0.01,4.09,crítico
possesses,6,3,0.024,0.006,4.09,técnico
flesh,0,5,0.0,0.01,4.09,crítico
discretionary,0,5,0.0,0.01,4.09,crítico
alternating,6,3,0.024,0.006,4.09,técnico
positing,0,5,0.0,0.01,4.09,crítico
voicing,0,5,0.0,0.01,4.09,crítico
humanlike,0,5,0.0,0.01,4.09,crítico
theorising,0,5,0.0,0.01,4.09,crítico
touted,0,5,0.0,0.01,4.09,crítico
subverts,0,5,0.0,0.01,4.09,crítico
romanian,0,5,0.0,0.01,4.09,crítico
compels,0,5,0.0,0.01,4.09,crítico
artefact,0,5,0.0,0.01,4.09,crítico
icon,0,5,0.0,0.01,4.09,crítico
pragmatics,0,5,0.0,0.01,4.09,crítico
entrench,0,5,0.0,0.01,4.09,crítico
idealism,0,5,0.0,0.01,4.09,crítico
interrogated,0,5,0.0,0.01,4.09,crítico
preoccupations,0,5,0.0,0.01,4.09,crítico
flexibly,6,3,0.024,0.006,4.09,técnico
ascertain,6,3,0.024,0.006,4.09,técnico
interrelationship,0,5,0.0,0.01,4.09,crítico
interrelation,0,5,0.0,0.01,4.09,crítico
apathy,0,5,0.0,0.01,4.09,crítico
narrating,0,5,0.0,0.01,4.09,crítico
testify,0,5,0.0,0.01,4.09,crítico
manifesting,0,5,0.0,0.01,4.09,crítico
mc,6,3,0.024,0.006,4.09,técnico
environmentalism,0,5,0.0,0.01,4.09,crítico
replicable,0,5,0.0,0.01,4.09,crítico
precursor,0,5,0.0,0.01,4.09,crítico
giant,0,5,0.0,0.01,4.09,crítico
streamed,0,5,0.0,0.01,4.09,crítico
precipitated,0,5,0.0,0.01,4.09,crítico
precede,0,5,0.0,0.01,4.09,crítico
internalized,0,5,0.0,0.01,4.09,crítico
entrepreneur,0,5,0.0,0.01,4.09,crítico
conceiving,0,5,0.0,0.01,4.09,crítico
inward,0,5,0.0,0.01,4.09,crítico
wrote,0,5,0.0,0.01,4.09,crítico
consenting,0,5,0.0,0.01,4.09,crítico
outset,0,5,0.0,0.01,4.09,crítico
fallen,0,5,0.0,0.01,4.09,crítico
childcare,0,5,0.0,0.01,4.09,crítico
directives,0,5,0.0,0.01,4.09,crítico
fallout,0,5,0.0,0.01,4.09,crítico
likened,0,5,0.0,0.01,4.09,crítico
helen,0,5,0.0,0.01,4.09,crítico
vernaculars,0,5,0.0,0.01,4.09,crítico
reconceptualizing,0,5,0.0,0.01,4.09,crítico
tactically,0,5,0.0,0.01,4.09,crítico
outward,0,5,0.0,0.01,4.09,crítico
northwest,0,5,0.0,0.01,4.09,crítico
lingering,0,5,0.0,0.01,4.09,crítico
reconstitute,0,5,0.0,0.01,4.09,crítico
atlantic,0,5,0.0,0.01,4.09,crítico
download,6,3,0.024,0.006,4.09,técnico
imperfections,6,3,0.024,0.006,4.09,técnico
juxtaposing,0,5,0.0,0.01,4.09,crítico
publicized,0,5,0.0,0.01,4.09,crítico
downplaying,0,5,0.0,0.01,4.09,crítico
justifies,0,5,0.0,0.01,4.09,crítico
fastest,6,3,0.024,0.006,4.09,técnico
exhaust,0,5,0.0,0.01,4.09,crítico
herself,0,5,0.0,0.01,4.09,crítico
scrutinises,0,5,0.0,0.01,4.09,crítico
impeded,0,5,0.0,0.01,4.09,crítico
accord,0,5,0.0,0.01,4.09,crítico
sympathetic,0,5,0.0,0.01,4.09,crítico
norbert,0,5,0.0,0.01,4.09,crítico
originates,0,5,0.0,0.01,4.09,crítico
inauthentic,0,5,0.0,0.01,4.09,crítico
sydney,0,5,0.0,0.01,4.09,crítico
funny,0,5,0.0,0.01,4.09,crítico
diversifying,0,5,0.0,0.01,4.09,crítico
furthers,0,5,0.0,0.01,4.09,crítico
sword,0,5,0.0,0.01,4.09,crítico
sci,0,5,0.0,0.01,4.09,crítico
synthesise,0,5,0.0,0.01,4.09,crítico
constructivism,0,5,0.0,0.01,4.09,crítico
scheduled,6,3,0.024,0.006,4.09,técnico
facilitators,0,5,0.0,0.01,4.09,crítico
transcripts,0,5,0.0,0.01,4.09,crítico
externalities,0,5,0.0,0.01,4.09,crítico
scepticism,0,5,0.0,0.01,4.09,crítico
affirmation,0,5,0.0,0.01,4.09,crítico
broke,0,5,0.0,0.01,4.09,crítico
transcribed,0,5,0.0,0.01,4.09,crítico
stimulated,0,5,0.0,0.01,4.09,crítico
scripted,0,5,0.0,0.01,4.09,crítico
ngo,0,5,0.0,0.01,4.09,crítico
usefully,0,5,0.0,0.01,4.09,crítico
juridical,0,5,0.0,0.01,4.09,crítico
criminological,0,5,0.0,0.01,4.09,crítico
distorts,0,5,0.0,0.01,4.09,crítico
loyalty,0,5,0.0,0.01,4.09,crítico
necessities,0,5,0.0,0.01,4.09,crítico
satirical,0,5,0.0,0.01,4.09,crítico
generalizable,6,3,0.024,0.006,4.09,técnico
dualism,0,5,0.0,0.01,4.09,crítico
sanctioned,0,5,0.0,0.01,4.09,crítico
evolution,63,89,0.253,0.18,4.09,técnico
unwarranted,0,5,0.0,0.01,4.09,crítico
telecommunication,6,3,0.024,0.006,4.09,técnico
grew,0,5,0.0,0.01,4.09,crítico
mainstreaming,0,5,0.0,0.01,4.09,crítico
involuntary,0,5,0.0,0.01,4.09,crítico
absurdity,0,5,0.0,0.01,4.09,crítico
unsurprisingly,0,5,0.0,0.01,4.09,crítico
invocation,0,5,0.0,0.01,4.09,crítico
covert,0,5,0.0,0.01,4.09,crítico
autoethnographic,0,5,0.0,0.01,4.09,crítico
violates,0,5,0.0,0.01,4.09,crítico
investor,0,5,0.0,0.01,4.09,crítico
slippery,0,5,0.0,0.01,4.09,crítico
panacea,0,5,0.0,0.01,4.09,crítico
unsettle,0,5,0.0,0.01,4.09,crítico
supplements,0,5,0.0,0.01,4.09,crítico
upheld,0,5,0.0,0.01,4.09,crítico
corresponded,0,5,0.0,0.01,4.09,crítico
exemplifying,0,5,0.0,0.01,4.09,crítico
uploading,0,5,0.0,0.01,4.09,crítico
wiener,0,5,0.0,0.01,4.09,crítico
heteronormative,0,5,0.0,0.01,4.09,crítico
australians,0,5,0.0,0.01,4.09,crítico
provoking,0,5,0.0,0.01,4.09,crítico
provokes,0,5,0.0,0.01,4.09,crítico
advertised,0,5,0.0,0.01,4.09,crítico
surrogates,0,5,0.0,0.01,4.09,crítico
charismatic,0,5,0.0,0.01,4.09,crítico
redistributing,0,5,0.0,0.01,4.09,crítico
vested,0,5,0.0,0.01,4.09,crítico
diet,0,5,0.0,0.01,4.09,crítico
beneficiaries,0,5,0.0,0.01,4.09,crítico
reductionism,0,5,0.0,0.01,4.09,crítico
actionability,0,5,0.0,0.01,4.09,crítico
copyrighted,0,5,0.0,0.01,4.09,crítico
jones,0,5,0.0,0.01,4.09,crítico
overwhelming,0,5,0.0,0.01,4.09,crítico
referendum,0,5,0.0,0.01,4.09,crítico
immersed,0,5,0.0,0.01,4.09,crítico
fertilization,0,5,0.0,0.01,4.09,crítico
windows,6,3,0.024,0.006,4.09,técnico
imbue,0,5,0.0,0.01,4.09,crítico
ableism,0,5,0.0,0.01,4.09,crítico
editions,0,5,0.0,0.01,4.09,crítico
inadequacies,0,5,0.0,0.01,4.09,crítico
hour,6,3,0.024,0.006,4.09,técnico
signifies,0,5,0.0,0.01,4.09,crítico
worldly,0,5,0.0,0.01,4.09,crítico
thomas,0,5,0.0,0.01,4.09,crítico
plot,6,3,0.024,0.006,4.09,técnico
biopower,0,5,0.0,0.01,4.09,crítico
historicity,0,5,0.0,0.01,4.09,crítico
springer,0,5,0.0,0.01,4.09,crítico
underlies,0,5,0.0,0.01,4.09,crítico
spur,0,5,0.0,0.01,4.09,crítico
stretch,6,3,0.024,0.006,4.09,técnico
mobilising,0,5,0.0,0.01,4.09,crítico
sidelined,0,5,0.0,0.01,4.09,crítico
enchantment,0,5,0.0,0.01,4.09,crítico
annemarie,0,5,0.0,0.01,4.09,crítico
biotechnological,0,5,0.0,0.01,4.09,crítico
unattainable,0,5,0.0,0.01,4.09,crítico
archetypes,0,5,0.0,0.01,4.09,crítico
endogenous,0,5,0.0,0.01,4.09,crítico
midst,0,5,0.0,0.01,4.09,crítico
polarised,0,5,0.0,0.01,4.09,crítico
collectors,0,5,0.0,0.01,4.09,crítico
misplaced,0,5,0.0,0.01,4.09,crítico
anniversary,0,5,0.0,0.01,4.09,crítico
residing,0,5,0.0,0.01,4.09,crítico
misrepresentation,0,5,0.0,0.01,4.09,crítico
transparently,0,5,0.0,0.01,4.09,crítico
barely,0,5,0.0,0.01,4.09,crítico
deconstructing,0,5,0.0,0.01,4.09,crítico
graphene,6,3,0.024,0.006,4.09,técnico
colonialist,0,5,0.0,0.01,4.09,crítico
pleasures,0,5,0.0,0.01,4.09,crítico
monopolies,0,5,0.0,0.01,4.09,crítico
embroiled,0,5,0.0,0.01,4.09,crítico
monetized,0,5,0.0,0.01,4.09,crítico
monetizing,0,5,0.0,0.01,4.09,crítico
dislike,0,5,0.0,0.01,4.09,crítico
dehumanization,0,5,0.0,0.01,4.09,crítico
undoing,0,5,0.0,0.01,4.09,crítico
underdeveloped,0,5,0.0,0.01,4.09,crítico
capitalize,0,5,0.0,0.01,4.09,crítico
fragmentary,0,5,0.0,0.01,4.09,crítico
abandoning,0,5,0.0,0.01,4.09,crítico
simon,0,5,0.0,0.01,4.09,crítico
harmonized,0,5,0.0,0.01,4.09,crítico
infrequent,0,5,0.0,0.01,4.09,crítico
insist,0,5,0.0,0.01,4.09,crítico
emic,0,5,0.0,0.01,4.09,crítico
insiders,0,5,0.0,0.01,4.09,crítico
undertheorized,0,5,0.0,0.01,4.09,crítico
unavailable,6,3,0.024,0.006,4.09,técnico
arbiters,0,5,0.0,0.01,4.09,crítico
minority,20,65,0.08,0.132,4.09,crítico
commonalities,0,5,0.0,0.01,4.09,crítico
biomedicalization,0,5,0.0,0.01,4.09,crítico
worship,0,5,0.0,0.01,4.09,crítico
commensurable,0,5,0.0,0.01,4.09,crítico
personalise,0,5,0.0,0.01,4.09,crítico
dismiss,0,5,0.0,0.01,4.09,crítico
subscribers,0,5,0.0,0.01,4.09,crítico
monetize,0,5,0.0,0.01,4.09,crítico
infringing,0,5,0.0,0.01,4.09,crítico
grappling,0,5,0.0,0.01,4.09,crítico
adele,0,5,0.0,0.01,4.09,crítico
democratising,0,5,0.0,0.01,4.09,crítico
structuration,0,5,0.0,0.01,4.09,crítico
misuses,0,5,0.0,0.01,4.09,crítico
engenders,0,5,0.0,0.01,4.09,crítico
compel,0,5,0.0,0.01,4.09,crítico
waters,0,5,0.0,0.01,4.09,crítico
grappled,0,5,0.0,0.01,4.09,crítico
risking,0,5,0.0,0.01,4.09,crítico
unfairness,0,5,0.0,0.01,4.09,crítico
deserving,0,5,0.0,0.01,4.09,crítico
deserves,0,5,0.0,0.01,4.09,crítico
unchecked,0,5,0.0,0.01,4.09,crítico
appraise,0,5,0.0,0.01,4.09,crítico
mouffe,0,5,0.0,0.01,4.09,crítico
multisited,0,5,0.0,0.01,4.09,crítico
occasion,0,5,0.0,0.01,4.09,crítico
depoliticized,0,5,0.0,0.01,4.09,crítico
zooming,0,5,0.0,0.01,4.09,crítico
reworked,0,5,0.0,0.01,4.09,crítico
costly,12,10,0.048,0.02,4.06,técnico
restrictions,9,36,0.036,0.073,4.06,crítico
passage,12,10,0.048,0.02,4.06,técnico
prototypes,12,10,0.048,0.02,4.06,técnico
accelerating,12,10,0.048,0.02,4.06,técnico
tourism,3,18,0.012,0.036,4.05,crítico
implied,3,18,0.012,0.036,4.05,crítico
nuances,3,18,0.012,0.036,4.05,crítico
linkage,3,18,0.012,0.036,4.05,crítico
disrupting,3,18,0.012,0.036,4.05,crítico
committee,3,18,0.012,0.036,4.05,crítico
registers,3,18,0.012,0.036,4.05,crítico
cited,3,18,0.012,0.036,4.05,crítico
prefer,3,18,0.012,0.036,4.05,crítico
ready,3,18,0.012,0.036,4.05,crítico
launched,3,18,0.012,0.036,4.05,crítico
organisms,3,18,0.012,0.036,4.05,crítico
diagnostics,15,14,0.06,0.028,4.03,técnico
plays,52,71,0.209,0.144,4.03,técnico
indicates,32,39,0.128,0.079,4.02,técnico
methodologies,39,50,0.156,0.101,4.02,técnico
traction,20,21,0.08,0.043,4.02,técnico
user,275,628,1.103,1.273,4.01,crítico
directed,12,44,0.048,0.089,4.0,crítico
so,230,532,0.922,1.078,4.0,crítico
necessary,99,151,0.397,0.306,3.96,técnico
represent,32,94,0.128,0.191,3.96,crítico
automation,62,164,0.249,0.332,3.95,crítico
repeatedly,4,21,0.016,0.043,3.93,crítico
general,113,278,0.453,0.563,3.93,crítico
receiving,7,30,0.028,0.061,3.93,crítico
reconfiguration,4,21,0.016,0.043,3.93,crítico
remedy,4,21,0.016,0.043,3.93,crítico
achievement,7,30,0.028,0.061,3.93,crítico
readings,4,21,0.016,0.043,3.93,crítico
facing,14,49,0.056,0.099,3.91,crítico
powered,14,49,0.056,0.099,3.91,crítico
intense,5,24,0.02,0.049,3.89,crítico
accept,5,24,0.02,0.049,3.89,crítico
abstraction,6,27,0.024,0.055,3.89,crítico
rationality,6,27,0.024,0.055,3.89,crítico
assesses,6,27,0.024,0.055,3.89,crítico
nonetheless,6,27,0.024,0.055,3.89,crítico
inevitable,5,24,0.02,0.049,3.89,crítico
photos,5,24,0.02,0.049,3.89,crítico
ambiguities,5,24,0.02,0.049,3.89,crítico
expressive,6,27,0.024,0.055,3.89,crítico
adequate,17,17,0.068,0.034,3.88,técnico
recent,203,473,0.814,0.959,3.88,crítico
neighborhood,17,17,0.068,0.034,3.88,técnico
remaining,17,17,0.068,0.034,3.88,técnico
authors,44,122,0.176,0.247,3.87,crítico
experiment,117,183,0.469,0.371,3.87,técnico
tl,11,9,0.044,0.018,3.85,técnico
commonly,51,70,0.205,0.142,3.85,técnico
decreasing,11,9,0.044,0.018,3.85,técnico
thoroughly,14,13,0.056,0.026,3.8,técnico
marine,14,13,0.056,0.026,3.8,técnico
deterministic,19,20,0.076,0.041,3.8,técnico
coming,10,38,0.04,0.077,3.79,crítico
listening,10,38,0.04,0.077,3.79,crítico
moderate,10,38,0.04,0.077,3.79,crítico
reform,10,38,0.04,0.077,3.79,crítico
crucial,103,159,0.413,0.322,3.77,técnico
identify,164,388,0.658,0.786,3.77,crítico
hosted,2,14,0.008,0.028,3.76,crítico
underline,2,14,0.008,0.028,3.76,crítico
idealized,2,14,0.008,0.028,3.76,crítico
blending,2,14,0.008,0.028,3.76,crítico
posits,2,14,0.008,0.028,3.76,crítico
victim,2,14,0.008,0.028,3.76,crítico
tasked,2,14,0.008,0.028,3.76,crítico
urgency,2,14,0.008,0.028,3.76,crítico
sonic,2,14,0.008,0.028,3.76,crítico
vocal,2,14,0.008,0.028,3.76,crítico
depict,2,14,0.008,0.028,3.76,crítico
elected,2,14,0.008,0.028,3.76,crítico
september,2,14,0.008,0.028,3.76,crítico
showing,37,105,0.148,0.213,3.76,crítico
inferences,2,14,0.008,0.028,3.76,crítico
mother,2,14,0.008,0.028,3.76,crítico
nursing,2,14,0.008,0.028,3.76,crítico
blue,2,14,0.008,0.028,3.76,crítico
securing,2,14,0.008,0.028,3.76,crítico
haptic,21,23,0.084,0.047,3.75,técnico
investigate,96,239,0.385,0.484,3.73,crítico
expressions,25,76,0.1,0.154,3.71,crítico
poverty,9,35,0.036,0.071,3.7,crítico
situational,9,35,0.036,0.071,3.7,crítico
observed,62,89,0.249,0.18,3.68,técnico
leads,59,84,0.237,0.17,3.67,técnico
appropriateness,1,10,0.004,0.02,3.66,crítico
bolster,1,10,0.004,0.02,3.66,crítico
minoritized,1,10,0.004,0.02,3.66,crítico
differentially,1,10,0.004,0.02,3.66,crítico
spoke,1,10,0.004,0.02,3.66,crítico
listeners,1,10,0.004,0.02,3.66,crítico
mirrors,1,10,0.004,0.02,3.66,crítico
calculus,1,10,0.004,0.02,3.66,crítico
abstracts,1,10,0.004,0.02,3.66,crítico
opt,1,10,0.004,0.02,3.66,crítico
impede,1,10,0.004,0.02,3.66,crítico
emphasising,1,10,0.004,0.02,3.66,crítico
clarifying,1,10,0.004,0.02,3.66,crítico
provoke,1,10,0.004,0.02,3.66,crítico
semistructured,1,10,0.004,0.02,3.66,crítico
disagree,1,10,0.004,0.02,3.66,crítico
youtubers,1,10,0.004,0.02,3.66,crítico
striving,1,10,0.004,0.02,3.66,crítico
vendors,1,10,0.004,0.02,3.66,crítico
hateful,1,10,0.004,0.02,3.66,crítico
predicated,1,10,0.004,0.02,3.66,crítico
endangered,1,10,0.004,0.02,3.66,crítico
defending,1,10,0.004,0.02,3.66,crítico
marking,1,10,0.004,0.02,3.66,crítico
intelligible,1,10,0.004,0.02,3.66,crítico
formerly,1,10,0.004,0.02,3.66,crítico
explorations,1,10,0.004,0.02,3.66,crítico
soviet,1,10,0.004,0.02,3.66,crítico
ibm,1,10,0.004,0.02,3.66,crítico
pp,1,10,0.004,0.02,3.66,crítico
bears,1,10,0.004,0.02,3.66,crítico
inducing,1,10,0.004,0.02,3.66,crítico
inquire,1,10,0.004,0.02,3.66,crítico
vantage,1,10,0.004,0.02,3.66,crítico
impressions,1,10,0.004,0.02,3.66,crítico
infections,1,10,0.004,0.02,3.66,crítico
messy,1,10,0.004,0.02,3.66,crítico
deploys,1,10,0.004,0.02,3.66,crítico
meso,1,10,0.004,0.02,3.66,crítico
realised,1,10,0.004,0.02,3.66,crítico
deaf,1,10,0.004,0.02,3.66,crítico
intersects,1,10,0.004,0.02,3.66,crítico
acknowledges,1,10,0.004,0.02,3.66,crítico
malicious,16,16,0.064,0.032,3.65,técnico
refine,16,16,0.064,0.032,3.65,técnico
intent,16,16,0.064,0.032,3.65,técnico
atmospheric,16,16,0.064,0.032,3.65,técnico
hub,10,8,0.04,0.016,3.64,técnico
delivered,10,8,0.04,0.016,3.64,técnico
inversion,10,8,0.04,0.016,3.64,técnico
paramount,10,8,0.04,0.016,3.64,técnico
servers,10,8,0.04,0.016,3.64,técnico
connecting,8,32,0.032,0.065,3.61,crítico
sketch,13,12,0.052,0.024,3.58,técnico
quantitatively,13,12,0.052,0.024,3.58,técnico
formulate,13,12,0.052,0.024,3.58,técnico
replaced,13,12,0.052,0.024,3.58,técnico
recommended,18,19,0.072,0.039,3.57,técnico
stress,40,53,0.16,0.107,3.57,técnico
helped,11,40,0.044,0.081,3.56,crítico
deliberately,3,17,0.012,0.034,3.55,crítico
empower,3,17,0.012,0.034,3.55,crítico
newspaper,3,17,0.012,0.034,3.55,crítico
everything,3,17,0.012,0.034,3.55,crítico
formal,29,85,0.116,0.172,3.55,crítico
treatments,3,17,0.012,0.034,3.55,crítico
really,3,17,0.012,0.034,3.55,crítico
ukraine,3,17,0.012,0.034,3.55,crítico
portray,3,17,0.012,0.034,3.55,crítico
cultivation,3,17,0.012,0.034,3.55,crítico
multitude,3,17,0.012,0.034,3.55,crítico
fostered,3,17,0.012,0.034,3.55,crítico
complicate,3,17,0.012,0.034,3.55,crítico
overview,18,58,0.072,0.118,3.54,crítico
speaking,26,31,0.104,0.063,3.54,técnico
accompanied,7,29,0.028,0.059,3.54,crítico
nine,7,29,0.028,0.059,3.54,crítico
email,7,29,0.028,0.059,3.54,crítico
offered,18,58,0.072,0.118,3.54,crítico
potentials,7,29,0.028,0.059,3.54,crítico
becoming,40,111,0.16,0.225,3.54,crítico
discovery,33,42,0.132,0.085,3.51,técnico
grounding,6,26,0.024,0.053,3.48,crítico
exist,25,75,0.1,0.152,3.47,crítico
outlet,4,20,0.016,0.041,3.47,crítico
register,4,20,0.016,0.041,3.47,crítico
expense,4,20,0.016,0.041,3.47,crítico
striking,4,20,0.016,0.041,3.47,crítico
incentives,4,20,0.016,0.041,3.47,crítico
renders,4,20,0.016,0.041,3.47,crítico
photo,5,23,0.02,0.047,3.46,crítico
forced,5,23,0.02,0.047,3.46,crítico
constructions,5,23,0.02,0.047,3.46,crítico
asia,5,23,0.02,0.047,3.46,crítico
housing,5,23,0.02,0.047,3.46,crítico
appeared,5,23,0.02,0.047,3.46,crítico
assets,10,37,0.04,0.075,3.45,crítico
reconstructing,9,7,0.036,0.014,3.44,técnico
leverage,36,47,0.144,0.095,3.44,técnico
mine,9,7,0.036,0.014,3.44,técnico
resilient,15,15,0.06,0.03,3.43,técnico
involves,59,85,0.237,0.172,3.42,técnico
contact,53,75,0.213,0.152,3.41,técnico
secondary,29,36,0.116,0.073,3.4,técnico
cognition,17,55,0.068,0.111,3.4,crítico
doi,12,11,0.048,0.022,3.35,técnico
accelerate,17,18,0.068,0.036,3.34,técnico
constantly,9,34,0.036,0.069,3.34,crítico
styles,9,34,0.036,0.069,3.34,crítico
radiation,25,30,0.1,0.061,3.32,técnico
balanced,19,21,0.076,0.043,3.3,técnico
instruments,20,62,0.08,0.126,3.28,crítico
trends,20,62,0.08,0.126,3.28,crítico
obligations,8,31,0.032,0.063,3.25,crítico
exemplar,8,6,0.032,0.012,3.25,técnico
preconditions,8,6,0.032,0.012,3.25,técnico
situ,8,6,0.032,0.012,3.25,técnico
seamlessly,8,6,0.032,0.012,3.25,técnico
manipulation,43,59,0.172,0.12,3.25,técnico
balances,8,6,0.032,0.012,3.25,técnico
minutes,8,6,0.032,0.012,3.25,técnico
surgical,8,6,0.032,0.012,3.25,técnico
decline,8,31,0.032,0.063,3.25,crítico
slight,8,6,0.032,0.012,3.25,técnico
formats,8,31,0.032,0.063,3.25,crítico
tremendous,8,6,0.032,0.012,3.25,técnico
toolbox,8,6,0.032,0.012,3.25,técnico
weapon,8,6,0.032,0.012,3.25,técnico
off,49,69,0.197,0.14,3.24,técnico
aim,94,231,0.377,0.468,3.23,crítico
arts,11,39,0.044,0.079,3.23,crítico
paradigmatic,2,13,0.008,0.026,3.22,crítico
shutdowns,2,13,0.008,0.026,3.22,crítico
disappeared,2,13,0.008,0.026,3.22,crítico
investigators,2,13,0.008,0.026,3.22,crítico
link,62,91,0.249,0.184,3.22,técnico
adherence,2,13,0.008,0.026,3.22,crítico
accounted,2,13,0.008,0.026,3.22,crítico
nigeria,2,13,0.008,0.026,3.22,crítico
episodes,2,13,0.008,0.026,3.22,crítico
ago,2,13,0.008,0.026,3.22,crítico
oppositional,2,13,0.008,0.026,3.22,crítico
wrapped,2,13,0.008,0.026,3.22,crítico
doctor,2,13,0.008,0.026,3.22,crítico
disrupts,2,13,0.008,0.026,3.22,crítico
llms,52,137,0.209,0.278,3.22,crítico
reproducing,2,13,0.008,0.026,3.22,crítico
offices,2,13,0.008,0.026,3.22,crítico
homogeneity,2,13,0.008,0.026,3.22,crítico
administered,2,13,0.008,0.026,3.22,crítico
routinely,2,13,0.008,0.026,3.22,crítico
accident,14,14,0.056,0.028,3.2,técnico
priority,14,14,0.056,0.028,3.2,técnico
sports,14,14,0.056,0.028,3.2,técnico
individually,14,14,0.056,0.028,3.2,técnico
clusters,28,35,0.112,0.071,3.2,técnico
span,14,14,0.056,0.028,3.2,técnico
longitudinal,23,69,0.092,0.14,3.19,crítico
called,132,214,0.529,0.434,3.18,técnico
validity,33,43,0.132,0.087,3.18,técnico
automated,96,235,0.385,0.476,3.18,crítico
modelling,41,56,0.164,0.114,3.17,técnico
worth,7,28,0.028,0.057,3.16,crítico
character,44,61,0.176,0.124,3.16,técnico
continuity,7,28,0.028,0.057,3.16,crítico
ais,7,28,0.028,0.057,3.16,crítico
increased,87,215,0.349,0.436,3.16,crítico
survival,7,28,0.028,0.057,3.16,crítico
served,7,28,0.028,0.057,3.16,crítico
advancements,26,32,0.104,0.065,3.15,técnico
suggested,47,66,0.188,0.134,3.15,técnico
construction,74,186,0.297,0.377,3.13,crítico
exceed,11,10,0.044,0.02,3.13,técnico
contrast,102,161,0.409,0.326,3.13,técnico
inception,16,17,0.064,0.034,3.12,técnico
referred,24,29,0.096,0.059,3.11,técnico
mobile,133,315,0.533,0.638,3.1,crítico
intersection,29,83,0.116,0.168,3.1,crítico
clarify,6,25,0.024,0.051,3.09,crítico
reputation,6,25,0.024,0.051,3.09,crítico
fix,6,25,0.024,0.051,3.09,crítico
world,236,535,0.946,1.084,3.09,crítico
membership,6,25,0.024,0.051,3.09,crítico
proximity,6,25,0.024,0.051,3.09,crítico
observations,32,90,0.128,0.182,3.08,crítico
blurring,3,16,0.012,0.032,3.07,crítico
sentient,7,5,0.028,0.01,3.07,técnico
list,20,23,0.08,0.047,3.07,técnico
weapons,3,16,0.012,0.032,3.07,crítico
burden,20,23,0.08,0.047,3.07,técnico
psi,7,5,0.028,0.01,3.07,técnico
fda,3,16,0.012,0.032,3.07,crítico
filtered,7,5,0.028,0.01,3.07,técnico
employee,3,16,0.012,0.032,3.07,crítico
sales,3,16,0.012,0.032,3.07,crítico
absorption,7,5,0.028,0.01,3.07,técnico
prospect,3,16,0.012,0.032,3.07,crítico
paving,7,5,0.028,0.01,3.07,técnico
freeze,7,5,0.028,0.01,3.07,técnico
john,3,16,0.012,0.032,3.07,crítico
council,3,16,0.012,0.032,3.07,crítico
competitiveness,7,5,0.028,0.01,3.07,técnico
adapting,20,23,0.08,0.047,3.07,técnico
scoring,20,23,0.08,0.047,3.07,técnico
extensions,7,5,0.028,0.01,3.07,técnico
arrangement,7,5,0.028,0.01,3.07,técnico
photographic,3,16,0.012,0.032,3.07,crítico
cables,7,5,0.028,0.01,3.07,técnico
treats,3,16,0.012,0.032,3.07,crítico
lab,22,66,0.088,0.134,3.05,crítico
logic,72,181,0.289,0.367,3.05,crítico
thereof,1,9,0.004,0.018,3.04,crítico
speaks,1,9,0.004,0.018,3.04,crítico
gone,1,9,0.004,0.018,3.04,crítico
residence,1,9,0.004,0.018,3.04,crítico
mexican,1,9,0.004,0.018,3.04,crítico
comprised,1,9,0.004,0.018,3.04,crítico
quarantine,1,9,0.004,0.018,3.04,crítico
happening,1,9,0.004,0.018,3.04,crítico
goods,12,41,0.048,0.083,3.04,crítico
messiness,1,9,0.004,0.018,3.04,crítico
defenders,1,9,0.004,0.018,3.04,crítico
ads,5,22,0.02,0.045,3.04,crítico
primacy,1,9,0.004,0.018,3.04,crítico
volunteers,5,22,0.02,0.045,3.04,crítico
fund,1,9,0.004,0.018,3.04,crítico
forty,1,9,0.004,0.018,3.04,crítico
hopeful,1,9,0.004,0.018,3.04,crítico
humanistic,1,9,0.004,0.018,3.04,crítico
prize,1,9,0.004,0.018,3.04,crítico
perceiving,1,9,0.004,0.018,3.04,crítico
resembles,1,9,0.004,0.018,3.04,crítico
cultivated,1,9,0.004,0.018,3.04,crítico
diversify,1,9,0.004,0.018,3.04,crítico
friend,1,9,0.004,0.018,3.04,crítico
outreach,1,9,0.004,0.018,3.04,crítico
accomplishment,1,9,0.004,0.018,3.04,crítico
tactic,1,9,0.004,0.018,3.04,crítico
practitioner,1,9,0.004,0.018,3.04,crítico
attributions,1,9,0.004,0.018,3.04,crítico
spurred,1,9,0.004,0.018,3.04,crítico
paris,1,9,0.004,0.018,3.04,crítico
lee,1,9,0.004,0.018,3.04,crítico
prescriptive,1,9,0.004,0.018,3.04,crítico
adaptations,1,9,0.004,0.018,3.04,crítico
importantly,12,41,0.048,0.083,3.04,crítico
brown,1,9,0.004,0.018,3.04,crítico
undo,1,9,0.004,0.018,3.04,crítico
extending,12,41,0.048,0.083,3.04,crítico
pushes,1,9,0.004,0.018,3.04,crítico
unjust,1,9,0.004,0.018,3.04,crítico
gun,1,9,0.004,0.018,3.04,crítico
reclaim,1,9,0.004,0.018,3.04,crítico
abandonment,1,9,0.004,0.018,3.04,crítico
garnered,1,9,0.004,0.018,3.04,crítico
investing,1,9,0.004,0.018,3.04,crítico
responsiveness,5,22,0.02,0.045,3.04,crítico
instantiate,1,9,0.004,0.018,3.04,crítico
fueled,1,9,0.004,0.018,3.04,crítico
urls,1,9,0.004,0.018,3.04,crítico
angeles,1,9,0.004,0.018,3.04,crítico
pessimistic,1,9,0.004,0.018,3.04,crítico
heated,1,9,0.004,0.018,3.04,crítico
iranian,1,9,0.004,0.018,3.04,crítico
disappearance,1,9,0.004,0.018,3.04,crítico
supreme,1,9,0.004,0.018,3.04,crítico
airbnb,1,9,0.004,0.018,3.04,crítico
taxonomies,1,9,0.004,0.018,3.04,crítico
startup,1,9,0.004,0.018,3.04,crítico
selling,1,9,0.004,0.018,3.04,crítico
deserve,1,9,0.004,0.018,3.04,crítico
procurement,1,9,0.004,0.018,3.04,crítico
counteract,1,9,0.004,0.018,3.04,crítico
strand,1,9,0.004,0.018,3.04,crítico
omission,1,9,0.004,0.018,3.04,crítico
moderator,1,9,0.004,0.018,3.04,crítico
pace,5,22,0.02,0.045,3.04,crítico
assault,1,9,0.004,0.018,3.04,crítico
implicitly,4,19,0.016,0.039,3.02,crítico
committed,4,19,0.016,0.039,3.02,crítico
questionnaires,4,19,0.016,0.039,3.02,crítico
behavior,158,262,0.634,0.531,3.02,técnico
resolved,4,19,0.016,0.039,3.02,crítico
cast,4,19,0.016,0.039,3.02,crítico
conservation,9,33,0.036,0.067,3.0,crítico
actually,14,46,0.056,0.093,3.0,crítico
predictors,14,46,0.056,0.093,3.0,crítico
took,14,46,0.056,0.093,3.0,crítico
allowing,43,60,0.172,0.122,2.98,técnico
constructing,32,42,0.128,0.085,2.98,técnico
impaired,13,13,0.052,0.026,2.97,técnico
direct,81,125,0.325,0.253,2.97,técnico
quick,13,13,0.052,0.026,2.97,técnico
indispensable,13,13,0.052,0.026,2.97,técnico
internal,63,94,0.253,0.191,2.94,técnico
implementing,35,47,0.14,0.095,2.94,técnico
et,35,47,0.14,0.095,2.94,técnico
unlike,35,47,0.14,0.095,2.94,técnico
lift,6,4,0.024,0.008,2.91,técnico
vacuum,6,4,0.024,0.008,2.91,técnico
violated,6,4,0.024,0.008,2.91,técnico
bag,6,4,0.024,0.008,2.91,técnico
degrading,6,4,0.024,0.008,2.91,técnico
alcohol,6,4,0.024,0.008,2.91,técnico
got,6,4,0.024,0.008,2.91,técnico
templates,6,4,0.024,0.008,2.91,técnico
rigorously,6,4,0.024,0.008,2.91,técnico
hook,6,4,0.024,0.008,2.91,técnico
cartesian,6,4,0.024,0.008,2.91,técnico
record,11,38,0.044,0.077,2.91,crítico
calibrating,6,4,0.024,0.008,2.91,técnico
hydrogen,6,4,0.024,0.008,2.91,técnico
delayed,6,4,0.024,0.008,2.91,técnico
appearances,6,4,0.024,0.008,2.91,técnico
nsl,6,4,0.024,0.008,2.91,técnico
remotely,6,4,0.024,0.008,2.91,técnico
advantageous,6,4,0.024,0.008,2.91,técnico
portability,6,4,0.024,0.008,2.91,técnico
validates,6,4,0.024,0.008,2.91,técnico
devise,10,9,0.04,0.018,2.9,técnico
ad,23,28,0.092,0.057,2.9,técnico
progression,10,9,0.04,0.018,2.9,técnico
accordance,10,9,0.04,0.018,2.9,técnico
forgetting,10,9,0.04,0.018,2.9,técnico
files,10,9,0.04,0.018,2.9,técnico
locate,15,16,0.06,0.032,2.89,técnico
acting,8,30,0.032,0.061,2.89,crítico
rules,75,115,0.301,0.233,2.89,técnico
same,164,274,0.658,0.555,2.89,técnico
texts,29,82,0.116,0.166,2.88,crítico
classic,21,25,0.084,0.051,2.87,técnico
isolation,21,25,0.084,0.051,2.87,técnico
unstable,21,25,0.084,0.051,2.87,técnico
textual,24,70,0.096,0.142,2.86,crítico
questionnaire,17,19,0.068,0.039,2.86,técnico
api,17,19,0.068,0.039,2.86,técnico
indicators,33,44,0.132,0.089,2.86,técnico
correlated,17,19,0.068,0.039,2.86,técnico
healthy,17,19,0.068,0.039,2.86,técnico
pay,15,48,0.06,0.097,2.86,crítico
searching,19,22,0.076,0.045,2.85,técnico
mission,19,22,0.076,0.045,2.85,técnico
enterprise,19,22,0.076,0.045,2.85,técnico
largest,7,27,0.028,0.055,2.8,crítico
rising,7,27,0.028,0.055,2.8,crítico
assigned,10,35,0.04,0.071,2.79,crítico
universities,10,35,0.04,0.071,2.79,crítico
grading,5,3,0.02,0.006,2.78,técnico
bright,5,3,0.02,0.006,2.78,técnico
interconnection,5,3,0.02,0.006,2.78,técnico
concentrate,5,3,0.02,0.006,2.78,técnico
installations,5,3,0.02,0.006,2.78,técnico
arriving,5,3,0.02,0.006,2.78,técnico
wants,5,3,0.02,0.006,2.78,técnico
boosted,5,3,0.02,0.006,2.78,técnico
compressing,5,3,0.02,0.006,2.78,técnico
underwent,5,3,0.02,0.006,2.78,técnico
summarizes,5,3,0.02,0.006,2.78,técnico
formalism,5,3,0.02,0.006,2.78,técnico
fly,5,3,0.02,0.006,2.78,técnico
labelling,5,3,0.02,0.006,2.78,técnico
squeeze,5,3,0.02,0.006,2.78,técnico
terrestrial,5,3,0.02,0.006,2.78,técnico
plenty,5,3,0.02,0.006,2.78,técnico
merges,5,3,0.02,0.006,2.78,técnico
suppresses,5,3,0.02,0.006,2.78,técnico
adverse,12,12,0.048,0.024,2.74,técnico
inflated,4,2,0.016,0.004,2.73,técnico
alterations,4,2,0.016,0.004,2.73,técnico
breaches,4,2,0.016,0.004,2.73,técnico
shipping,4,2,0.016,0.004,2.73,técnico
imprecise,4,2,0.016,0.004,2.73,técnico
reformulation,4,2,0.016,0.004,2.73,técnico
inc,4,2,0.016,0.004,2.73,técnico
interconnectivity,4,2,0.016,0.004,2.73,técnico
tube,4,2,0.016,0.004,2.73,técnico
alternatively,4,2,0.016,0.004,2.73,técnico
shelf,4,2,0.016,0.004,2.73,técnico
adapt,40,56,0.16,0.114,2.73,técnico
indexed,4,2,0.016,0.004,2.73,técnico
immunity,4,2,0.016,0.004,2.73,técnico
permit,4,2,0.016,0.004,2.73,técnico
grain,4,2,0.016,0.004,2.73,técnico
html,4,2,0.016,0.004,2.73,técnico
amending,4,2,0.016,0.004,2.73,técnico
tilt,4,2,0.016,0.004,2.73,técnico
permitting,4,2,0.016,0.004,2.73,técnico
approximating,4,2,0.016,0.004,2.73,técnico
discontinuity,4,2,0.016,0.004,2.73,técnico
overloaded,4,2,0.016,0.004,2.73,técnico
floors,4,2,0.016,0.004,2.73,técnico
iso,4,2,0.016,0.004,2.73,técnico
retrieving,4,2,0.016,0.004,2.73,técnico
relaxation,4,2,0.016,0.004,2.73,técnico
truncated,4,2,0.016,0.004,2.73,técnico
denoted,4,2,0.016,0.004,2.73,técnico
misclassification,4,2,0.016,0.004,2.73,técnico
summaries,4,2,0.016,0.004,2.73,técnico
isn,4,2,0.016,0.004,2.73,técnico
bird,4,2,0.016,0.004,2.73,técnico
plug,4,2,0.016,0.004,2.73,técnico
upcoming,4,2,0.016,0.004,2.73,técnico
trips,4,2,0.016,0.004,2.73,técnico
univariate,4,2,0.016,0.004,2.73,técnico
conservatism,4,2,0.016,0.004,2.73,técnico
poles,4,2,0.016,0.004,2.73,técnico
urbanization,4,2,0.016,0.004,2.73,técnico
refines,4,2,0.016,0.004,2.73,técnico
quantitative,60,152,0.241,0.308,2.72,crítico
minimal,29,38,0.116,0.077,2.72,técnico
centric,23,67,0.092,0.136,2.72,crítico
researcher,14,45,0.056,0.091,2.72,crítico
tie,6,24,0.024,0.049,2.71,crítico
deliberate,6,24,0.024,0.049,2.71,crítico
pursuit,6,24,0.024,0.049,2.71,crítico
soil,6,24,0.024,0.049,2.71,crítico
overall,96,153,0.385,0.31,2.71,técnico
disposition,2,12,0.008,0.024,2.7,crítico
intuition,2,12,0.008,0.024,2.7,crítico
fetal,2,12,0.008,0.024,2.7,crítico
nothing,2,12,0.008,0.024,2.7,crítico
republic,2,12,0.008,0.024,2.7,crítico
broadband,2,12,0.008,0.024,2.7,crítico
struggled,2,12,0.008,0.024,2.7,crítico
hedonic,2,12,0.008,0.024,2.7,crítico
resonate,2,12,0.008,0.024,2.7,crítico
olds,2,12,0.008,0.024,2.7,crítico
streets,2,12,0.008,0.024,2.7,crítico
antagonistic,2,12,0.008,0.024,2.7,crítico
dramatic,2,12,0.008,0.024,2.7,crítico
nanotechnology,2,12,0.008,0.024,2.7,crítico
outlook,2,12,0.008,0.024,2.7,crítico
specialists,2,12,0.008,0.024,2.7,crítico
shall,2,12,0.008,0.024,2.7,crítico
titles,2,12,0.008,0.024,2.7,crítico
enclosure,2,12,0.008,0.024,2.7,crítico
delineate,2,12,0.008,0.024,2.7,crítico
extinction,2,12,0.008,0.024,2.7,crítico
unconventional,2,12,0.008,0.024,2.7,crítico
elaboration,2,12,0.008,0.024,2.7,crítico
uncertainty,101,162,0.405,0.328,2.69,técnico
transformed,26,74,0.104,0.15,2.69,crítico
concurrent,9,8,0.036,0.016,2.68,técnico
substance,9,8,0.036,0.016,2.68,técnico
seems,9,32,0.036,0.065,2.67,crítico
dissemination,9,32,0.036,0.065,2.67,crítico
entry,9,32,0.036,0.065,2.67,crítico
like,192,437,0.77,0.886,2.67,crítico
cut,14,15,0.056,0.03,2.66,técnico
ignored,14,15,0.056,0.03,2.66,técnico
surgery,16,18,0.064,0.036,2.64,técnico
heat,16,18,0.064,0.036,2.64,técnico
neuroscience,5,21,0.02,0.043,2.64,crítico
member,5,21,0.02,0.043,2.64,crítico
purely,5,21,0.02,0.043,2.64,crítico
embed,5,21,0.02,0.043,2.64,crítico
coherence,16,18,0.064,0.036,2.64,técnico
erosion,5,21,0.02,0.043,2.64,crítico
margins,5,21,0.02,0.043,2.64,crítico
deeper,19,57,0.076,0.116,2.63,crítico
salient,11,37,0.044,0.075,2.61,crítico
setting,43,113,0.172,0.229,2.61,crítico
departure,3,15,0.012,0.03,2.6,crítico
affiliation,3,15,0.012,0.03,2.6,crítico
companion,3,15,0.012,0.03,2.6,crítico
tweet,4,18,0.016,0.036,2.6,crítico
lifecycle,4,18,0.016,0.036,2.6,crítico
spiritual,3,15,0.012,0.03,2.6,crítico
tailor,3,15,0.012,0.03,2.6,crítico
dominate,4,18,0.016,0.036,2.6,crítico
birth,3,15,0.012,0.03,2.6,crítico
repositories,4,18,0.016,0.036,2.6,crítico
developer,3,15,0.012,0.03,2.6,crítico
mars,4,18,0.016,0.036,2.6,crítico
artificially,4,18,0.016,0.036,2.6,crítico
rationales,4,18,0.016,0.036,2.6,crítico
engineered,3,15,0.012,0.03,2.6,crítico
elucidate,3,15,0.012,0.03,2.6,crítico
distinguished,4,18,0.016,0.036,2.6,crítico
reproducibility,4,18,0.016,0.036,2.6,crítico
uniquely,4,18,0.016,0.036,2.6,crítico
tactical,3,15,0.012,0.03,2.6,crítico
severe,25,32,0.1,0.065,2.59,técnico
predicted,62,94,0.249,0.191,2.59,técnico
allowed,25,32,0.1,0.065,2.59,técnico
hypotheses,8,29,0.032,0.059,2.56,crítico
even,147,340,0.59,0.689,2.55,crítico
reach,25,71,0.1,0.144,2.55,crítico
dependence,23,29,0.092,0.059,2.54,técnico
fit,28,37,0.112,0.075,2.53,técnico
mostly,20,59,0.08,0.12,2.53,crítico
carry,28,37,0.112,0.075,2.53,técnico
corpora,11,11,0.044,0.022,2.51,técnico
kept,11,11,0.044,0.022,2.51,técnico
mastery,11,11,0.044,0.022,2.51,técnico
launch,11,11,0.044,0.022,2.51,técnico
qr,11,11,0.044,0.022,2.51,técnico
inpainting,11,11,0.044,0.022,2.51,técnico
modifying,11,11,0.044,0.022,2.51,técnico
faced,18,54,0.072,0.109,2.5,crítico
placed,21,26,0.084,0.053,2.49,técnico
wearable,21,26,0.084,0.053,2.49,técnico
weak,31,42,0.124,0.085,2.49,técnico
introducing,43,62,0.172,0.126,2.48,técnico
too,32,87,0.128,0.176,2.47,crítico
subsequent,26,73,0.104,0.148,2.47,crítico
proposing,16,49,0.064,0.099,2.47,crítico
attitude,40,57,0.16,0.116,2.47,técnico
keeps,8,7,0.032,0.014,2.46,técnico
planners,8,7,0.032,0.014,2.46,técnico
dispersion,8,7,0.032,0.014,2.46,técnico
ins,8,7,0.032,0.014,2.46,técnico
explosion,8,7,0.032,0.014,2.46,técnico
covers,8,7,0.032,0.014,2.46,técnico
sets,81,128,0.325,0.259,2.46,técnico
max,8,7,0.032,0.014,2.46,técnico
encodes,8,7,0.032,0.014,2.46,técnico
particularities,1,8,0.004,0.016,2.45,crítico
tanks,1,8,0.004,0.016,2.45,crítico
prism,1,8,0.004,0.016,2.45,crítico
prospecting,1,8,0.004,0.016,2.45,crítico
naturalistic,1,8,0.004,0.016,2.45,crítico
virtuality,1,8,0.004,0.016,2.45,crítico
arisen,1,8,0.004,0.016,2.45,crítico
uncovering,1,8,0.004,0.016,2.45,crítico
permanently,1,8,0.004,0.016,2.45,crítico
elucidates,1,8,0.004,0.016,2.45,crítico
characterizations,1,8,0.004,0.016,2.45,crítico
technocultural,1,8,0.004,0.016,2.45,crítico
concealing,1,8,0.004,0.016,2.45,crítico
preprint,1,8,0.004,0.016,2.45,crítico
entailed,1,8,0.004,0.016,2.45,crítico
contrasted,1,8,0.004,0.016,2.45,crítico
transitioning,1,8,0.004,0.016,2.45,crítico
exaggerated,1,8,0.004,0.016,2.45,crítico
evidenced,1,8,0.004,0.016,2.45,crítico
laborers,1,8,0.004,0.016,2.45,crítico
oxford,1,8,0.004,0.016,2.45,crítico
unfair,1,8,0.004,0.016,2.45,crítico
unwanted,1,8,0.004,0.016,2.45,crítico
telephone,1,8,0.004,0.016,2.45,crítico
pronounced,7,26,0.028,0.053,2.45,crítico
translational,7,26,0.028,0.053,2.45,crítico
longstanding,1,8,0.004,0.016,2.45,crítico
binaries,1,8,0.004,0.016,2.45,crítico
radioactive,1,8,0.004,0.016,2.45,crítico
permeated,1,8,0.004,0.016,2.45,crítico
affirming,1,8,0.004,0.016,2.45,crítico
miners,1,8,0.004,0.016,2.45,crítico
enrichment,1,8,0.004,0.016,2.45,crítico
non,243,542,0.974,1.099,2.45,crítico
innovate,1,8,0.004,0.016,2.45,crítico
deploying,12,39,0.048,0.079,2.45,crítico
objection,1,8,0.004,0.016,2.45,crítico
settled,1,8,0.004,0.016,2.45,crítico
personality,7,26,0.028,0.053,2.45,crítico
occasions,1,8,0.004,0.016,2.45,crítico
terrorist,1,8,0.004,0.016,2.45,crítico
instructive,1,8,0.004,0.016,2.45,crítico
imperfect,1,8,0.004,0.016,2.45,crítico
signaling,1,8,0.004,0.016,2.45,crítico
consolidating,1,8,0.004,0.016,2.45,crítico
widening,1,8,0.004,0.016,2.45,crítico
normalizing,1,8,0.004,0.016,2.45,crítico
composing,1,8,0.004,0.016,2.45,crítico
worn,1,8,0.004,0.016,2.45,crítico
departing,1,8,0.004,0.016,2.45,crítico
reversed,1,8,0.004,0.016,2.45,crítico
redefined,1,8,0.004,0.016,2.45,crítico
warranted,1,8,0.004,0.016,2.45,crítico
veracity,1,8,0.004,0.016,2.45,crítico
recognising,1,8,0.004,0.016,2.45,crítico
connectionist,1,8,0.004,0.016,2.45,crítico
dyadic,1,8,0.004,0.016,2.45,crítico
executives,1,8,0.004,0.016,2.45,crítico
impairment,1,8,0.004,0.016,2.45,crítico
burgeoning,1,8,0.004,0.016,2.45,crítico
homogeneous,13,14,0.052,0.028,2.44,técnico
establishing,21,61,0.084,0.124,2.44,crítico
must,91,218,0.365,0.442,2.41,crítico
contents,15,17,0.06,0.034,2.41,técnico
half,24,31,0.096,0.063,2.4,técnico
years,144,332,0.577,0.673,2.4,crítico
assumed,17,51,0.068,0.103,2.36,crítico
parent,6,23,0.024,0.047,2.35,crítico
closing,6,23,0.024,0.047,2.35,crítico
appearance,28,77,0.112,0.156,2.34,crítico
mitigating,11,36,0.044,0.073,2.32,crítico
progressive,11,36,0.044,0.073,2.32,crítico
receive,11,36,0.044,0.073,2.32,crítico
tends,13,41,0.052,0.083,2.31,crítico
alone,20,58,0.08,0.118,2.3,crítico
networking,20,58,0.08,0.118,2.3,crítico
measures,55,138,0.221,0.28,2.29,crítico
activated,10,10,0.04,0.02,2.28,técnico
categorized,10,10,0.04,0.02,2.28,técnico
mouse,10,10,0.04,0.02,2.28,técnico
precisely,20,25,0.08,0.051,2.28,técnico
transforming,23,65,0.092,0.132,2.28,crítico
follows,25,33,0.1,0.067,2.27,técnico
globally,18,53,0.072,0.107,2.26,crítico
stay,5,20,0.02,0.041,2.26,crítico
layered,5,20,0.02,0.041,2.26,crítico
continually,5,20,0.02,0.041,2.26,crítico
gold,5,20,0.02,0.041,2.26,crítico
imagenet,7,6,0.028,0.012,2.24,técnico
clips,7,6,0.028,0.012,2.24,técnico
camouflage,7,6,0.028,0.012,2.24,técnico
regular,18,22,0.072,0.045,2.24,técnico
ignores,7,6,0.028,0.012,2.24,técnico
suspension,7,6,0.028,0.012,2.24,técnico
fulfill,7,6,0.028,0.012,2.24,técnico
nets,7,6,0.028,0.012,2.24,técnico
indian,8,28,0.032,0.057,2.23,crítico
chance,8,28,0.032,0.057,2.23,crítico
native,8,28,0.032,0.057,2.23,crítico
implies,8,28,0.032,0.057,2.23,crítico
assistance,28,38,0.112,0.077,2.23,técnico
managing,21,60,0.084,0.122,2.22,crítico
style,37,53,0.148,0.107,2.22,técnico
preparation,12,13,0.048,0.026,2.21,técnico
red,12,13,0.048,0.026,2.21,técnico
demonstration,16,19,0.064,0.039,2.21,técnico
planned,16,19,0.064,0.039,2.21,técnico
signs,12,13,0.048,0.026,2.21,técnico
backgrounds,12,13,0.048,0.026,2.21,técnico
intersections,16,19,0.064,0.039,2.21,técnico
portfolio,12,13,0.048,0.026,2.21,técnico
removed,12,13,0.048,0.026,2.21,técnico
judgement,2,11,0.008,0.022,2.2,crítico
sessions,2,11,0.008,0.022,2.2,crítico
ages,2,11,0.008,0.022,2.2,crítico
corporation,2,11,0.008,0.022,2.2,crítico
amplifies,2,11,0.008,0.022,2.2,crítico
distributing,2,11,0.008,0.022,2.2,crítico
unpredictability,2,11,0.008,0.022,2.2,crítico
entrepreneurial,2,11,0.008,0.022,2.2,crítico
newer,2,11,0.008,0.022,2.2,crítico
hosts,2,11,0.008,0.022,2.2,crítico
exemplars,2,11,0.008,0.022,2.2,crítico
notes,2,11,0.008,0.022,2.2,crítico
anyone,2,11,0.008,0.022,2.2,crítico
clinics,2,11,0.008,0.022,2.2,crítico
keep,23,30,0.092,0.061,2.2,técnico
adapted,23,30,0.092,0.061,2.2,técnico
hallucination,2,11,0.008,0.022,2.2,crítico
thousands,2,11,0.008,0.022,2.2,crítico
resemble,2,11,0.008,0.022,2.2,crítico
cohort,2,11,0.008,0.022,2.2,crítico
worthy,2,11,0.008,0.022,2.2,crítico
magazines,2,11,0.008,0.022,2.2,crítico
december,2,11,0.008,0.022,2.2,crítico
containment,4,17,0.016,0.034,2.19,crítico
watching,4,17,0.016,0.034,2.19,crítico
violation,4,17,0.016,0.034,2.19,crítico
adjacent,14,16,0.056,0.032,2.19,técnico
spot,4,17,0.016,0.034,2.19,crítico
dangers,4,17,0.016,0.034,2.19,crítico
descriptive,14,43,0.056,0.087,2.19,crítico
land,14,43,0.056,0.087,2.19,crítico
altering,4,17,0.016,0.034,2.19,crítico
imperative,14,43,0.056,0.087,2.19,crítico
investigations,12,38,0.048,0.077,2.18,crítico
delves,3,14,0.012,0.028,2.16,crítico
internationally,3,14,0.012,0.028,2.16,crítico
diagnoses,3,14,0.012,0.028,2.16,crítico
comprise,3,14,0.012,0.028,2.16,crítico
characterise,3,14,0.012,0.028,2.16,crítico
intermediary,3,14,0.012,0.028,2.16,crítico
ideal,31,83,0.124,0.168,2.16,crítico
conduct,38,99,0.152,0.201,2.16,crítico
centering,3,14,0.012,0.028,2.16,crítico
endeavors,3,14,0.012,0.028,2.16,crítico
territories,3,14,0.012,0.028,2.16,crítico
accessing,3,14,0.012,0.028,2.16,crítico
inquiries,3,14,0.012,0.028,2.16,crítico
ar,29,40,0.116,0.081,2.14,técnico
distinguish,35,50,0.14,0.101,2.13,técnico
report,35,92,0.14,0.186,2.13,crítico
connectivity,17,50,0.068,0.101,2.12,crítico
industries,32,85,0.128,0.172,2.1,crítico
few,78,125,0.313,0.253,2.09,técnico
failure,61,95,0.245,0.193,2.09,técnico
mobility,36,94,0.144,0.191,2.08,crítico
locally,19,24,0.076,0.049,2.08,técnico
disparity,9,9,0.036,0.018,2.06,técnico
ice,9,9,0.036,0.018,2.06,técnico
induce,9,9,0.036,0.018,2.06,técnico
walk,9,9,0.036,0.018,2.06,técnico
stated,9,9,0.036,0.018,2.06,técnico
promotion,9,30,0.036,0.061,2.05,crítico
degrees,27,37,0.108,0.075,2.05,técnico
bridging,9,30,0.036,0.061,2.05,crítico
numbers,27,37,0.108,0.075,2.05,técnico
center,58,90,0.233,0.182,2.04,técnico
permission,6,5,0.024,0.01,2.03,técnico
serves,30,80,0.12,0.162,2.03,crítico
supplying,6,5,0.024,0.01,2.03,técnico
chemistry,6,5,0.024,0.01,2.03,técnico
mineral,6,5,0.024,0.01,2.03,técnico
singular,17,21,0.068,0.043,2.03,técnico
accessible,18,52,0.072,0.105,2.03,crítico
manuscript,6,5,0.024,0.01,2.03,técnico
triple,6,5,0.024,0.01,2.03,técnico
leo,6,5,0.024,0.01,2.03,técnico
flat,6,5,0.024,0.01,2.03,técnico
shop,6,5,0.024,0.01,2.03,técnico
mitigates,6,5,0.024,0.01,2.03,técnico
holes,6,5,0.024,0.01,2.03,técnico
tries,6,5,0.024,0.01,2.03,técnico
airport,6,5,0.024,0.01,2.03,técnico
cooling,6,5,0.024,0.01,2.03,técnico
losing,6,5,0.024,0.01,2.03,técnico
deficiencies,6,5,0.024,0.01,2.03,técnico
surgeon,6,5,0.024,0.01,2.03,técnico
behaviour,38,98,0.152,0.199,2.0,crítico
eventually,6,22,0.024,0.045,2.0,crítico
qualitatively,6,22,0.024,0.045,2.0,crítico
incidents,6,22,0.024,0.045,2.0,crítico
convergent,11,12,0.044,0.024,1.99,técnico
discovered,11,12,0.044,0.024,1.99,técnico
factory,11,12,0.044,0.024,1.99,técnico
relies,37,54,0.148,0.109,1.99,técnico
commerce,15,18,0.06,0.036,1.99,técnico
prevents,11,12,0.044,0.024,1.99,técnico
ex,11,12,0.044,0.024,1.99,técnico
elderly,11,12,0.044,0.024,1.99,técnico
refinement,13,15,0.052,0.03,1.98,técnico
written,16,47,0.064,0.095,1.98,crítico
count,13,15,0.052,0.03,1.98,técnico
fitness,13,15,0.052,0.03,1.98,técnico
becomes,66,160,0.265,0.324,1.98,crítico
scaling,25,34,0.1,0.069,1.98,técnico
split,13,15,0.052,0.03,1.98,técnico
top,52,80,0.209,0.162,1.95,técnico
resilience,22,61,0.088,0.124,1.94,crítico
interconnected,14,42,0.056,0.085,1.94,crítico
preservation,14,42,0.056,0.085,1.94,crítico
domains,68,164,0.273,0.332,1.94,crítico
category,25,68,0.1,0.138,1.94,crítico
evolved,8,27,0.032,0.055,1.93,crítico
desirable,12,37,0.048,0.075,1.91,crítico
similarly,12,37,0.048,0.075,1.91,crítico
reflected,12,37,0.048,0.075,1.91,crítico
measurable,5,19,0.02,0.039,1.9,crítico
premise,5,19,0.02,0.039,1.9,crítico
exemplified,5,19,0.02,0.039,1.9,crítico
certainty,5,19,0.02,0.039,1.9,crítico
differentiated,5,19,0.02,0.039,1.9,crítico
conjoint,1,7,0.004,0.014,1.88,crítico
sheer,1,7,0.004,0.014,1.88,crítico
longitudinally,1,7,0.004,0.014,1.88,crítico
preexisting,1,7,0.004,0.014,1.88,crítico
patterning,1,7,0.004,0.014,1.88,crítico
scrutinizes,1,7,0.004,0.014,1.88,crítico
analyst,1,7,0.004,0.014,1.88,crítico
requisite,1,7,0.004,0.014,1.88,crítico
parasitic,1,7,0.004,0.014,1.88,crítico
bordering,1,7,0.004,0.014,1.88,crítico
metabolic,1,7,0.004,0.014,1.88,crítico
identifications,1,7,0.004,0.014,1.88,crítico
mention,1,7,0.004,0.014,1.88,crítico
instantiation,1,7,0.004,0.014,1.88,crítico
neglects,1,7,0.004,0.014,1.88,crítico
retrospective,1,7,0.004,0.014,1.88,crítico
directive,1,7,0.004,0.014,1.88,crítico
catalog,1,7,0.004,0.014,1.88,crítico
pleasure,1,7,0.004,0.014,1.88,crítico
pathology,1,7,0.004,0.014,1.88,crítico
affiliated,1,7,0.004,0.014,1.88,crítico
differentials,1,7,0.004,0.014,1.88,crítico
egypt,1,7,0.004,0.014,1.88,crítico
attach,1,7,0.004,0.014,1.88,crítico
surfacing,1,7,0.004,0.014,1.88,crítico
facilitate,50,124,0.201,0.251,1.88,crítico
retailers,1,7,0.004,0.014,1.88,crítico
michael,1,7,0.004,0.014,1.88,crítico
spreads,1,7,0.004,0.014,1.88,crítico
adhere,1,7,0.004,0.014,1.88,crítico
contributor,1,7,0.004,0.014,1.88,crítico
needing,1,7,0.004,0.014,1.88,crítico
conclusive,1,7,0.004,0.014,1.88,crítico
analogies,1,7,0.004,0.014,1.88,crítico
enroll,1,7,0.004,0.014,1.88,crítico
contra,1,7,0.004,0.014,1.88,crítico
rival,1,7,0.004,0.014,1.88,crítico
rankings,1,7,0.004,0.014,1.88,crítico
aspiration,1,7,0.004,0.014,1.88,crítico
representativeness,1,7,0.004,0.014,1.88,crítico
threefold,1,7,0.004,0.014,1.88,crítico
confluence,1,7,0.004,0.014,1.88,crítico
performer,1,7,0.004,0.014,1.88,crítico
darker,1,7,0.004,0.014,1.88,crítico
unites,1,7,0.004,0.014,1.88,crítico
conveys,1,7,0.004,0.014,1.88,crítico
dioxide,1,7,0.004,0.014,1.88,crítico
restorative,1,7,0.004,0.014,1.88,crítico
invented,1,7,0.004,0.014,1.88,crítico
release,18,23,0.072,0.047,1.88,técnico
giants,1,7,0.004,0.014,1.88,crítico
alarming,1,7,0.004,0.014,1.88,crítico
cool,1,7,0.004,0.014,1.88,crítico
resurgence,1,7,0.004,0.014,1.88,crítico
homo,1,7,0.004,0.014,1.88,crítico
town,1,7,0.004,0.014,1.88,crítico
everywhere,1,7,0.004,0.014,1.88,crítico
consultations,1,7,0.004,0.014,1.88,crítico
speculate,1,7,0.004,0.014,1.88,crítico
categorizations,1,7,0.004,0.014,1.88,crítico
survive,1,7,0.004,0.014,1.88,crítico
revitalization,1,7,0.004,0.014,1.88,crítico
known,124,210,0.497,0.426,1.86,técnico
attributes,43,65,0.172,0.132,1.84,técnico
followed,36,53,0.144,0.107,1.83,técnico
ip,8,8,0.032,0.016,1.83,técnico
safer,8,8,0.032,0.016,1.83,técnico
pedagogy,8,8,0.032,0.016,1.83,técnico
worst,8,8,0.032,0.016,1.83,técnico
reconstruct,16,20,0.064,0.041,1.83,técnico
division,16,20,0.064,0.041,1.83,técnico
earthquake,8,8,0.032,0.016,1.83,técnico
tandem,8,8,0.032,0.016,1.83,técnico
prerequisite,8,8,0.032,0.016,1.83,técnico
saved,5,4,0.02,0.008,1.82,técnico
nervous,5,4,0.02,0.008,1.82,técnico
quantifying,5,4,0.02,0.008,1.82,técnico
equivalence,5,4,0.02,0.008,1.82,técnico
orchestration,5,4,0.02,0.008,1.82,técnico
rigidity,5,4,0.02,0.008,1.82,técnico
reserved,5,4,0.02,0.008,1.82,técnico
alteration,5,4,0.02,0.008,1.82,técnico
examinations,5,4,0.02,0.008,1.82,técnico
illuminated,5,4,0.02,0.008,1.82,técnico
sky,5,4,0.02,0.008,1.82,técnico
deteriorated,5,4,0.02,0.008,1.82,técnico
mosaic,5,4,0.02,0.008,1.82,técnico
fluctuating,5,4,0.02,0.008,1.82,técnico
hinders,5,4,0.02,0.008,1.82,técnico
arc,5,4,0.02,0.008,1.82,técnico
rooms,5,4,0.02,0.008,1.82,técnico
masking,5,4,0.02,0.008,1.82,técnico
uniformity,5,4,0.02,0.008,1.82,técnico
incomplete,21,28,0.084,0.057,1.82,técnico
negatives,5,4,0.02,0.008,1.82,técnico
junior,5,4,0.02,0.008,1.82,técnico
arms,4,16,0.016,0.032,1.81,crítico
underscoring,4,16,0.016,0.032,1.81,crítico
purchase,4,16,0.016,0.032,1.81,crítico
let,4,16,0.016,0.032,1.81,crítico
enforced,4,16,0.016,0.032,1.81,crítico
mark,4,16,0.016,0.032,1.81,crítico
openai,4,16,0.016,0.032,1.81,crítico
intention,21,58,0.084,0.118,1.8,crítico
classifications,7,24,0.028,0.049,1.8,crítico
establishes,7,24,0.028,0.049,1.8,crítico
notably,13,39,0.052,0.079,1.8,crítico
guiding,11,34,0.044,0.069,1.78,crítico
collecting,11,34,0.044,0.069,1.78,crítico
dedicated,11,34,0.044,0.069,1.78,crítico
necessity,11,34,0.044,0.069,1.78,crítico
especially,118,270,0.473,0.547,1.77,crítico
trade,28,74,0.112,0.15,1.77,crítico
par,10,11,0.04,0.022,1.76,técnico
subjected,12,14,0.048,0.028,1.76,técnico
carrying,12,14,0.048,0.028,1.76,técnico
grammar,10,11,0.04,0.022,1.76,técnico
lowest,10,11,0.04,0.022,1.76,técnico
mix,10,11,0.04,0.022,1.76,técnico
still,118,200,0.473,0.405,1.75,técnico
incompatible,3,13,0.012,0.026,1.74,crítico
pertinent,3,13,0.012,0.026,1.74,crítico
brains,3,13,0.012,0.026,1.74,crítico
phrase,3,13,0.012,0.026,1.74,crítico
exemplary,3,13,0.012,0.026,1.74,crítico
damaging,3,13,0.012,0.026,1.74,crítico
privileges,3,13,0.012,0.026,1.74,crítico
assemble,3,13,0.012,0.026,1.74,crítico
externally,3,13,0.012,0.026,1.74,crítico
diminish,3,13,0.012,0.026,1.74,crítico
profits,3,13,0.012,0.026,1.74,crítico
metaverse,3,13,0.012,0.026,1.74,crítico
uploaded,3,13,0.012,0.026,1.74,crítico
deepening,3,13,0.012,0.026,1.74,crítico
corrective,3,13,0.012,0.026,1.74,crítico
warnings,3,13,0.012,0.026,1.74,crítico
impacting,3,13,0.012,0.026,1.74,crítico
elaborates,3,13,0.012,0.026,1.74,crítico
inconsistencies,3,13,0.012,0.026,1.74,crítico
verbs,2,10,0.008,0.02,1.73,crítico
cultivating,2,10,0.008,0.02,1.73,crítico
inspiring,2,10,0.008,0.02,1.73,crítico
academy,2,10,0.008,0.02,1.73,crítico
harnessing,2,10,0.008,0.02,1.73,crítico
laying,2,10,0.008,0.02,1.73,crítico
browsing,2,10,0.008,0.02,1.73,crítico
facial,45,69,0.18,0.14,1.73,técnico
agents,66,158,0.265,0.32,1.73,crítico
triggers,2,10,0.008,0.02,1.73,crítico
saudi,2,10,0.008,0.02,1.73,crítico
encountering,2,10,0.008,0.02,1.73,crítico
tells,2,10,0.008,0.02,1.73,crítico
assertion,2,10,0.008,0.02,1.73,crítico
enrolled,2,10,0.008,0.02,1.73,crítico
eventual,2,10,0.008,0.02,1.73,crítico
seminal,2,10,0.008,0.02,1.73,crítico
deceive,2,10,0.008,0.02,1.73,crítico
specialist,2,10,0.008,0.02,1.73,crítico
intentionally,2,10,0.008,0.02,1.73,crítico
shooting,2,10,0.008,0.02,1.73,crítico
unresolved,2,10,0.008,0.02,1.73,crítico
anchoring,2,10,0.008,0.02,1.73,crítico
animated,2,10,0.008,0.02,1.73,crítico
interdependent,2,10,0.008,0.02,1.73,crítico
manipulative,2,10,0.008,0.02,1.73,crítico
spots,2,10,0.008,0.02,1.73,crítico
listen,2,10,0.008,0.02,1.73,crítico
meat,2,10,0.008,0.02,1.73,crítico
warrant,2,10,0.008,0.02,1.73,crítico
deployed,37,94,0.148,0.191,1.72,crítico
intricate,17,22,0.068,0.045,1.68,técnico
demonstrates,63,151,0.253,0.306,1.68,crítico
define,34,87,0.136,0.176,1.68,crítico
started,6,21,0.024,0.043,1.67,crítico
california,6,21,0.024,0.043,1.67,crítico
selectively,6,21,0.024,0.043,1.67,crítico
organic,6,21,0.024,0.043,1.67,crítico
military,20,55,0.08,0.111,1.67,crítico
ocean,6,21,0.024,0.043,1.67,crítico
exclusively,6,21,0.024,0.043,1.67,crítico
consequently,39,59,0.156,0.12,1.66,técnico
visualizations,10,31,0.04,0.063,1.64,crítico
specificity,10,31,0.04,0.063,1.64,crítico
smartphones,10,31,0.04,0.063,1.64,crítico
uncover,10,31,0.04,0.063,1.64,crítico
withstand,4,3,0.016,0.006,1.63,técnico
shannon,4,3,0.016,0.006,1.63,técnico
separates,4,3,0.016,0.006,1.63,técnico
round,4,3,0.016,0.006,1.63,técnico
grasped,4,3,0.016,0.006,1.63,técnico
indication,4,3,0.016,0.006,1.63,técnico
hazardous,4,3,0.016,0.006,1.63,técnico
acoustics,4,3,0.016,0.006,1.63,técnico
stone,4,3,0.016,0.006,1.63,técnico
smallest,4,3,0.016,0.006,1.63,técnico
ideally,4,3,0.016,0.006,1.63,técnico
incrementally,4,3,0.016,0.006,1.63,técnico
begins,8,26,0.032,0.053,1.63,crítico
seriously,8,26,0.032,0.053,1.63,crítico
hotels,4,3,0.016,0.006,1.63,técnico
hotel,4,3,0.016,0.006,1.63,técnico
friendliness,4,3,0.016,0.006,1.63,técnico
bugs,4,3,0.016,0.006,1.63,técnico
afterwards,4,3,0.016,0.006,1.63,técnico
depths,4,3,0.016,0.006,1.63,técnico
intelligently,4,3,0.016,0.006,1.63,técnico
utilities,4,3,0.016,0.006,1.63,técnico
elevated,4,3,0.016,0.006,1.63,técnico
narrowed,4,3,0.016,0.006,1.63,técnico
mined,4,3,0.016,0.006,1.63,técnico
restricted,15,19,0.06,0.039,1.63,técnico
exhibited,15,19,0.06,0.039,1.63,técnico
traps,4,3,0.016,0.006,1.63,técnico
mimicking,4,3,0.016,0.006,1.63,técnico
uncontrollable,4,3,0.016,0.006,1.63,técnico
swiftly,4,3,0.016,0.006,1.63,técnico
taylor,4,3,0.016,0.006,1.63,técnico
oblivious,4,3,0.016,0.006,1.63,técnico
dividing,4,3,0.016,0.006,1.63,técnico
discriminate,4,3,0.016,0.006,1.63,técnico
synthesizes,4,3,0.016,0.006,1.63,técnico
varieties,4,3,0.016,0.006,1.63,técnico
copper,4,3,0.016,0.006,1.63,técnico
exceeded,4,3,0.016,0.006,1.63,técnico
deflection,4,3,0.016,0.006,1.63,técnico
pcc,4,3,0.016,0.006,1.63,técnico
notable,8,26,0.032,0.053,1.63,crítico
mappings,4,3,0.016,0.006,1.63,técnico
compulsory,4,3,0.016,0.006,1.63,técnico
cryptocurrency,4,3,0.016,0.006,1.63,técnico
tablets,4,3,0.016,0.006,1.63,técnico
occupies,4,3,0.016,0.006,1.63,técnico
markedly,4,3,0.016,0.006,1.63,técnico
mismatches,4,3,0.016,0.006,1.63,técnico
lifespan,4,3,0.016,0.006,1.63,técnico
confidential,4,3,0.016,0.006,1.63,técnico
interruption,4,3,0.016,0.006,1.63,técnico
inspected,4,3,0.016,0.006,1.63,técnico
summer,4,3,0.016,0.006,1.63,técnico
favored,4,3,0.016,0.006,1.63,técnico
assignments,4,3,0.016,0.006,1.63,técnico
upload,4,3,0.016,0.006,1.63,técnico
possessing,4,3,0.016,0.006,1.63,técnico
ii,26,37,0.104,0.075,1.62,técnico
sample,102,172,0.409,0.349,1.61,técnico
sf,7,7,0.028,0.014,1.6,técnico
mixed,50,122,0.201,0.247,1.6,crítico
version,44,68,0.176,0.138,1.6,técnico
undergoing,7,7,0.028,0.014,1.6,técnico
proximal,7,7,0.028,0.014,1.6,técnico
grades,7,7,0.028,0.014,1.6,técnico
discomfort,7,7,0.028,0.014,1.6,técnico
apis,7,7,0.028,0.014,1.6,técnico
lastly,7,7,0.028,0.014,1.6,técnico
maritime,7,7,0.028,0.014,1.6,técnico
iv,7,7,0.028,0.014,1.6,técnico
strictly,7,7,0.028,0.014,1.6,técnico
agricultural,18,50,0.072,0.101,1.6,crítico
timely,13,16,0.052,0.032,1.58,técnico
cars,13,16,0.052,0.032,1.58,técnico
crafted,5,18,0.02,0.036,1.56,crítico
featuring,5,18,0.02,0.036,1.56,crítico
countering,5,18,0.02,0.036,1.56,crítico
give,49,77,0.197,0.156,1.56,técnico
forests,18,24,0.072,0.049,1.56,técnico
preserve,18,24,0.072,0.049,1.56,técnico
transport,18,24,0.072,0.049,1.56,técnico
evaluative,5,18,0.02,0.036,1.56,crítico
inevitably,5,18,0.02,0.036,1.56,crítico
violations,5,18,0.02,0.036,1.56,crítico
usa,5,18,0.02,0.036,1.56,crítico
registered,5,18,0.02,0.036,1.56,crítico
structures,130,224,0.521,0.454,1.55,técnico
merits,9,10,0.036,0.02,1.54,técnico
demanding,11,13,0.044,0.026,1.54,técnico
indonesia,9,10,0.036,0.02,1.54,técnico
touch,19,52,0.076,0.105,1.54,crítico
proceedings,11,13,0.044,0.026,1.54,técnico
monitored,11,13,0.044,0.026,1.54,técnico
faculty,9,10,0.036,0.02,1.54,técnico
overlap,9,10,0.036,0.02,1.54,técnico
waves,11,13,0.044,0.026,1.54,técnico
abilities,24,34,0.096,0.069,1.53,técnico
team,38,95,0.152,0.193,1.53,crítico
scales,34,51,0.136,0.103,1.53,técnico
proactive,11,33,0.044,0.067,1.53,crítico
universal,23,61,0.092,0.124,1.5,crítico
deletion,7,23,0.028,0.047,1.5,crítico
transformation,55,132,0.221,0.268,1.49,crítico
describing,20,54,0.08,0.109,1.48,crítico
coordination,20,54,0.08,0.109,1.48,crítico
safe,35,53,0.14,0.107,1.48,técnico
subject,82,190,0.329,0.385,1.46,crítico
where,292,629,1.171,1.275,1.46,crítico
destroy,3,2,0.012,0.004,1.45,técnico
believed,4,15,0.016,0.03,1.45,crítico
generically,3,2,0.012,0.004,1.45,técnico
pacific,4,15,0.016,0.03,1.45,crítico
regards,4,15,0.016,0.03,1.45,crítico
crowded,3,2,0.012,0.004,1.45,técnico
myriad,4,15,0.016,0.03,1.45,crítico
noticeable,3,2,0.012,0.004,1.45,técnico
likert,3,2,0.012,0.004,1.45,técnico
existent,3,2,0.012,0.004,1.45,técnico
abrupt,3,2,0.012,0.004,1.45,técnico
puts,4,15,0.016,0.03,1.45,crítico
ranks,3,2,0.012,0.004,1.45,técnico
assure,3,2,0.012,0.004,1.45,técnico
proteins,3,2,0.012,0.004,1.45,técnico
chooses,3,2,0.012,0.004,1.45,técnico
attracts,3,2,0.012,0.004,1.45,técnico
slide,3,2,0.012,0.004,1.45,técnico
neuronal,3,2,0.012,0.004,1.45,técnico
ignoring,4,15,0.016,0.03,1.45,crítico
immature,3,2,0.012,0.004,1.45,técnico
convenience,4,15,0.016,0.03,1.45,crítico
judiciously,3,2,0.012,0.004,1.45,técnico
quiet,3,2,0.012,0.004,1.45,técnico
proficient,3,2,0.012,0.004,1.45,técnico
vessels,3,2,0.012,0.004,1.45,técnico
duplicate,3,2,0.012,0.004,1.45,técnico
certification,3,2,0.012,0.004,1.45,técnico
experimentations,3,2,0.012,0.004,1.45,técnico
expenditure,3,2,0.012,0.004,1.45,técnico
accomplishing,3,2,0.012,0.004,1.45,técnico
collaborate,4,15,0.016,0.03,1.45,crítico
succeeded,3,2,0.012,0.004,1.45,técnico
misclassified,3,2,0.012,0.004,1.45,técnico
suffered,3,2,0.012,0.004,1.45,técnico
pathologists,3,2,0.012,0.004,1.45,técnico
energies,3,2,0.012,0.004,1.45,técnico
periodically,3,2,0.012,0.004,1.45,técnico
unbounded,3,2,0.012,0.004,1.45,técnico
ingredient,3,2,0.012,0.004,1.45,técnico
multiplied,3,2,0.012,0.004,1.45,técnico
moderately,3,2,0.012,0.004,1.45,técnico
entirety,3,2,0.012,0.004,1.45,técnico
mimics,3,2,0.012,0.004,1.45,técnico
cumbersome,3,2,0.012,0.004,1.45,técnico
unacceptable,3,2,0.012,0.004,1.45,técnico
climatic,3,2,0.012,0.004,1.45,técnico
comparably,3,2,0.012,0.004,1.45,técnico
emojis,4,15,0.016,0.03,1.45,crítico
indistinguishable,3,2,0.012,0.004,1.45,técnico
geophysical,3,2,0.012,0.004,1.45,técnico
formidable,3,2,0.012,0.004,1.45,técnico
enjoys,3,2,0.012,0.004,1.45,técnico
armed,3,2,0.012,0.004,1.45,técnico
crucially,4,15,0.016,0.03,1.45,crítico
requested,3,2,0.012,0.004,1.45,técnico
supplies,3,2,0.012,0.004,1.45,técnico
limits,41,101,0.164,0.205,1.44,crítico
after,146,255,0.585,0.517,1.43,técnico
patterns,154,270,0.618,0.547,1.42,técnico
enable,71,166,0.285,0.336,1.42,crítico
analytical,71,166,0.285,0.336,1.42,crítico
fundamental,78,130,0.313,0.264,1.41,técnico
false,58,94,0.233,0.191,1.4,técnico
systematically,25,65,0.1,0.132,1.4,crítico
highlighted,18,49,0.072,0.099,1.4,crítico
light,115,198,0.461,0.401,1.39,técnico
holistic,10,30,0.04,0.061,1.39,crítico
encompassing,10,30,0.04,0.061,1.39,crítico
usage,54,129,0.217,0.261,1.39,crítico
language,223,485,0.894,0.983,1.38,crítico
operated,17,23,0.068,0.047,1.38,técnico
farm,17,23,0.068,0.047,1.38,técnico
corrections,6,20,0.024,0.041,1.37,crítico
proportion,12,15,0.048,0.03,1.37,técnico
recognizing,23,33,0.092,0.067,1.37,técnico
merged,6,6,0.024,0.012,1.37,técnico
replicate,6,20,0.024,0.041,1.37,crítico
copy,6,6,0.024,0.012,1.37,técnico
supplementary,6,20,0.024,0.041,1.37,crítico
enterprises,12,15,0.048,0.03,1.37,técnico
whenever,6,6,0.024,0.012,1.37,técnico
replacing,6,20,0.024,0.041,1.37,crítico
covering,12,15,0.048,0.03,1.37,técnico
unless,6,6,0.024,0.012,1.37,técnico
intuitively,6,6,0.024,0.012,1.37,técnico
preparing,6,6,0.024,0.012,1.37,técnico
xai,8,25,0.032,0.051,1.36,crítico
dimension,30,76,0.12,0.154,1.36,crítico
schools,8,25,0.032,0.051,1.36,crítico
boxes,8,25,0.032,0.051,1.36,crítico
newly,20,28,0.08,0.057,1.36,técnico
sort,8,25,0.032,0.051,1.36,crítico
beneath,1,6,0.004,0.012,1.35,crítico
executive,1,6,0.004,0.012,1.35,crítico
prioritizing,3,12,0.012,0.024,1.35,crítico
monolithic,1,6,0.004,0.012,1.35,crítico
departs,1,6,0.004,0.012,1.35,crítico
seeds,1,6,0.004,0.012,1.35,crítico
empathic,1,6,0.004,0.012,1.35,crítico
delete,1,6,0.004,0.012,1.35,crítico
timelines,1,6,0.004,0.012,1.35,crítico
misconceptions,3,12,0.012,0.024,1.35,crítico
enabler,1,6,0.004,0.012,1.35,crítico
demanded,1,6,0.004,0.012,1.35,crítico
photograph,1,6,0.004,0.012,1.35,crítico
dialog,1,6,0.004,0.012,1.35,crítico
casting,1,6,0.004,0.012,1.35,crítico
depicts,1,6,0.004,0.012,1.35,crítico
spend,1,6,0.004,0.012,1.35,crítico
gifs,1,6,0.004,0.012,1.35,crítico
buttons,1,6,0.004,0.012,1.35,crítico
prisma,1,6,0.004,0.012,1.35,crítico
detached,3,12,0.012,0.024,1.35,crítico
geo,3,12,0.012,0.024,1.35,crítico
tentative,1,6,0.004,0.012,1.35,crítico
standardize,1,6,0.004,0.012,1.35,crítico
unsettled,1,6,0.004,0.012,1.35,crítico
unaddressed,1,6,0.004,0.012,1.35,crítico
pathological,1,6,0.004,0.012,1.35,crítico
creatures,1,6,0.004,0.012,1.35,crítico
topical,3,12,0.012,0.024,1.35,crítico
materialise,1,6,0.004,0.012,1.35,crítico
mystery,1,6,0.004,0.012,1.35,crítico
naming,1,6,0.004,0.012,1.35,crítico
cyclical,1,6,0.004,0.012,1.35,crítico
locates,1,6,0.004,0.012,1.35,crítico
peace,1,6,0.004,0.012,1.35,crítico
enthusiasts,1,6,0.004,0.012,1.35,crítico
potent,1,6,0.004,0.012,1.35,crítico
alzheimer,1,6,0.004,0.012,1.35,crítico
traceable,1,6,0.004,0.012,1.35,crítico
propagate,1,6,0.004,0.012,1.35,crítico
nationality,1,6,0.004,0.012,1.35,crítico
selectivity,1,6,0.004,0.012,1.35,crítico
geared,1,6,0.004,0.012,1.35,crítico
hybridized,1,6,0.004,0.012,1.35,crítico
nationwide,1,6,0.004,0.012,1.35,crítico
locating,3,12,0.012,0.024,1.35,crítico
categorise,1,6,0.004,0.012,1.35,crítico
protects,1,6,0.004,0.012,1.35,crítico
destabilizing,1,6,0.004,0.012,1.35,crítico
disposable,1,6,0.004,0.012,1.35,crítico
democratize,1,6,0.004,0.012,1.35,crítico
spans,1,6,0.004,0.012,1.35,crítico
joined,1,6,0.004,0.012,1.35,crítico
vicious,1,6,0.004,0.012,1.35,crítico
hailed,1,6,0.004,0.012,1.35,crítico
disputed,1,6,0.004,0.012,1.35,crítico
redesign,1,6,0.004,0.012,1.35,crítico
redefinition,1,6,0.004,0.012,1.35,crítico
conform,3,12,0.012,0.024,1.35,crítico
interprets,1,6,0.004,0.012,1.35,crítico
recycling,1,6,0.004,0.012,1.35,crítico
conformity,1,6,0.004,0.012,1.35,crítico
juncture,1,6,0.004,0.012,1.35,crítico
directors,1,6,0.004,0.012,1.35,crítico
clarification,1,6,0.004,0.012,1.35,crítico
socializing,1,6,0.004,0.012,1.35,crítico
recipient,1,6,0.004,0.012,1.35,crítico
viewer,1,6,0.004,0.012,1.35,crítico
clearer,3,12,0.012,0.024,1.35,crítico
harness,3,12,0.012,0.024,1.35,crítico
disseminating,1,6,0.004,0.012,1.35,crítico
repairing,1,6,0.004,0.012,1.35,crítico
disastrous,1,6,0.004,0.012,1.35,crítico
transitional,1,6,0.004,0.012,1.35,crítico
remembering,1,6,0.004,0.012,1.35,crítico
flag,1,6,0.004,0.012,1.35,crítico
award,1,6,0.004,0.012,1.35,crítico
automating,3,12,0.012,0.024,1.35,crítico
relocated,1,6,0.004,0.012,1.35,crítico
firmly,1,6,0.004,0.012,1.35,crítico
nudging,1,6,0.004,0.012,1.35,crítico
trolley,1,6,0.004,0.012,1.35,crítico
complementing,1,6,0.004,0.012,1.35,crítico
relatives,1,6,0.004,0.012,1.35,crítico
orchestrated,1,6,0.004,0.012,1.35,crítico
concealed,1,6,0.004,0.012,1.35,crítico
informally,1,6,0.004,0.012,1.35,crítico
weakness,1,6,0.004,0.012,1.35,crítico
rigor,1,6,0.004,0.012,1.35,crítico
contacts,3,12,0.012,0.024,1.35,crítico
owns,1,6,0.004,0.012,1.35,crítico
differentiating,3,12,0.012,0.024,1.35,crítico
commissioning,1,6,0.004,0.012,1.35,crítico
retail,3,12,0.012,0.024,1.35,crítico
retains,1,6,0.004,0.012,1.35,crítico
donated,1,6,0.004,0.012,1.35,crítico
syndrome,1,6,0.004,0.012,1.35,crítico
infuse,1,6,0.004,0.012,1.35,crítico
revolving,1,6,0.004,0.012,1.35,crítico
regardless,13,37,0.052,0.075,1.34,crítico
name,13,37,0.052,0.075,1.34,crítico
machinery,10,12,0.04,0.024,1.33,técnico
retrieved,10,12,0.04,0.024,1.33,técnico
shadow,10,12,0.04,0.024,1.33,técnico
blocking,10,12,0.04,0.024,1.33,técnico
manipulating,10,12,0.04,0.024,1.33,técnico
double,34,52,0.136,0.105,1.33,técnico
canonical,8,9,0.032,0.018,1.32,técnico
indexes,8,9,0.032,0.018,1.32,técnico
trend,23,60,0.092,0.122,1.32,crítico
focal,8,9,0.032,0.018,1.32,técnico
surroundings,8,9,0.032,0.018,1.32,técnico
linguistics,8,9,0.032,0.018,1.32,técnico
moment,27,69,0.108,0.14,1.32,crítico
undesirable,8,9,0.032,0.018,1.32,técnico
explicitly,23,60,0.092,0.122,1.32,crítico
restore,8,9,0.032,0.018,1.32,técnico
trivial,8,9,0.032,0.018,1.32,técnico
exercises,2,9,0.008,0.018,1.3,crítico
attractiveness,2,9,0.008,0.018,1.3,crítico
conceal,2,9,0.008,0.018,1.3,crítico
readable,2,9,0.008,0.018,1.3,crítico
islam,2,9,0.008,0.018,1.3,crítico
unexpectedly,2,9,0.008,0.018,1.3,crítico
durable,2,9,0.008,0.018,1.3,crítico
rendering,31,47,0.124,0.095,1.3,técnico
wave,52,84,0.209,0.17,1.3,técnico
complemented,2,9,0.008,0.018,1.3,crítico
hazards,2,9,0.008,0.018,1.3,crítico
egyptian,2,9,0.008,0.018,1.3,crítico
diminishes,2,9,0.008,0.018,1.3,crítico
backed,2,9,0.008,0.018,1.3,crítico
conveying,2,9,0.008,0.018,1.3,crítico
breadth,2,9,0.008,0.018,1.3,crítico
crude,2,9,0.008,0.018,1.3,crítico
title,2,9,0.008,0.018,1.3,crítico
kenya,2,9,0.008,0.018,1.3,crítico
pushed,2,9,0.008,0.018,1.3,crítico
wet,2,9,0.008,0.018,1.3,crítico
toolkit,2,9,0.008,0.018,1.3,crítico
dream,2,9,0.008,0.018,1.3,crítico
scs,2,9,0.008,0.018,1.3,crítico
deductive,2,9,0.008,0.018,1.3,crítico
occupation,2,9,0.008,0.018,1.3,crítico
overwhelmingly,2,9,0.008,0.018,1.3,crítico
census,2,9,0.008,0.018,1.3,crítico
bare,2,9,0.008,0.018,1.3,crítico
accommodating,2,9,0.008,0.018,1.3,crítico
sole,2,9,0.008,0.018,1.3,crítico
heard,2,9,0.008,0.018,1.3,crítico
strengthened,2,9,0.008,0.018,1.3,crítico
frames,53,126,0.213,0.255,1.29,crítico
wake,18,25,0.072,0.051,1.28,técnico
captures,18,25,0.072,0.051,1.28,técnico
typically,48,77,0.192,0.156,1.28,técnico
cs,14,39,0.056,0.079,1.27,crítico
influencing,14,39,0.056,0.079,1.27,crítico
enabling,69,115,0.277,0.233,1.25,técnico
decide,9,27,0.036,0.055,1.25,crítico
macro,9,27,0.036,0.055,1.25,crítico
millions,9,27,0.036,0.055,1.25,crítico
encompasses,5,17,0.02,0.034,1.24,crítico
cleaning,5,17,0.02,0.034,1.24,crítico
revenue,5,17,0.02,0.034,1.24,crítico
defines,5,17,0.02,0.034,1.24,crítico
trackers,5,17,0.02,0.034,1.24,crítico
don,5,17,0.02,0.034,1.24,crítico
viewpoints,5,17,0.02,0.034,1.24,crítico
serious,25,37,0.1,0.075,1.23,técnico
house,7,22,0.028,0.045,1.22,crítico
genuine,7,22,0.028,0.045,1.22,crítico
illness,7,22,0.028,0.045,1.22,crítico
practically,7,22,0.028,0.045,1.22,crítico
imagery,22,32,0.088,0.065,1.21,técnico
normalization,16,22,0.064,0.045,1.2,técnico
communicate,15,41,0.06,0.083,1.2,crítico
longer,22,57,0.088,0.116,1.2,crítico
assessing,33,51,0.132,0.103,1.2,técnico
format,15,41,0.06,0.083,1.2,crítico
author,26,66,0.104,0.134,1.2,crítico
assume,19,27,0.076,0.055,1.19,técnico
collaborative,56,92,0.225,0.186,1.18,técnico
assuming,11,14,0.044,0.028,1.17,técnico
sufficiently,11,14,0.044,0.028,1.17,técnico
option,11,14,0.044,0.028,1.17,técnico
alignment,47,112,0.188,0.227,1.17,crítico
interface,42,101,0.168,0.205,1.16,crítico
observe,30,46,0.12,0.093,1.16,técnico
reuse,10,29,0.04,0.059,1.15,crítico
standardized,10,29,0.04,0.059,1.15,crítico
highly,119,208,0.477,0.422,1.15,técnico
diagnostic,34,53,0.136,0.107,1.15,técnico
screening,10,29,0.04,0.059,1.15,crítico
offshore,5,5,0.02,0.01,1.14,técnico
simplification,5,5,0.02,0.01,1.14,técnico
spam,5,5,0.02,0.01,1.14,técnico
countermeasures,5,5,0.02,0.01,1.14,técnico
comparability,5,5,0.02,0.01,1.14,técnico
fingers,5,5,0.02,0.01,1.14,técnico
searched,5,5,0.02,0.01,1.14,técnico
earthquakes,5,5,0.02,0.01,1.14,técnico
keys,5,5,0.02,0.01,1.14,técnico
qualification,5,5,0.02,0.01,1.14,técnico
discovering,5,5,0.02,0.01,1.14,técnico
instructional,5,5,0.02,0.01,1.14,técnico
extrapolation,5,5,0.02,0.01,1.14,técnico
damages,5,5,0.02,0.01,1.14,técnico
seven,16,43,0.064,0.087,1.14,crítico
compounds,5,5,0.02,0.01,1.14,técnico
checked,5,5,0.02,0.01,1.14,técnico
twelve,5,5,0.02,0.01,1.14,técnico
hybridization,5,5,0.02,0.01,1.14,técnico
resources,114,254,0.457,0.515,1.13,crítico
dispersed,4,14,0.016,0.028,1.12,crítico
programmers,4,14,0.016,0.028,1.12,crítico
immediately,4,14,0.016,0.028,1.12,crítico
affinity,9,11,0.036,0.022,1.12,técnico
prepared,9,11,0.036,0.022,1.12,técnico
overload,4,14,0.016,0.028,1.12,crítico
integrate,39,62,0.156,0.126,1.12,técnico
acquiring,9,11,0.036,0.022,1.12,técnico
marks,4,14,0.016,0.028,1.12,crítico
adopt,24,61,0.096,0.124,1.12,crítico
axes,4,14,0.016,0.028,1.12,crítico
projected,9,11,0.036,0.022,1.12,técnico
argumentation,9,11,0.036,0.022,1.12,técnico
geological,4,14,0.016,0.028,1.12,crítico
wheelchair,9,11,0.036,0.022,1.12,técnico
assigning,9,11,0.036,0.022,1.12,técnico
inaccessible,4,14,0.016,0.028,1.12,crítico
crops,4,14,0.016,0.028,1.12,crítico
harder,4,14,0.016,0.028,1.12,crítico
radiologists,4,14,0.016,0.028,1.12,crítico
check,14,19,0.056,0.039,1.12,técnico
categorize,9,11,0.036,0.022,1.12,técnico
retaining,9,11,0.036,0.022,1.12,técnico
im,9,11,0.036,0.022,1.12,técnico
facto,4,14,0.016,0.028,1.12,crítico
vice,4,14,0.016,0.028,1.12,crítico
rapidly,39,62,0.156,0.126,1.12,técnico
termed,14,19,0.056,0.039,1.12,técnico
permissible,4,14,0.016,0.028,1.12,crítico
stand,8,24,0.032,0.049,1.11,crítico
brief,17,24,0.068,0.049,1.11,técnico
taxonomy,8,24,0.032,0.049,1.11,crítico
pedagogical,8,24,0.032,0.049,1.11,crítico
distant,8,24,0.032,0.049,1.11,crítico
shopping,7,8,0.028,0.016,1.1,técnico
synthesizing,7,8,0.028,0.016,1.1,técnico
attended,7,8,0.028,0.016,1.1,técnico
summarize,7,8,0.028,0.016,1.1,técnico
specifying,7,8,0.028,0.016,1.1,técnico
confirming,7,8,0.028,0.016,1.1,técnico
chances,7,8,0.028,0.016,1.1,técnico
screens,7,8,0.028,0.016,1.1,técnico
notice,7,8,0.028,0.016,1.1,técnico
android,7,8,0.028,0.016,1.1,técnico
adjustments,7,8,0.028,0.016,1.1,técnico
truly,6,19,0.024,0.039,1.09,crítico
dead,6,19,0.024,0.039,1.09,crítico
efficacy,60,100,0.241,0.203,1.09,técnico
concentrated,6,19,0.024,0.039,1.09,crítico
department,6,19,0.024,0.039,1.09,crítico
photography,6,19,0.024,0.039,1.09,crítico
necessitates,6,19,0.024,0.039,1.09,crítico
limiting,24,36,0.096,0.073,1.08,técnico
occur,24,36,0.096,0.073,1.08,técnico
demands,30,74,0.12,0.15,1.07,crítico
regulated,14,38,0.056,0.077,1.07,crítico
synthetic,91,157,0.365,0.318,1.07,técnico
helpful,11,31,0.044,0.063,1.07,crítico
cold,11,31,0.044,0.063,1.07,crítico
long,175,314,0.702,0.636,1.06,técnico
mass,62,104,0.249,0.211,1.04,técnico
repeated,12,16,0.048,0.032,1.04,técnico
serial,12,16,0.048,0.032,1.04,técnico
prevention,22,56,0.088,0.114,1.04,crítico
poorly,12,16,0.048,0.032,1.04,técnico
could,163,355,0.654,0.72,1.04,crítico
involve,18,47,0.072,0.095,1.04,crítico
microsoft,12,16,0.048,0.032,1.04,técnico
heavily,18,26,0.072,0.053,1.03,técnico
genetic,57,95,0.229,0.193,1.03,técnico
shortcomings,18,26,0.072,0.053,1.03,técnico
initially,25,38,0.1,0.077,1.03,técnico
represents,27,67,0.108,0.136,1.02,crítico
deploy,15,40,0.06,0.081,1.01,crítico
lesser,3,11,0.012,0.022,1.0,crítico
contracts,3,11,0.012,0.022,1.0,crítico
anything,3,11,0.012,0.022,1.0,crítico
hundred,3,11,0.012,0.022,1.0,crítico
seldom,3,11,0.012,0.022,1.0,crítico
propagated,3,11,0.012,0.022,1.0,crítico
delphi,3,11,0.012,0.022,1.0,crítico
eyes,3,11,0.012,0.022,1.0,crítico
always,48,79,0.192,0.16,1.0,técnico
prioritizes,3,11,0.012,0.022,1.0,crítico
prioritized,3,11,0.012,0.022,1.0,crítico
cure,3,11,0.012,0.022,1.0,crítico
massively,3,11,0.012,0.022,1.0,crítico
circles,3,11,0.012,0.022,1.0,crítico
hypothesize,3,11,0.012,0.022,1.0,crítico
attraction,3,11,0.012,0.022,1.0,crítico
originate,3,11,0.012,0.022,1.0,crítico
clarifies,3,11,0.012,0.022,1.0,crítico
females,3,11,0.012,0.022,1.0,crítico
reliant,3,11,0.012,0.022,1.0,crítico
strengthening,3,11,0.012,0.022,1.0,crítico
modest,3,11,0.012,0.022,1.0,crítico
tried,3,11,0.012,0.022,1.0,crítico
someone,3,11,0.012,0.022,1.0,crítico
occurs,26,40,0.104,0.081,0.98,técnico
described,44,72,0.176,0.146,0.97,técnico
noted,10,13,0.04,0.026,0.97,técnico
exactly,7,21,0.028,0.043,0.97,crítico
restrictive,10,13,0.04,0.026,0.97,técnico
outlined,10,13,0.04,0.026,0.97,técnico
drives,7,21,0.028,0.043,0.97,crítico
enormous,10,13,0.04,0.026,0.97,técnico
pointing,7,21,0.028,0.043,0.97,crítico
abundance,5,16,0.02,0.032,0.95,crítico
surprising,5,16,0.02,0.032,0.95,crítico
lose,5,16,0.02,0.032,0.95,crítico
possible,146,261,0.585,0.529,0.95,técnico
concrete,35,56,0.14,0.114,0.95,técnico
having,47,110,0.188,0.223,0.95,crítico
sentiments,5,16,0.02,0.032,0.95,crítico
expert,54,125,0.217,0.253,0.95,crítico
accessed,5,16,0.02,0.032,0.95,crítico
overlook,5,16,0.02,0.032,0.95,crítico
personalized,50,83,0.201,0.168,0.95,técnico
substantially,13,18,0.052,0.036,0.94,técnico
plastic,16,23,0.064,0.047,0.94,técnico
annotation,23,35,0.092,0.071,0.94,técnico
sorting,16,23,0.064,0.047,0.94,técnico
sea,16,23,0.064,0.047,0.94,técnico
acquire,16,23,0.064,0.047,0.94,técnico
competence,10,28,0.04,0.057,0.94,crítico
ill,13,18,0.052,0.036,0.94,técnico
considers,42,99,0.168,0.201,0.93,crítico
establish,56,94,0.225,0.191,0.93,técnico
four,179,386,0.718,0.782,0.92,crítico
skill,17,44,0.068,0.089,0.92,crítico
repeat,4,4,0.016,0.008,0.91,técnico
uniqueness,4,4,0.016,0.008,0.91,técnico
conventionally,4,4,0.016,0.008,0.91,técnico
cheap,4,4,0.016,0.008,0.91,técnico
pan,4,4,0.016,0.008,0.91,técnico
safeguarding,4,4,0.016,0.008,0.91,técnico
seasonal,4,4,0.016,0.008,0.91,técnico
glance,4,4,0.016,0.008,0.91,técnico
doesn,4,4,0.016,0.008,0.91,técnico
debt,4,4,0.016,0.008,0.91,técnico
normally,8,10,0.032,0.02,0.91,técnico
lighter,4,4,0.016,0.008,0.91,técnico
incompleteness,4,4,0.016,0.008,0.91,técnico
pos,8,10,0.032,0.02,0.91,técnico
sars,4,4,0.016,0.008,0.91,técnico
bluetooth,4,4,0.016,0.008,0.91,técnico
microscope,4,4,0.016,0.008,0.91,técnico
consequent,4,4,0.016,0.008,0.91,técnico
alleviating,4,4,0.016,0.008,0.91,técnico
meets,8,10,0.032,0.02,0.91,técnico
generalizing,4,4,0.016,0.008,0.91,técnico
intends,4,4,0.016,0.008,0.91,técnico
compass,4,4,0.016,0.008,0.91,técnico
resident,4,4,0.016,0.008,0.91,técnico
von,4,4,0.016,0.008,0.91,técnico
spark,4,4,0.016,0.008,0.91,técnico
boundedness,4,4,0.016,0.008,0.91,técnico
common,114,251,0.457,0.509,0.91,crítico
inserting,4,4,0.016,0.008,0.91,técnico
displacing,4,4,0.016,0.008,0.91,técnico
assisting,4,4,0.016,0.008,0.91,técnico
strengthens,4,4,0.016,0.008,0.91,técnico
enlarge,4,4,0.016,0.008,0.91,técnico
emulate,4,4,0.016,0.008,0.91,técnico
taught,8,10,0.032,0.02,0.91,técnico
intercept,4,4,0.016,0.008,0.91,técnico
injury,2,8,0.008,0.016,0.9,crítico
broadening,2,8,0.008,0.016,0.9,crítico
occupied,2,8,0.008,0.016,0.9,crítico
subfield,2,8,0.008,0.016,0.9,crítico
directs,2,8,0.008,0.016,0.9,crítico
flaws,2,8,0.008,0.016,0.9,crítico
substantiate,2,8,0.008,0.016,0.9,crítico
football,2,8,0.008,0.016,0.9,crítico
interdisciplinarity,2,8,0.008,0.016,0.9,crítico
empty,2,8,0.008,0.016,0.9,crítico
trending,2,8,0.008,0.016,0.9,crítico
computerized,2,8,0.008,0.016,0.9,crítico
volatile,2,8,0.008,0.016,0.9,crítico
competences,2,8,0.008,0.016,0.9,crítico
discontinuities,2,8,0.008,0.016,0.9,crítico
activate,2,8,0.008,0.016,0.9,crítico
rhythm,2,8,0.008,0.016,0.9,crítico
incentivize,2,8,0.008,0.016,0.9,crítico
facilitation,2,8,0.008,0.016,0.9,crítico
convincingly,2,8,0.008,0.016,0.9,crítico
escalation,2,8,0.008,0.016,0.9,crítico
mastering,2,8,0.008,0.016,0.9,crítico
ccs,2,8,0.008,0.016,0.9,crítico
exciting,2,8,0.008,0.016,0.9,crítico
sharply,2,8,0.008,0.016,0.9,crítico
desirability,2,8,0.008,0.016,0.9,crítico
universality,2,8,0.008,0.016,0.9,crítico
posthumanist,2,8,0.008,0.016,0.9,crítico
evolves,2,8,0.008,0.016,0.9,crítico
elicitation,2,8,0.008,0.016,0.9,crítico
manipulations,2,8,0.008,0.016,0.9,crítico
greenhouse,2,8,0.008,0.016,0.9,crítico
illicit,2,8,0.008,0.016,0.9,crítico
maximise,2,8,0.008,0.016,0.9,crítico
lineage,2,8,0.008,0.016,0.9,crítico
mechanistic,2,8,0.008,0.016,0.9,crítico
quest,2,8,0.008,0.016,0.9,crítico
preceding,2,8,0.008,0.016,0.9,crítico
biggest,2,8,0.008,0.016,0.9,crítico
dashboard,2,8,0.008,0.016,0.9,crítico
lean,2,8,0.008,0.016,0.9,crítico
only,378,704,1.516,1.427,0.89,técnico
conclusion,28,44,0.112,0.089,0.89,técnico
quantification,14,37,0.056,0.075,0.89,crítico
dependency,24,37,0.096,0.075,0.89,técnico
advancing,14,37,0.056,0.075,0.89,crítico
browser,6,7,0.024,0.014,0.88,técnico
suspicious,6,7,0.024,0.014,0.88,técnico
concretely,6,7,0.024,0.014,0.88,técnico
constituent,6,7,0.024,0.014,0.88,técnico
successive,6,7,0.024,0.014,0.88,técnico
edit,6,7,0.024,0.014,0.88,técnico
infer,6,7,0.024,0.014,0.88,técnico
analytic,18,46,0.072,0.093,0.88,crítico
except,6,7,0.024,0.014,0.88,técnico
derives,6,7,0.024,0.014,0.88,técnico
mice,6,7,0.024,0.014,0.88,técnico
pieces,6,7,0.024,0.014,0.88,técnico
defensive,6,7,0.024,0.014,0.88,técnico
buffer,6,7,0.024,0.014,0.88,técnico
usable,6,7,0.024,0.014,0.88,técnico
premature,6,7,0.024,0.014,0.88,técnico
diagnosed,6,7,0.024,0.014,0.88,técnico
stem,8,23,0.032,0.047,0.88,crítico
threatened,1,5,0.004,0.01,0.87,crítico
watershed,1,5,0.004,0.01,0.87,crítico
volatility,1,5,0.004,0.01,0.87,crítico
titled,1,5,0.004,0.01,0.87,crítico
arousal,1,5,0.004,0.01,0.87,crítico
visit,1,5,0.004,0.01,0.87,crítico
accumulating,1,5,0.004,0.01,0.87,crítico
wholly,1,5,0.004,0.01,0.87,crítico
systematize,1,5,0.004,0.01,0.87,crítico
aggregator,1,5,0.004,0.01,0.87,crítico
announcements,1,5,0.004,0.01,0.87,crítico
specialised,1,5,0.004,0.01,0.87,crítico
supplemented,1,5,0.004,0.01,0.87,crítico
steered,1,5,0.004,0.01,0.87,crítico
suggestive,1,5,0.004,0.01,0.87,crítico
army,1,5,0.004,0.01,0.87,crítico
suggestion,1,5,0.004,0.01,0.87,crítico
weakened,1,5,0.004,0.01,0.87,crítico
thousand,1,5,0.004,0.01,0.87,crítico
apprehend,1,5,0.004,0.01,0.87,crítico
standpoints,1,5,0.004,0.01,0.87,crítico
unproductive,1,5,0.004,0.01,0.87,crítico
accelerates,1,5,0.004,0.01,0.87,crítico
specifies,1,5,0.004,0.01,0.87,crítico
arranged,1,5,0.004,0.01,0.87,crítico
harmed,1,5,0.004,0.01,0.87,crítico
penetrate,1,5,0.004,0.01,0.87,crítico
distort,1,5,0.004,0.01,0.87,crítico
preemptive,1,5,0.004,0.01,0.87,crítico
indications,1,5,0.004,0.01,0.87,crítico
overflow,1,5,0.004,0.01,0.87,crítico
dictated,1,5,0.004,0.01,0.87,crítico
concomitant,1,5,0.004,0.01,0.87,crítico
simplistic,1,5,0.004,0.01,0.87,crítico
henceforth,1,5,0.004,0.01,0.87,crítico
mobiles,1,5,0.004,0.01,0.87,crítico
insignificant,1,5,0.004,0.01,0.87,crítico
genesis,1,5,0.004,0.01,0.87,crítico
reinvent,1,5,0.004,0.01,0.87,crítico
hit,1,5,0.004,0.01,0.87,crítico
disengaged,1,5,0.004,0.01,0.87,crítico
normalise,1,5,0.004,0.01,0.87,crítico
evidences,1,5,0.004,0.01,0.87,crítico
remember,1,5,0.004,0.01,0.87,crítico
rose,1,5,0.004,0.01,0.87,crítico
fledged,1,5,0.004,0.01,0.87,crítico
sensations,1,5,0.004,0.01,0.87,crítico
confirmatory,1,5,0.004,0.01,0.87,crítico
prolific,1,5,0.004,0.01,0.87,crítico
connotations,1,5,0.004,0.01,0.87,crítico
shocks,1,5,0.004,0.01,0.87,crítico
mandates,1,5,0.004,0.01,0.87,crítico
elucidated,1,5,0.004,0.01,0.87,crítico
shut,1,5,0.004,0.01,0.87,crítico
governs,1,5,0.004,0.01,0.87,crítico
malaysia,1,5,0.004,0.01,0.87,crítico
disregard,1,5,0.004,0.01,0.87,crítico
diminishing,1,5,0.004,0.01,0.87,crítico
doubts,1,5,0.004,0.01,0.87,crítico
catalyze,1,5,0.004,0.01,0.87,crítico
hurdles,1,5,0.004,0.01,0.87,crítico
dogs,1,5,0.004,0.01,0.87,crítico
carefully,17,25,0.068,0.051,0.87,técnico
reconceptualize,1,5,0.004,0.01,0.87,crítico
openly,1,5,0.004,0.01,0.87,crítico
declines,1,5,0.004,0.01,0.87,crítico
doctrine,1,5,0.004,0.01,0.87,crítico
discernible,1,5,0.004,0.01,0.87,crítico
shore,1,5,0.004,0.01,0.87,crítico
premium,1,5,0.004,0.01,0.87,crítico
earliest,1,5,0.004,0.01,0.87,crítico
abandon,1,5,0.004,0.01,0.87,crítico
depicting,1,5,0.004,0.01,0.87,crítico
karen,1,5,0.004,0.01,0.87,crítico
commented,1,5,0.004,0.01,0.87,crítico
catering,1,5,0.004,0.01,0.87,crítico
encouragement,1,5,0.004,0.01,0.87,crítico
layering,1,5,0.004,0.01,0.87,crítico
extraordinary,1,5,0.004,0.01,0.87,crítico
juxtaposed,1,5,0.004,0.01,0.87,crítico
ministry,1,5,0.004,0.01,0.87,crítico
puzzle,1,5,0.004,0.01,0.87,crítico
resistances,1,5,0.004,0.01,0.87,crítico
sorts,1,5,0.004,0.01,0.87,crítico
harbor,1,5,0.004,0.01,0.87,crítico
disregarded,1,5,0.004,0.01,0.87,crítico
lowered,1,5,0.004,0.01,0.87,crítico
misinterpretation,1,5,0.004,0.01,0.87,crítico
favourable,1,5,0.004,0.01,0.87,crítico
impending,1,5,0.004,0.01,0.87,crítico
prevails,1,5,0.004,0.01,0.87,crítico
interrogation,1,5,0.004,0.01,0.87,crítico
lethal,1,5,0.004,0.01,0.87,crítico
mistake,1,5,0.004,0.01,0.87,crítico
foothold,1,5,0.004,0.01,0.87,crítico
cohesive,1,5,0.004,0.01,0.87,crítico
categorizes,1,5,0.004,0.01,0.87,crítico
experimenting,1,5,0.004,0.01,0.87,crítico
demography,1,5,0.004,0.01,0.87,crítico
joining,1,5,0.004,0.01,0.87,crítico
forging,1,5,0.004,0.01,0.87,crítico
interconnections,1,5,0.004,0.01,0.87,crítico
demystify,1,5,0.004,0.01,0.87,crítico
collected,69,156,0.277,0.316,0.87,crítico
devising,1,5,0.004,0.01,0.87,crítico
aggregated,11,15,0.044,0.03,0.86,técnico
realization,11,15,0.044,0.03,0.86,técnico
deployment,53,122,0.213,0.247,0.86,crítico
severity,11,15,0.044,0.03,0.86,técnico
substantial,38,62,0.152,0.126,0.86,técnico
providing,79,137,0.317,0.278,0.86,técnico
cases,99,219,0.397,0.444,0.86,crítico
coordinated,14,20,0.056,0.041,0.85,técnico
aimed,47,109,0.188,0.221,0.85,crítico
trial,15,39,0.06,0.079,0.84,crítico
contribution,55,126,0.221,0.255,0.84,crítico
lie,6,18,0.024,0.036,0.83,crítico
aids,6,18,0.024,0.036,0.83,crítico
analyze,129,281,0.517,0.57,0.83,crítico
billion,6,18,0.024,0.036,0.83,crítico
failing,4,13,0.016,0.026,0.82,crítico
musical,4,13,0.016,0.026,0.82,crítico
confronted,4,13,0.016,0.026,0.82,crítico
surgeons,4,13,0.016,0.026,0.82,crítico
upstream,4,13,0.016,0.026,0.82,crítico
distribute,4,13,0.016,0.026,0.82,crítico
categorical,4,13,0.016,0.026,0.82,crítico
underpins,4,13,0.016,0.026,0.82,crítico
collaboratively,4,13,0.016,0.026,0.82,crítico
boards,4,13,0.016,0.026,0.82,crítico
succeed,4,13,0.016,0.026,0.82,crítico
encompass,4,13,0.016,0.026,0.82,crítico
decreased,12,32,0.048,0.065,0.81,crítico
rare,12,32,0.048,0.065,0.81,crítico
impossible,12,32,0.048,0.065,0.81,crítico
evaluating,40,66,0.16,0.134,0.81,técnico
progress,45,75,0.18,0.152,0.81,técnico
cooperation,12,32,0.048,0.065,0.81,crítico
exists,22,34,0.088,0.069,0.8,técnico
occurring,9,25,0.036,0.051,0.8,crítico
comparisons,26,41,0.104,0.083,0.8,técnico
gets,9,25,0.036,0.051,0.8,crítico
core,84,147,0.337,0.298,0.8,técnico
reason,25,61,0.1,0.124,0.8,crítico
document,46,77,0.184,0.156,0.79,técnico
whereas,44,102,0.176,0.207,0.79,crítico
undergraduate,9,12,0.036,0.024,0.78,técnico
artifact,9,12,0.036,0.024,0.78,técnico
workflows,9,12,0.036,0.024,0.78,técnico
usability,9,12,0.036,0.024,0.78,técnico
temporally,9,12,0.036,0.024,0.78,técnico
norm,36,59,0.144,0.12,0.78,técnico
broken,9,12,0.036,0.024,0.78,técnico
prospects,9,12,0.036,0.024,0.78,técnico
defined,71,123,0.285,0.249,0.78,técnico
considerably,12,17,0.048,0.034,0.77,técnico
box,53,90,0.213,0.182,0.77,técnico
disaster,13,34,0.052,0.069,0.76,crítico
changing,54,123,0.217,0.249,0.76,crítico
orders,19,29,0.076,0.059,0.76,técnico
emergency,19,29,0.076,0.059,0.76,técnico
writing,33,78,0.132,0.158,0.75,crítico
regard,22,54,0.088,0.109,0.75,crítico
artifacts,37,61,0.148,0.124,0.75,técnico
allow,47,108,0.188,0.219,0.75,crítico
left,22,54,0.088,0.109,0.75,crítico
lost,10,27,0.04,0.055,0.74,crítico
strengthen,10,27,0.04,0.055,0.74,crítico
chronic,7,20,0.028,0.041,0.74,crítico
doctors,7,20,0.028,0.041,0.74,crítico
contract,7,20,0.028,0.041,0.74,crítico
detrimental,7,20,0.028,0.041,0.74,crítico
solely,10,27,0.04,0.055,0.74,crítico
persist,7,20,0.028,0.041,0.74,crítico
comparatively,7,20,0.028,0.041,0.74,crítico
disorder,7,20,0.028,0.041,0.74,crítico
reasoning,49,83,0.197,0.168,0.73,técnico
flows,28,67,0.112,0.136,0.73,crítico
ontology,18,45,0.072,0.091,0.73,crítico
laws,28,45,0.112,0.091,0.73,técnico
applies,24,38,0.096,0.077,0.72,técnico
criticality,7,9,0.028,0.018,0.71,técnico
foresight,7,9,0.028,0.018,0.71,técnico
realise,7,9,0.028,0.018,0.71,técnico
readily,7,9,0.028,0.018,0.71,técnico
debris,7,9,0.028,0.018,0.71,técnico
enforcing,7,9,0.028,0.018,0.71,técnico
chart,7,9,0.028,0.018,0.71,técnico
molecular,20,31,0.08,0.063,0.71,técnico
true,24,58,0.096,0.118,0.7,crítico
since,126,227,0.505,0.46,0.7,técnico
stacking,3,3,0.012,0.006,0.69,técnico
minimising,3,3,0.012,0.006,0.69,técnico
linearity,3,3,0.012,0.006,0.69,técnico
restaurants,3,3,0.012,0.006,0.69,técnico
manufacturer,3,3,0.012,0.006,0.69,técnico
galaxy,3,3,0.012,0.006,0.69,técnico
harvested,3,3,0.012,0.006,0.69,técnico
modulating,3,3,0.012,0.006,0.69,técnico
admit,3,3,0.012,0.006,0.69,técnico
surpass,3,3,0.012,0.006,0.69,técnico
resourced,3,3,0.012,0.006,0.69,técnico
pinpoint,3,3,0.012,0.006,0.69,técnico
inclined,5,15,0.02,0.03,0.69,crítico
cancers,3,3,0.012,0.006,0.69,técnico
implementable,3,3,0.012,0.006,0.69,técnico
gave,5,15,0.02,0.03,0.69,crítico
albeit,5,15,0.02,0.03,0.69,crítico
dropped,3,3,0.012,0.006,0.69,técnico
pandemics,3,3,0.012,0.006,0.69,técnico
primitive,3,3,0.012,0.006,0.69,técnico
lifelong,3,3,0.012,0.006,0.69,técnico
compiling,3,3,0.012,0.006,0.69,técnico
interestingly,5,15,0.02,0.03,0.69,crítico
beat,3,3,0.012,0.006,0.69,técnico
passenger,3,3,0.012,0.006,0.69,técnico
noticed,3,3,0.012,0.006,0.69,técnico
sit,3,3,0.012,0.006,0.69,técnico
implants,3,3,0.012,0.006,0.69,técnico
concise,3,3,0.012,0.006,0.69,técnico
exceptional,5,15,0.02,0.03,0.69,crítico
inconsistency,3,3,0.012,0.006,0.69,técnico
kit,3,3,0.012,0.006,0.69,técnico
fragment,3,3,0.012,0.006,0.69,técnico
finished,3,3,0.012,0.006,0.69,técnico
maturity,3,3,0.012,0.006,0.69,técnico
sway,3,3,0.012,0.006,0.69,técnico
damaged,3,3,0.012,0.006,0.69,técnico
thereby,71,124,0.285,0.251,0.69,técnico
purchasing,3,3,0.012,0.006,0.69,técnico
graphically,3,3,0.012,0.006,0.69,técnico
enriched,3,3,0.012,0.006,0.69,técnico
beijing,3,3,0.012,0.006,0.69,técnico
ran,3,3,0.012,0.006,0.69,técnico
nodal,3,3,0.012,0.006,0.69,técnico
popularly,3,3,0.012,0.006,0.69,técnico
learnt,3,3,0.012,0.006,0.69,técnico
secured,3,3,0.012,0.006,0.69,técnico
unbiased,5,15,0.02,0.03,0.69,crítico
contaminated,3,3,0.012,0.006,0.69,técnico
sweeping,3,3,0.012,0.006,0.69,técnico
multinomial,3,3,0.012,0.006,0.69,técnico
momentum,13,19,0.052,0.039,0.69,técnico
settle,3,3,0.012,0.006,0.69,técnico
entered,5,15,0.02,0.03,0.69,crítico
entering,5,15,0.02,0.03,0.69,crítico
stack,5,15,0.02,0.03,0.69,crítico
bilingual,3,3,0.012,0.006,0.69,técnico
weaken,3,3,0.012,0.006,0.69,técnico
optimised,3,3,0.012,0.006,0.69,técnico
assumes,5,15,0.02,0.03,0.69,crítico
falls,3,10,0.012,0.02,0.68,crítico
panic,3,10,0.012,0.02,0.68,crítico
enriching,3,10,0.012,0.02,0.68,crítico
amenable,3,10,0.012,0.02,0.68,crítico
respects,3,10,0.012,0.02,0.68,crítico
intriguing,3,10,0.012,0.02,0.68,crítico
vitro,3,10,0.012,0.02,0.68,crítico
struggle,25,60,0.1,0.122,0.68,crítico
partially,15,38,0.06,0.077,0.68,crítico
start,25,40,0.1,0.081,0.68,técnico
star,10,14,0.04,0.028,0.68,técnico
meeting,15,38,0.06,0.077,0.68,crítico
neglecting,3,10,0.012,0.02,0.68,crítico
interfacing,3,10,0.012,0.02,0.68,crítico
undesired,3,10,0.012,0.02,0.68,crítico
colleagues,3,10,0.012,0.02,0.68,crítico
cornerstone,3,10,0.012,0.02,0.68,crítico
sided,3,10,0.012,0.02,0.68,crítico
copyright,15,38,0.06,0.077,0.68,crítico
sections,11,29,0.044,0.059,0.68,crítico
correcting,3,10,0.012,0.02,0.68,crítico
overlapping,11,29,0.044,0.059,0.68,crítico
mit,3,10,0.012,0.02,0.68,crítico
akin,3,10,0.012,0.02,0.68,crítico
sized,10,14,0.04,0.028,0.68,técnico
guides,3,10,0.012,0.02,0.68,crítico
underrepresented,3,10,0.012,0.02,0.68,crítico
sight,10,14,0.04,0.028,0.68,técnico
correlates,3,10,0.012,0.02,0.68,crítico
filling,3,10,0.012,0.02,0.68,crítico
recognizes,3,10,0.012,0.02,0.68,crítico
secrecy,3,10,0.012,0.02,0.68,crítico
comprising,10,14,0.04,0.028,0.68,técnico
trying,8,22,0.032,0.045,0.67,crítico
periods,21,33,0.084,0.067,0.67,técnico
viable,8,22,0.032,0.045,0.67,crítico
leveraged,8,22,0.032,0.045,0.67,crítico
failures,30,49,0.12,0.099,0.67,técnico
formulates,5,6,0.02,0.012,0.66,técnico
enjoy,5,6,0.02,0.012,0.66,técnico
catch,5,6,0.02,0.012,0.66,técnico
cat,5,6,0.02,0.012,0.66,técnico
restricts,5,6,0.02,0.012,0.66,técnico
diffusion,41,69,0.164,0.14,0.66,técnico
subsurface,5,6,0.02,0.012,0.66,técnico
qualified,5,6,0.02,0.012,0.66,técnico
locality,5,6,0.02,0.012,0.66,técnico
occurrences,5,6,0.02,0.012,0.66,técnico
fluency,5,6,0.02,0.012,0.66,técnico
night,5,6,0.02,0.012,0.66,técnico
collects,5,6,0.02,0.012,0.66,técnico
triangulation,5,6,0.02,0.012,0.66,técnico
immune,5,6,0.02,0.012,0.66,técnico
happened,5,6,0.02,0.012,0.66,técnico
passed,5,6,0.02,0.012,0.66,técnico
endurance,5,6,0.02,0.012,0.66,técnico
couple,5,6,0.02,0.012,0.66,técnico
onset,5,6,0.02,0.012,0.66,técnico
events,64,143,0.257,0.29,0.66,crítico
abstractions,5,6,0.02,0.012,0.66,técnico
omics,5,6,0.02,0.012,0.66,técnico
therapies,5,6,0.02,0.012,0.66,técnico
tractable,5,6,0.02,0.012,0.66,técnico
finer,5,6,0.02,0.012,0.66,técnico
holds,16,40,0.064,0.081,0.65,crítico
absence,31,51,0.124,0.103,0.65,técnico
represented,36,60,0.144,0.122,0.65,técnico
picture,26,42,0.104,0.085,0.65,técnico
designing,42,71,0.168,0.144,0.64,técnico
rich,33,77,0.132,0.156,0.64,crítico
accounting,12,31,0.048,0.063,0.64,crítico
eight,22,53,0.088,0.107,0.62,crítico
preference,27,44,0.108,0.089,0.62,técnico
simultaneously,70,123,0.281,0.249,0.62,técnico
note,9,24,0.036,0.049,0.61,crítico
systematic,61,136,0.245,0.276,0.61,crítico
bot,9,24,0.036,0.049,0.61,crítico
unable,9,24,0.036,0.049,0.61,crítico
incident,11,16,0.044,0.032,0.6,técnico
reproduced,6,17,0.024,0.034,0.6,crítico
aging,6,17,0.024,0.034,0.6,crítico
ultimate,6,17,0.024,0.034,0.6,crítico
follower,8,11,0.032,0.022,0.6,técnico
fosters,6,17,0.024,0.034,0.6,crítico
obvious,6,17,0.024,0.034,0.6,crítico
essence,8,11,0.032,0.022,0.6,técnico
starts,11,16,0.044,0.032,0.6,técnico
enter,6,17,0.024,0.034,0.6,crítico
lexical,11,16,0.044,0.032,0.6,técnico
stations,11,16,0.044,0.032,0.6,técnico
stratified,6,17,0.024,0.034,0.6,crítico
helps,36,83,0.144,0.168,0.6,crítico
heart,18,44,0.072,0.089,0.59,crítico
variety,74,131,0.297,0.266,0.58,técnico
fraud,15,23,0.06,0.047,0.58,técnico
encountered,15,23,0.06,0.047,0.58,técnico
aid,29,48,0.116,0.097,0.57,técnico
needed,67,118,0.269,0.239,0.57,técnico
omnipresent,2,7,0.008,0.014,0.56,crítico
isomorphism,2,7,0.008,0.014,0.56,crítico
biomarkers,2,7,0.008,0.014,0.56,crítico
analogous,2,7,0.008,0.014,0.56,crítico
granular,2,7,0.008,0.014,0.56,crítico
showcases,2,7,0.008,0.014,0.56,crítico
traders,2,7,0.008,0.014,0.56,crítico
abroad,2,7,0.008,0.014,0.56,crítico
seeker,2,7,0.008,0.014,0.56,crítico
august,2,7,0.008,0.014,0.56,crítico
surrounded,2,7,0.008,0.014,0.56,crítico
laid,2,7,0.008,0.014,0.56,crítico
tiered,2,7,0.008,0.014,0.56,crítico
vendor,2,7,0.008,0.014,0.56,crítico
inflected,2,7,0.008,0.014,0.56,crítico
audiovisual,2,7,0.008,0.014,0.56,crítico
scarce,10,26,0.04,0.053,0.56,crítico
decided,2,7,0.008,0.014,0.56,crítico
affection,2,7,0.008,0.014,0.56,crítico
references,10,26,0.04,0.053,0.56,crítico
translators,2,7,0.008,0.014,0.56,crítico
proportions,2,7,0.008,0.014,0.56,crítico
conducted,172,317,0.69,0.643,0.56,técnico
textbooks,2,7,0.008,0.014,0.56,crítico
pools,2,7,0.008,0.014,0.56,crítico
forged,2,7,0.008,0.014,0.56,crítico
saw,10,26,0.04,0.053,0.56,crítico
chronological,2,7,0.008,0.014,0.56,crítico
steer,2,7,0.008,0.014,0.56,crítico
noting,2,7,0.008,0.014,0.56,crítico
pilots,2,7,0.008,0.014,0.56,crítico
sale,2,7,0.008,0.014,0.56,crítico
hair,2,7,0.008,0.014,0.56,crítico
grey,2,7,0.008,0.014,0.56,crítico
consolidated,2,7,0.008,0.014,0.56,crítico
rock,2,7,0.008,0.014,0.56,crítico
spontaneous,2,7,0.008,0.014,0.56,crítico
mentions,2,7,0.008,0.014,0.56,crítico
adversaries,2,7,0.008,0.014,0.56,crítico
tokenization,2,7,0.008,0.014,0.56,crítico
attendees,2,7,0.008,0.014,0.56,crítico
freedoms,2,7,0.008,0.014,0.56,crítico
producer,2,7,0.008,0.014,0.56,crítico
proceed,2,7,0.008,0.014,0.56,crítico
harmonization,2,7,0.008,0.014,0.56,crítico
manner,35,59,0.14,0.12,0.56,técnico
gamified,2,7,0.008,0.014,0.56,crítico
desktop,2,7,0.008,0.014,0.56,crítico
suit,2,7,0.008,0.014,0.56,crítico
abandoned,2,7,0.008,0.014,0.56,crítico
underway,2,7,0.008,0.014,0.56,crítico
constrains,2,7,0.008,0.014,0.56,crítico
manageable,2,7,0.008,0.014,0.56,crítico
literal,2,7,0.008,0.014,0.56,crítico
identifiers,2,7,0.008,0.014,0.56,crítico
civilian,2,7,0.008,0.014,0.56,crítico
competency,2,7,0.008,0.014,0.56,crítico
wildlife,4,12,0.016,0.024,0.55,crítico
versa,4,12,0.016,0.024,0.55,crítico
turkish,4,12,0.016,0.024,0.55,crítico
discrepancy,4,12,0.016,0.024,0.55,crítico
commercially,4,12,0.016,0.024,0.55,crítico
soon,4,12,0.016,0.024,0.55,crítico
chamber,4,12,0.016,0.024,0.55,crítico
transaction,4,12,0.016,0.024,0.55,crítico
growth,59,131,0.237,0.266,0.55,crítico
agile,4,12,0.016,0.024,0.55,crítico
fictitious,4,12,0.016,0.024,0.55,crítico
constellations,4,12,0.016,0.024,0.55,crítico
argumentative,4,12,0.016,0.024,0.55,crítico
substances,4,12,0.016,0.024,0.55,crítico
conditioned,4,12,0.016,0.024,0.55,crítico
instructions,12,18,0.048,0.036,0.54,técnico
formed,25,41,0.1,0.083,0.54,técnico
differentiate,7,19,0.028,0.039,0.54,crítico
opened,7,19,0.028,0.039,0.54,crítico
implementations,12,18,0.048,0.036,0.54,técnico
drones,12,18,0.048,0.036,0.54,técnico
explainable,12,18,0.048,0.036,0.54,técnico
iii,7,19,0.028,0.039,0.54,crítico
fails,7,19,0.028,0.039,0.54,crítico
likelihood,25,41,0.1,0.083,0.54,técnico
representing,25,41,0.1,0.083,0.54,técnico
ratings,7,19,0.028,0.039,0.54,crítico
earlier,20,48,0.08,0.097,0.54,crítico
preferred,16,25,0.064,0.051,0.53,técnico
unexpected,16,25,0.064,0.051,0.53,técnico
traditionally,15,37,0.06,0.075,0.53,crítico
monitors,6,8,0.024,0.016,0.52,técnico
hindering,6,8,0.024,0.016,0.52,técnico
fifth,6,8,0.024,0.016,0.52,técnico
approved,6,8,0.024,0.016,0.52,técnico
silos,6,8,0.024,0.016,0.52,técnico
av,11,28,0.044,0.057,0.52,crítico
floor,6,8,0.024,0.016,0.52,técnico
predictability,6,8,0.024,0.016,0.52,técnico
horizons,6,8,0.024,0.016,0.52,técnico
libraries,11,28,0.044,0.057,0.52,crítico
plausibility,6,8,0.024,0.016,0.52,técnico
fragments,6,8,0.024,0.016,0.52,técnico
projections,6,8,0.024,0.016,0.52,técnico
judged,6,8,0.024,0.016,0.52,técnico
delivering,6,8,0.024,0.016,0.52,técnico
automate,9,13,0.036,0.026,0.51,técnico
hci,9,13,0.036,0.026,0.51,técnico
stabilize,9,13,0.036,0.026,0.51,técnico
smart,128,234,0.513,0.474,0.51,técnico
drone,21,34,0.084,0.069,0.51,técnico
received,51,89,0.205,0.18,0.5,técnico
changed,22,52,0.088,0.105,0.5,crítico
coded,17,27,0.068,0.055,0.49,técnico
rigorous,13,20,0.052,0.041,0.49,técnico
voting,13,20,0.052,0.041,0.49,técnico
requiring,27,45,0.108,0.091,0.49,técnico
outputs,47,105,0.188,0.213,0.49,crítico
origin,12,30,0.048,0.061,0.48,crítico
lacks,8,21,0.032,0.043,0.48,crítico
build,71,155,0.285,0.314,0.48,crítico
facilitates,22,36,0.088,0.073,0.48,técnico
searches,5,14,0.02,0.028,0.47,crítico
formally,5,14,0.02,0.028,0.47,crítico
associate,5,14,0.02,0.028,0.47,crítico
pricing,5,14,0.02,0.028,0.47,crítico
translations,5,14,0.02,0.028,0.47,crítico
wrong,5,14,0.02,0.028,0.47,crítico
shares,5,14,0.02,0.028,0.47,crítico
pitfalls,5,14,0.02,0.028,0.47,crítico
confuse,4,5,0.016,0.01,0.46,técnico
dsm,4,5,0.016,0.01,0.46,técnico
aggregating,4,5,0.016,0.01,0.46,técnico
dealt,4,5,0.016,0.01,0.46,técnico
reactance,4,5,0.016,0.01,0.46,técnico
professor,4,5,0.016,0.01,0.46,técnico
factories,4,5,0.016,0.01,0.46,técnico
granularity,4,5,0.016,0.01,0.46,técnico
slope,4,5,0.016,0.01,0.46,técnico
illustration,4,5,0.016,0.01,0.46,técnico
regulate,18,43,0.072,0.087,0.46,crítico
cuts,4,5,0.016,0.01,0.46,técnico
soils,4,5,0.016,0.01,0.46,técnico
factors,151,279,0.606,0.566,0.46,técnico
imposes,4,5,0.016,0.01,0.46,técnico
bioinformatics,4,5,0.016,0.01,0.46,técnico
der,4,5,0.016,0.01,0.46,técnico
challenge,124,264,0.497,0.535,0.46,crítico
restriction,4,5,0.016,0.01,0.46,técnico
province,4,5,0.016,0.01,0.46,técnico
comfortable,4,5,0.016,0.01,0.46,técnico
preferable,4,5,0.016,0.01,0.46,técnico
shale,4,5,0.016,0.01,0.46,técnico
stabilizing,4,5,0.016,0.01,0.46,técnico
oftentimes,1,4,0.004,0.008,0.45,crítico
enthusiastic,1,4,0.004,0.008,0.45,crítico
breach,1,4,0.004,0.008,0.45,crítico
multilayered,1,4,0.004,0.008,0.45,crítico
negation,1,4,0.004,0.008,0.45,crítico
interviewing,1,4,0.004,0.008,0.45,crítico
visualized,1,4,0.004,0.008,0.45,crítico
song,1,4,0.004,0.008,0.45,crítico
enters,1,4,0.004,0.008,0.45,crítico
potency,1,4,0.004,0.008,0.45,crítico
biologically,1,4,0.004,0.008,0.45,crítico
presumably,1,4,0.004,0.008,0.45,crítico
precedes,1,4,0.004,0.008,0.45,crítico
tapping,1,4,0.004,0.008,0.45,crítico
discourages,1,4,0.004,0.008,0.45,crítico
hides,1,4,0.004,0.008,0.45,crítico
foreseeable,1,4,0.004,0.008,0.45,crítico
equip,1,4,0.004,0.008,0.45,crítico
mutations,1,4,0.004,0.008,0.45,crítico
erode,1,4,0.004,0.008,0.45,crítico
eroded,1,4,0.004,0.008,0.45,crítico
corollary,1,4,0.004,0.008,0.45,crítico
prowess,1,4,0.004,0.008,0.45,crítico
fixation,1,4,0.004,0.008,0.45,crítico
pressed,1,4,0.004,0.008,0.45,crítico
bypassing,1,4,0.004,0.008,0.45,crítico
adhering,1,4,0.004,0.008,0.45,crítico
efficiencies,1,4,0.004,0.008,0.45,crítico
variegated,1,4,0.004,0.008,0.45,crítico
counted,1,4,0.004,0.008,0.45,crítico
abound,1,4,0.004,0.008,0.45,crítico
burst,1,4,0.004,0.008,0.45,crítico
prerequisites,1,4,0.004,0.008,0.45,crítico
presently,1,4,0.004,0.008,0.45,crítico
ness,1,4,0.004,0.008,0.45,crítico
purposefully,1,4,0.004,0.008,0.45,crítico
imposing,1,4,0.004,0.008,0.45,crítico
alternately,1,4,0.004,0.008,0.45,crítico
renderings,1,4,0.004,0.008,0.45,crítico
unfavorable,1,4,0.004,0.008,0.45,crítico
imitate,1,4,0.004,0.008,0.45,crítico
accommodates,1,4,0.004,0.008,0.45,crítico
released,10,15,0.04,0.03,0.45,técnico
meteorological,1,4,0.004,0.008,0.45,crítico
supplementing,1,4,0.004,0.008,0.45,crítico
generalizations,1,4,0.004,0.008,0.45,crítico
supplier,1,4,0.004,0.008,0.45,crítico
reimagined,1,4,0.004,0.008,0.45,crítico
normalisation,1,4,0.004,0.008,0.45,crítico
before,64,114,0.257,0.231,0.45,técnico
fuelled,1,4,0.004,0.008,0.45,crítico
clicking,1,4,0.004,0.008,0.45,crítico
cleaned,1,4,0.004,0.008,0.45,crítico
scaffold,1,4,0.004,0.008,0.45,crítico
fakes,1,4,0.004,0.008,0.45,crítico
deficient,1,4,0.004,0.008,0.45,crítico
medicines,1,4,0.004,0.008,0.45,crítico
irrespective,1,4,0.004,0.008,0.45,crítico
individualization,1,4,0.004,0.008,0.45,crítico
reforming,1,4,0.004,0.008,0.45,crítico
affair,1,4,0.004,0.008,0.45,crítico
diverged,1,4,0.004,0.008,0.45,crítico
pleasant,1,4,0.004,0.008,0.45,crítico
traded,1,4,0.004,0.008,0.45,crítico
deprived,1,4,0.004,0.008,0.45,crítico
fascinating,1,4,0.004,0.008,0.45,crítico
desk,1,4,0.004,0.008,0.45,crítico
accustomed,1,4,0.004,0.008,0.45,crítico
bard,1,4,0.004,0.008,0.45,crítico
suddenly,1,4,0.004,0.008,0.45,crítico
detaching,1,4,0.004,0.008,0.45,crítico
permanence,1,4,0.004,0.008,0.45,crítico
suffice,1,4,0.004,0.008,0.45,crítico
sufficiency,1,4,0.004,0.008,0.45,crítico
parse,1,4,0.004,0.008,0.45,crítico
deviated,1,4,0.004,0.008,0.45,crítico
anchor,10,15,0.04,0.03,0.45,técnico
depart,1,4,0.004,0.008,0.45,crítico
collapsing,1,4,0.004,0.008,0.45,crítico
milestones,1,4,0.004,0.008,0.45,crítico
underscored,1,4,0.004,0.008,0.45,crítico
acquires,1,4,0.004,0.008,0.45,crítico
antidote,1,4,0.004,0.008,0.45,crítico
accommodation,1,4,0.004,0.008,0.45,crítico
vietnam,1,4,0.004,0.008,0.45,crítico
faire,1,4,0.004,0.008,0.45,crítico
drivers,25,58,0.1,0.118,0.45,crítico
frictional,1,4,0.004,0.008,0.45,crítico
inferior,1,4,0.004,0.008,0.45,crítico
circulating,10,15,0.04,0.03,0.45,técnico
impossibility,1,4,0.004,0.008,0.45,crítico
inventive,1,4,0.004,0.008,0.45,crítico
chicago,1,4,0.004,0.008,0.45,crítico
charles,1,4,0.004,0.008,0.45,crítico
localised,1,4,0.004,0.008,0.45,crítico
symmetrically,1,4,0.004,0.008,0.45,crítico
failings,1,4,0.004,0.008,0.45,crítico
accentuates,1,4,0.004,0.008,0.45,crítico
referenced,1,4,0.004,0.008,0.45,crítico
recipe,1,4,0.004,0.008,0.45,crítico
adulthood,1,4,0.004,0.008,0.45,crítico
dissolve,1,4,0.004,0.008,0.45,crítico
chiefly,1,4,0.004,0.008,0.45,crítico
synergies,1,4,0.004,0.008,0.45,crítico
statuses,1,4,0.004,0.008,0.45,crítico
unintentional,1,4,0.004,0.008,0.45,crítico
elitist,1,4,0.004,0.008,0.45,crítico
attendance,1,4,0.004,0.008,0.45,crítico
stop,10,15,0.04,0.03,0.45,técnico
fiercely,1,4,0.004,0.008,0.45,crítico
redefines,1,4,0.004,0.008,0.45,crítico
invading,1,4,0.004,0.008,0.45,crítico
consulting,1,4,0.004,0.008,0.45,crítico
weaknesses,10,15,0.04,0.03,0.45,técnico
inherit,1,4,0.004,0.008,0.45,crítico
surveil,1,4,0.004,0.008,0.45,crítico
alphabet,1,4,0.004,0.008,0.45,crítico
genuinely,1,4,0.004,0.008,0.45,crítico
consult,1,4,0.004,0.008,0.45,crítico
george,1,4,0.004,0.008,0.45,crítico
transcending,1,4,0.004,0.008,0.45,crítico
infinitely,1,4,0.004,0.008,0.45,crítico
amplification,9,23,0.036,0.047,0.44,crítico
relevant,95,204,0.381,0.414,0.44,crítico
majority,26,60,0.104,0.122,0.44,crítico
affected,43,96,0.172,0.195,0.44,crítico
repository,7,10,0.028,0.02,0.43,técnico
utilise,7,10,0.028,0.02,0.43,técnico
blurred,7,10,0.028,0.02,0.43,técnico
mapped,7,10,0.028,0.02,0.43,técnico
necessitating,7,10,0.028,0.02,0.43,técnico
stemming,7,10,0.028,0.02,0.43,técnico
reluctance,7,10,0.028,0.02,0.43,técnico
school,36,62,0.144,0.126,0.43,técnico
si,7,10,0.028,0.02,0.43,técnico
assumption,30,51,0.12,0.103,0.43,técnico
close,44,98,0.176,0.199,0.43,crítico
virtually,3,9,0.012,0.018,0.42,crítico
vaccines,3,9,0.012,0.018,0.42,crítico
discoveries,3,9,0.012,0.018,0.42,crítico
dialectical,3,9,0.012,0.018,0.42,crítico
analogue,3,9,0.012,0.018,0.42,crítico
pointed,3,9,0.012,0.018,0.42,crítico
plethora,3,9,0.012,0.018,0.42,crítico
fat,3,9,0.012,0.018,0.42,crítico
larger,36,81,0.144,0.164,0.42,crítico
ab,3,9,0.012,0.018,0.42,crítico
relying,20,47,0.08,0.095,0.42,crítico
mature,3,9,0.012,0.018,0.42,crítico
citations,3,9,0.012,0.018,0.42,crítico
motivates,3,9,0.012,0.018,0.42,crítico
crash,3,9,0.012,0.018,0.42,crítico
unforeseen,3,9,0.012,0.018,0.42,crítico
scrutinize,3,9,0.012,0.018,0.42,crítico
hr,3,9,0.012,0.018,0.42,crítico
bibliometric,3,9,0.012,0.018,0.42,crítico
cohorts,3,9,0.012,0.018,0.42,crítico
richness,3,9,0.012,0.018,0.42,crítico
stimulating,3,9,0.012,0.018,0.42,crítico
agreed,3,9,0.012,0.018,0.42,crítico
recognized,20,47,0.08,0.095,0.42,crítico
interdependencies,3,9,0.012,0.018,0.42,crítico
programmes,3,9,0.012,0.018,0.42,crítico
funds,3,9,0.012,0.018,0.42,crítico
accumulate,3,9,0.012,0.018,0.42,crítico
soc,6,16,0.024,0.032,0.41,crítico
mirror,6,16,0.024,0.032,0.41,crítico
humanoid,15,24,0.06,0.049,0.41,técnico
strict,11,17,0.044,0.034,0.4,técnico
lies,20,33,0.08,0.067,0.4,técnico
marginal,11,17,0.044,0.034,0.4,técnico
reaching,20,33,0.08,0.067,0.4,técnico
inconsistent,11,17,0.044,0.034,0.4,técnico
generations,10,25,0.04,0.051,0.4,crítico
availability,26,44,0.104,0.089,0.39,técnico
supports,22,51,0.088,0.103,0.39,crítico
incorporate,27,46,0.108,0.093,0.38,técnico
consistently,21,35,0.084,0.071,0.38,técnico
subtle,11,27,0.044,0.055,0.37,crítico
presence,83,178,0.333,0.361,0.37,crítico
extensively,12,19,0.048,0.039,0.36,técnico
man,12,19,0.048,0.039,0.36,técnico
attracting,8,12,0.032,0.024,0.36,técnico
indicative,8,12,0.032,0.024,0.36,técnico
randomized,8,12,0.032,0.024,0.36,técnico
contamination,7,18,0.028,0.036,0.36,crítico
up,192,360,0.77,0.73,0.36,técnico
journal,22,37,0.088,0.075,0.36,técnico
judge,8,12,0.032,0.024,0.36,técnico
biometrics,7,18,0.028,0.036,0.36,crítico
shifted,12,19,0.048,0.039,0.36,técnico
ease,8,12,0.032,0.024,0.36,técnico
incorporation,12,19,0.048,0.039,0.36,técnico
speakers,12,19,0.048,0.039,0.36,técnico
grow,12,19,0.048,0.039,0.36,técnico
accomplished,8,12,0.032,0.024,0.36,técnico
pull,8,12,0.032,0.024,0.36,técnico
hands,17,28,0.068,0.057,0.35,técnico
videos,58,126,0.233,0.255,0.35,crítico
echo,17,28,0.068,0.057,0.35,técnico
resolve,17,28,0.068,0.057,0.35,técnico
hundreds,5,7,0.02,0.014,0.34,técnico
forces,27,61,0.108,0.124,0.34,crítico
masses,5,7,0.02,0.014,0.34,técnico
preparedness,5,7,0.02,0.014,0.34,técnico
stores,5,7,0.02,0.014,0.34,técnico
attain,5,7,0.02,0.014,0.34,técnico
safely,5,7,0.02,0.014,0.34,técnico
aiding,5,7,0.02,0.014,0.34,técnico
undergone,5,7,0.02,0.014,0.34,técnico
shortage,5,7,0.02,0.014,0.34,técnico
falling,5,7,0.02,0.014,0.34,técnico
fresh,5,7,0.02,0.014,0.34,técnico
decay,5,7,0.02,0.014,0.34,técnico
susceptibility,4,11,0.016,0.022,0.33,crítico
tracked,4,11,0.016,0.022,0.33,crítico
confined,4,11,0.016,0.022,0.33,crítico
substitution,4,11,0.016,0.022,0.33,crítico
avenue,4,11,0.016,0.022,0.33,crítico
anticipating,4,11,0.016,0.022,0.33,crítico
regenerative,4,11,0.016,0.022,0.33,crítico
stresses,4,11,0.016,0.022,0.33,crítico
combating,4,11,0.016,0.022,0.33,crítico
descriptions,18,30,0.072,0.061,0.33,técnico
impose,4,11,0.016,0.022,0.33,crítico
competent,4,11,0.016,0.022,0.33,crítico
senior,4,11,0.016,0.022,0.33,crítico
currency,4,11,0.016,0.022,0.33,crítico
disease,37,82,0.148,0.166,0.33,crítico
medium,28,63,0.112,0.128,0.33,crítico
labelled,4,11,0.016,0.022,0.33,crítico
lacking,13,31,0.052,0.063,0.33,crítico
reaction,18,30,0.072,0.061,0.33,técnico
interacted,4,11,0.016,0.022,0.33,crítico
fossil,4,11,0.016,0.022,0.33,crítico
films,4,11,0.016,0.022,0.33,crítico
happen,4,11,0.016,0.022,0.33,crítico
loan,4,11,0.016,0.022,0.33,crítico
nearly,13,31,0.052,0.063,0.33,crítico
bigger,4,11,0.016,0.022,0.33,crítico
resulted,20,46,0.08,0.093,0.32,crítico
quantified,8,20,0.032,0.041,0.32,crítico
strengths,13,21,0.052,0.043,0.32,técnico
down,39,86,0.156,0.174,0.32,crítico
powers,8,20,0.032,0.041,0.32,crítico
proposal,24,41,0.096,0.083,0.32,técnico
offs,8,20,0.032,0.041,0.32,crítico
posed,20,46,0.08,0.093,0.32,crítico
program,46,82,0.184,0.166,0.32,técnico
met,8,20,0.032,0.041,0.32,crítico
displayed,8,20,0.032,0.041,0.32,crítico
submitted,9,14,0.036,0.028,0.31,técnico
rest,9,14,0.036,0.028,0.31,técnico
pivotal,14,33,0.056,0.067,0.31,crítico
maintained,14,33,0.056,0.067,0.31,crítico
dark,14,33,0.056,0.067,0.31,crítico
researched,9,14,0.036,0.028,0.31,técnico
yielded,9,14,0.036,0.028,0.31,técnico
terrain,14,23,0.056,0.047,0.3,técnico
film,14,23,0.056,0.047,0.3,técnico
causal,32,56,0.128,0.114,0.3,técnico
relatively,44,96,0.176,0.195,0.29,crítico
store,9,22,0.036,0.045,0.29,crítico
evolve,9,22,0.036,0.045,0.29,crítico
signify,2,6,0.008,0.012,0.28,crítico
organising,2,6,0.008,0.012,0.28,crítico
stops,2,6,0.008,0.012,0.28,crítico
disposal,5,13,0.02,0.026,0.28,crítico
deployments,2,6,0.008,0.012,0.28,crítico
harnessed,2,6,0.008,0.012,0.28,crítico
unusual,2,6,0.008,0.012,0.28,crítico
genes,2,6,0.008,0.012,0.28,crítico
dialogues,2,6,0.008,0.012,0.28,crítico
classrooms,2,6,0.008,0.012,0.28,crítico
enriches,5,13,0.02,0.026,0.28,crítico
organ,2,6,0.008,0.012,0.28,crítico
hinge,2,6,0.008,0.012,0.28,crítico
mediums,2,6,0.008,0.012,0.28,crítico
import,2,6,0.008,0.012,0.28,crítico
minimise,2,6,0.008,0.012,0.28,crítico
revise,2,6,0.008,0.012,0.28,crítico
studio,2,6,0.008,0.012,0.28,crítico
geospatial,2,6,0.008,0.012,0.28,crítico
situation,42,75,0.168,0.152,0.28,técnico
mindset,2,6,0.008,0.012,0.28,crítico
oral,5,13,0.02,0.026,0.28,crítico
digitalisation,5,13,0.02,0.026,0.28,crítico
assemblies,2,6,0.008,0.012,0.28,crítico
publisher,2,6,0.008,0.012,0.28,crítico
fulfil,2,6,0.008,0.012,0.28,crítico
johnson,2,6,0.008,0.012,0.28,crítico
intensities,2,6,0.008,0.012,0.28,crítico
projecting,2,6,0.008,0.012,0.28,crítico
utilised,2,6,0.008,0.012,0.28,crítico
narrower,2,6,0.008,0.012,0.28,crítico
conduit,2,6,0.008,0.012,0.28,crítico
experimented,2,6,0.008,0.012,0.28,crítico
converged,2,6,0.008,0.012,0.28,crítico
architect,2,6,0.008,0.012,0.28,crítico
flattening,2,6,0.008,0.012,0.28,crítico
taxi,2,6,0.008,0.012,0.28,crítico
dog,2,6,0.008,0.012,0.28,crítico
delineating,2,6,0.008,0.012,0.28,crítico
underground,5,13,0.02,0.026,0.28,crítico
apt,2,6,0.008,0.012,0.28,crítico
ecologically,2,6,0.008,0.012,0.28,crítico
va,2,6,0.008,0.012,0.28,crítico
ample,2,6,0.008,0.012,0.28,crítico
timeliness,2,6,0.008,0.012,0.28,crítico
tagged,2,6,0.008,0.012,0.28,crítico
info,2,6,0.008,0.012,0.28,crítico
incapable,2,6,0.008,0.012,0.28,crítico
allocated,2,6,0.008,0.012,0.28,crítico
permissive,2,6,0.008,0.012,0.28,crítico
warrants,2,6,0.008,0.012,0.28,crítico
encapsulate,2,6,0.008,0.012,0.28,crítico
constellation,5,13,0.02,0.026,0.28,crítico
violating,2,6,0.008,0.012,0.28,crítico
inability,5,13,0.02,0.026,0.28,crítico
weakening,2,6,0.008,0.012,0.28,crítico
denote,2,6,0.008,0.012,0.28,crítico
productions,2,6,0.008,0.012,0.28,crítico
weaker,2,6,0.008,0.012,0.28,crítico
player,10,16,0.04,0.032,0.27,técnico
fields,94,174,0.377,0.353,0.27,técnico
immense,6,9,0.024,0.018,0.27,técnico
reductions,6,9,0.024,0.018,0.27,técnico
pool,10,16,0.04,0.032,0.27,técnico
fairly,6,9,0.024,0.018,0.27,técnico
confirms,6,9,0.024,0.018,0.27,técnico
excessive,10,16,0.04,0.032,0.27,técnico
distinguishing,10,24,0.04,0.049,0.27,crítico
chose,6,9,0.024,0.018,0.27,técnico
manipulated,10,24,0.04,0.049,0.27,crítico
symmetry,6,9,0.024,0.018,0.27,técnico
disruptions,6,9,0.024,0.018,0.27,técnico
spanning,10,16,0.04,0.032,0.27,técnico
sounds,10,16,0.04,0.032,0.27,técnico
devised,6,9,0.024,0.018,0.27,técnico
minor,6,9,0.024,0.018,0.27,técnico
viability,6,9,0.024,0.018,0.27,técnico
combat,10,24,0.04,0.049,0.27,crítico
backlash,6,9,0.024,0.018,0.27,técnico
designer,6,9,0.024,0.018,0.27,técnico
tightly,6,9,0.024,0.018,0.27,técnico
visualizing,6,9,0.024,0.018,0.27,técnico
counterpart,6,9,0.024,0.018,0.27,técnico
describes,49,106,0.197,0.215,0.27,crítico
invariance,3,4,0.012,0.008,0.26,técnico
charges,3,4,0.012,0.008,0.26,técnico
sorted,3,4,0.012,0.008,0.26,técnico
inventory,3,4,0.012,0.008,0.26,técnico
travelling,3,4,0.012,0.008,0.26,técnico
attaching,3,4,0.012,0.008,0.26,técnico
eleven,3,4,0.012,0.008,0.26,técnico
quarter,3,4,0.012,0.008,0.26,técnico
vast,17,39,0.068,0.079,0.26,crítico
cov,3,4,0.012,0.008,0.26,técnico
necessitate,3,4,0.012,0.008,0.26,técnico
face,113,237,0.453,0.48,0.26,crítico
blueprint,3,4,0.012,0.008,0.26,técnico
snapshot,3,4,0.012,0.008,0.26,técnico
specifically,135,253,0.541,0.513,0.26,técnico
hall,3,4,0.012,0.008,0.26,técnico
correlating,3,4,0.012,0.008,0.26,técnico
mysterious,3,4,0.012,0.008,0.26,técnico
entries,3,4,0.012,0.008,0.26,técnico
upgrade,3,4,0.012,0.008,0.26,técnico
inferring,3,4,0.012,0.008,0.26,técnico
cms,3,4,0.012,0.008,0.26,técnico
says,3,4,0.012,0.008,0.26,técnico
fun,3,4,0.012,0.008,0.26,técnico
reusability,3,4,0.012,0.008,0.26,técnico
banner,3,4,0.012,0.008,0.26,técnico
included,38,83,0.152,0.168,0.26,crítico
unfamiliar,3,4,0.012,0.008,0.26,técnico
emulated,3,4,0.012,0.008,0.26,técnico
confident,3,4,0.012,0.008,0.26,técnico
recursively,3,4,0.012,0.008,0.26,técnico
miss,3,4,0.012,0.008,0.26,técnico
denied,3,4,0.012,0.008,0.26,técnico
disturb,3,4,0.012,0.008,0.26,técnico
replicating,3,4,0.012,0.008,0.26,técnico
basin,3,4,0.012,0.008,0.26,técnico
induces,3,4,0.012,0.008,0.26,técnico
understandable,3,4,0.012,0.008,0.26,técnico
polluted,3,4,0.012,0.008,0.26,técnico
axiomatic,3,4,0.012,0.008,0.26,técnico
fi,3,4,0.012,0.008,0.26,técnico
protocols,22,38,0.088,0.077,0.25,técnico
encouraging,11,26,0.044,0.053,0.25,crítico
llm,22,38,0.088,0.077,0.25,técnico
answer,27,60,0.108,0.122,0.25,crítico
days,16,27,0.064,0.055,0.25,técnico
sophisticated,18,41,0.072,0.083,0.25,crítico
revisit,6,15,0.024,0.03,0.24,crítico
proprietary,11,18,0.044,0.036,0.24,técnico
apart,11,18,0.044,0.036,0.24,técnico
successful,39,70,0.156,0.142,0.24,técnico
reliably,6,15,0.024,0.03,0.24,crítico
ride,6,15,0.024,0.03,0.24,crítico
matches,6,15,0.024,0.03,0.24,crítico
prospective,11,18,0.044,0.036,0.24,técnico
storing,6,15,0.024,0.03,0.24,crítico
consideration,40,72,0.16,0.146,0.23,técnico
hindered,7,11,0.028,0.022,0.22,técnico
varies,12,20,0.048,0.041,0.22,técnico
rewards,7,11,0.028,0.022,0.22,técnico
significance,47,101,0.188,0.205,0.22,crítico
giving,22,49,0.088,0.099,0.22,crítico
recordings,12,20,0.048,0.041,0.22,técnico
instrument,21,47,0.084,0.095,0.22,crítico
regional,21,47,0.084,0.095,0.22,crítico
biometric,18,31,0.072,0.063,0.22,técnico
keeping,14,32,0.056,0.065,0.21,crítico
dangerous,7,17,0.028,0.034,0.21,crítico
major,85,158,0.341,0.32,0.21,técnico
examples,73,135,0.293,0.274,0.21,técnico
strongly,14,32,0.056,0.065,0.21,crítico
manager,3,8,0.012,0.016,0.2,crítico
library,19,33,0.076,0.067,0.2,técnico
evaluators,3,8,0.012,0.016,0.2,crítico
likewise,3,8,0.012,0.016,0.2,crítico
nudge,3,8,0.012,0.016,0.2,crítico
alternate,3,8,0.012,0.016,0.2,crítico
exhibiting,3,8,0.012,0.016,0.2,crítico
lowering,3,8,0.012,0.016,0.2,crítico
notifications,3,8,0.012,0.016,0.2,crítico
intend,3,8,0.012,0.016,0.2,crítico
polish,3,8,0.012,0.016,0.2,crítico
vote,3,8,0.012,0.016,0.2,crítico
concentration,13,22,0.052,0.045,0.2,técnico
terrains,3,8,0.012,0.016,0.2,crítico
overlooks,3,8,0.012,0.016,0.2,crítico
complementarity,3,8,0.012,0.016,0.2,crítico
attentional,3,8,0.012,0.016,0.2,crítico
telepresence,3,8,0.012,0.016,0.2,crítico
spending,3,8,0.012,0.016,0.2,crítico
restricting,3,8,0.012,0.016,0.2,crítico
blockchain,24,53,0.096,0.107,0.2,crítico
cognitively,3,8,0.012,0.016,0.2,crítico
reviews,38,82,0.152,0.166,0.2,crítico
indicated,27,48,0.108,0.097,0.2,técnico
respective,16,36,0.064,0.073,0.19,crítico
databases,26,57,0.104,0.116,0.19,crítico
danger,8,19,0.032,0.039,0.19,crítico
banking,8,13,0.032,0.026,0.19,técnico
enrich,8,19,0.032,0.039,0.19,crítico
currently,61,129,0.245,0.261,0.19,crítico
banks,8,13,0.032,0.026,0.19,técnico
green,8,19,0.032,0.039,0.19,crítico
urgent,16,36,0.064,0.073,0.19,crítico
conducts,8,19,0.032,0.039,0.19,crítico
freedom,37,67,0.148,0.136,0.19,técnico
correspondence,8,13,0.032,0.026,0.19,técnico
rated,8,19,0.032,0.039,0.19,crítico
brain,37,67,0.148,0.136,0.19,técnico
markers,8,13,0.032,0.026,0.19,técnico
essentially,8,13,0.032,0.026,0.19,técnico
altered,8,13,0.032,0.026,0.19,técnico
ordering,8,19,0.032,0.039,0.19,crítico
telecommunications,4,6,0.016,0.012,0.18,técnico
movies,4,6,0.016,0.012,0.18,técnico
forget,4,6,0.016,0.012,0.18,técnico
predetermined,4,6,0.016,0.012,0.18,técnico
default,9,21,0.036,0.043,0.18,crítico
symmetrical,4,6,0.016,0.012,0.18,técnico
respect,48,88,0.192,0.178,0.18,técnico
compiled,4,6,0.016,0.012,0.18,técnico
follow,29,63,0.116,0.128,0.18,crítico
extremity,4,6,0.016,0.012,0.18,técnico
adopts,14,24,0.056,0.049,0.18,técnico
converging,4,6,0.016,0.012,0.18,técnico
cascading,4,6,0.016,0.012,0.18,técnico
beneficial,17,38,0.068,0.077,0.18,crítico
displays,9,21,0.036,0.043,0.18,crítico
specimens,4,6,0.016,0.012,0.18,técnico
buying,4,6,0.016,0.012,0.18,técnico
send,4,6,0.016,0.012,0.18,técnico
scaffolds,4,6,0.016,0.012,0.18,técnico
profile,40,73,0.16,0.148,0.17,técnico
counterparts,10,23,0.04,0.047,0.16,crítico
fulfilling,4,10,0.016,0.02,0.16,crítico
silent,4,10,0.016,0.02,0.16,crítico
ambient,9,15,0.036,0.03,0.16,técnico
rating,9,15,0.036,0.03,0.16,técnico
graphic,4,10,0.016,0.02,0.16,crítico
paradigm,33,71,0.132,0.144,0.16,crítico
fuels,4,10,0.016,0.02,0.16,crítico
coordinating,4,10,0.016,0.02,0.16,crítico
comprehend,4,10,0.016,0.02,0.16,crítico
interpreting,15,26,0.06,0.053,0.16,técnico
probes,4,10,0.016,0.02,0.16,crítico
parity,4,10,0.016,0.02,0.16,crítico
patterned,4,10,0.016,0.02,0.16,crítico
evidential,4,10,0.016,0.02,0.16,crítico
return,10,23,0.04,0.047,0.16,crítico
immersive,10,23,0.04,0.047,0.16,crítico
routes,9,15,0.036,0.03,0.16,técnico
straightforward,9,15,0.036,0.03,0.16,técnico
physiological,9,15,0.036,0.03,0.16,técnico
famous,4,10,0.016,0.02,0.16,crítico
depth,111,230,0.445,0.466,0.16,crítico
imposed,15,26,0.06,0.053,0.16,técnico
visualisation,4,10,0.016,0.02,0.16,crítico
chemical,19,42,0.076,0.085,0.16,crítico
lead,82,171,0.329,0.347,0.15,crítico
another,55,116,0.221,0.235,0.15,crítico
observing,11,25,0.044,0.051,0.15,crítico
assisted,24,43,0.096,0.087,0.15,técnico
unpredictable,11,25,0.044,0.051,0.15,crítico
converge,11,25,0.044,0.051,0.15,crítico
plans,16,28,0.064,0.057,0.15,técnico
products,66,123,0.265,0.249,0.15,técnico
employ,36,77,0.144,0.156,0.15,crítico
sides,5,12,0.02,0.024,0.14,crítico
binding,5,8,0.02,0.016,0.14,técnico
concurrently,5,8,0.02,0.016,0.14,técnico
fraudulent,5,12,0.02,0.024,0.14,crítico
glass,5,12,0.02,0.024,0.14,crítico
captions,5,8,0.02,0.016,0.14,técnico
characterize,26,47,0.104,0.095,0.14,técnico
mitigated,5,8,0.02,0.016,0.14,técnico
guide,41,87,0.164,0.176,0.14,crítico
avs,5,12,0.02,0.024,0.14,crítico
composition,17,30,0.068,0.061,0.14,técnico
unexplored,5,12,0.02,0.024,0.14,crítico
repetition,5,8,0.02,0.016,0.14,técnico
stabilized,5,12,0.02,0.024,0.14,crítico
roadmap,5,12,0.02,0.024,0.14,crítico
manufacture,5,8,0.02,0.016,0.14,técnico
threatening,5,8,0.02,0.016,0.14,técnico
pictures,10,17,0.04,0.034,0.14,técnico
portion,5,8,0.02,0.016,0.14,técnico
appearing,5,8,0.02,0.016,0.14,técnico
draft,5,8,0.02,0.016,0.14,técnico
assembling,5,8,0.02,0.016,0.14,técnico
paired,10,17,0.04,0.034,0.14,técnico
probe,5,8,0.02,0.016,0.14,técnico
paradigms,13,29,0.052,0.059,0.13,crítico
symptoms,11,19,0.044,0.039,0.13,técnico
causality,11,19,0.044,0.039,0.13,técnico
generated,153,292,0.614,0.592,0.13,técnico
involving,46,97,0.184,0.197,0.13,crítico
possibly,11,19,0.044,0.039,0.13,técnico
augment,6,14,0.024,0.028,0.12,crítico
compromise,6,14,0.024,0.028,0.12,crítico
assembled,6,14,0.024,0.028,0.12,crítico
none,6,14,0.024,0.028,0.12,crítico
trials,15,33,0.06,0.067,0.12,crítico
visualize,6,14,0.024,0.028,0.12,crítico
river,6,14,0.024,0.028,0.12,crítico
accommodate,6,14,0.024,0.028,0.12,crítico
success,50,105,0.201,0.213,0.12,crítico
replace,14,31,0.056,0.063,0.12,crítico
gaining,14,31,0.056,0.063,0.12,crítico
witnessed,6,14,0.024,0.028,0.12,crítico
usual,6,14,0.024,0.028,0.12,crítico
differentiation,6,14,0.024,0.028,0.12,crítico
trait,6,14,0.024,0.028,0.12,crítico
multidimensional,14,31,0.056,0.063,0.12,crítico
travel,19,34,0.076,0.069,0.12,técnico
homes,6,10,0.024,0.02,0.11,técnico
coastal,6,10,0.024,0.02,0.11,técnico
incorrect,6,10,0.024,0.02,0.11,técnico
either,59,123,0.237,0.249,0.11,crítico
rehabilitation,6,10,0.024,0.02,0.11,técnico
mounting,6,10,0.024,0.02,0.11,técnico
appealing,6,10,0.024,0.02,0.11,técnico
collect,17,37,0.068,0.075,0.11,crítico
friendly,12,21,0.048,0.043,0.11,técnico
customization,6,10,0.024,0.02,0.11,técnico
breakdown,6,10,0.024,0.02,0.11,técnico
tax,7,16,0.028,0.032,0.1,crítico
mortality,7,16,0.028,0.032,0.1,crítico
transforms,13,23,0.052,0.047,0.1,técnico
agree,7,16,0.028,0.032,0.1,crítico
logistics,7,16,0.028,0.032,0.1,crítico
constructive,7,16,0.028,0.032,0.1,crítico
neglect,7,16,0.028,0.032,0.1,crítico
transactions,7,16,0.028,0.032,0.1,crítico
view,125,239,0.501,0.484,0.1,técnico
regarded,13,23,0.052,0.047,0.1,técnico
endorsed,2,3,0.008,0.006,0.09,técnico
declare,2,3,0.008,0.006,0.09,técnico
optimise,2,3,0.008,0.006,0.09,técnico
operates,21,45,0.084,0.091,0.09,crítico
mimetic,2,3,0.008,0.006,0.09,técnico
plain,2,3,0.008,0.006,0.09,técnico
rivalry,2,3,0.008,0.006,0.09,técnico
gauge,2,3,0.008,0.006,0.09,técnico
reads,2,3,0.008,0.006,0.09,técnico
placing,8,18,0.032,0.036,0.09,crítico
lacked,2,3,0.008,0.006,0.09,técnico
sheets,2,3,0.008,0.006,0.09,técnico
novice,2,3,0.008,0.006,0.09,técnico
distraction,2,3,0.008,0.006,0.09,técnico
manipulate,7,12,0.028,0.024,0.09,técnico
cater,2,3,0.008,0.006,0.09,técnico
cautiously,2,3,0.008,0.006,0.09,técnico
greatest,7,12,0.028,0.024,0.09,técnico
sensed,2,3,0.008,0.006,0.09,técnico
pairing,2,3,0.008,0.006,0.09,técnico
tropical,2,3,0.008,0.006,0.09,técnico
host,8,18,0.032,0.036,0.09,crítico
housed,2,3,0.008,0.006,0.09,técnico
paved,2,3,0.008,0.006,0.09,técnico
steep,2,3,0.008,0.006,0.09,técnico
joins,2,3,0.008,0.006,0.09,técnico
cite,2,3,0.008,0.006,0.09,técnico
viewpoint,7,12,0.028,0.024,0.09,técnico
undoubtedly,2,3,0.008,0.006,0.09,técnico
tertiary,2,3,0.008,0.006,0.09,técnico
your,8,18,0.032,0.036,0.09,crítico
reader,7,12,0.028,0.024,0.09,técnico
bureau,2,3,0.008,0.006,0.09,técnico
underestimated,2,3,0.008,0.006,0.09,técnico
susceptible,7,12,0.028,0.024,0.09,técnico
intelligibility,7,12,0.028,0.024,0.09,técnico
transversal,2,3,0.008,0.006,0.09,técnico
emergencies,2,3,0.008,0.006,0.09,técnico
augments,2,3,0.008,0.006,0.09,técnico
heads,2,3,0.008,0.006,0.09,técnico
swift,2,3,0.008,0.006,0.09,técnico
limitless,2,3,0.008,0.006,0.09,técnico
watch,7,12,0.028,0.024,0.09,técnico
varied,22,47,0.088,0.095,0.09,crítico
informatics,2,3,0.008,0.006,0.09,técnico
associating,2,3,0.008,0.006,0.09,técnico
intact,2,3,0.008,0.006,0.09,técnico
cord,2,3,0.008,0.006,0.09,técnico
consumed,7,12,0.028,0.024,0.09,técnico
initiates,2,3,0.008,0.006,0.09,técnico
continuing,2,3,0.008,0.006,0.09,técnico
unavoidable,2,3,0.008,0.006,0.09,técnico
insects,2,3,0.008,0.006,0.09,técnico
wanted,2,3,0.008,0.006,0.09,técnico
inductive,8,18,0.032,0.036,0.09,crítico
prohibited,2,3,0.008,0.006,0.09,técnico
upgrading,2,3,0.008,0.006,0.09,técnico
folds,2,3,0.008,0.006,0.09,técnico
restrict,7,12,0.028,0.024,0.09,técnico
dosage,2,3,0.008,0.006,0.09,técnico
tethered,2,3,0.008,0.006,0.09,técnico
resonances,2,3,0.008,0.006,0.09,técnico
undertakes,2,3,0.008,0.006,0.09,técnico
misalignments,2,3,0.008,0.006,0.09,técnico
enclosed,2,3,0.008,0.006,0.09,técnico
awkward,2,3,0.008,0.006,0.09,técnico
allocating,2,3,0.008,0.006,0.09,técnico
paint,2,3,0.008,0.006,0.09,técnico
term,161,328,0.646,0.665,0.09,crítico
drastic,2,3,0.008,0.006,0.09,técnico
incoming,2,3,0.008,0.006,0.09,técnico
complimentary,2,3,0.008,0.006,0.09,técnico
renowned,2,3,0.008,0.006,0.09,técnico
administrator,2,3,0.008,0.006,0.09,técnico
probable,2,3,0.008,0.006,0.09,técnico
incredibly,2,3,0.008,0.006,0.09,técnico
teleoperated,2,3,0.008,0.006,0.09,técnico
sure,2,3,0.008,0.006,0.09,técnico
unsafe,2,5,0.008,0.01,0.08,crítico
heuristics,10,22,0.04,0.045,0.08,crítico
links,25,46,0.1,0.093,0.08,técnico
himself,2,5,0.008,0.01,0.08,crítico
hinges,2,5,0.008,0.01,0.08,crítico
lines,38,71,0.152,0.144,0.08,técnico
foremost,2,5,0.008,0.01,0.08,crítico
infection,2,5,0.008,0.01,0.08,crítico
integrity,26,48,0.104,0.097,0.08,técnico
freeing,2,5,0.008,0.01,0.08,crítico
whatever,2,5,0.008,0.01,0.08,crítico
visionary,2,5,0.008,0.01,0.08,crítico
virginia,2,5,0.008,0.01,0.08,crítico
imperialist,2,5,0.008,0.01,0.08,crítico
gateway,2,5,0.008,0.01,0.08,crítico
immanent,2,5,0.008,0.01,0.08,crítico
wired,2,5,0.008,0.01,0.08,crítico
workable,2,5,0.008,0.01,0.08,crítico
holistically,2,5,0.008,0.01,0.08,crítico
greece,2,5,0.008,0.01,0.08,crítico
fits,8,14,0.032,0.028,0.08,técnico
outweigh,2,5,0.008,0.01,0.08,crítico
optics,2,5,0.008,0.01,0.08,crítico
motive,2,5,0.008,0.01,0.08,crítico
symptom,2,5,0.008,0.01,0.08,crítico
minute,2,5,0.008,0.01,0.08,crítico
paced,2,5,0.008,0.01,0.08,crítico
missing,28,59,0.112,0.12,0.08,crítico
pick,2,5,0.008,0.01,0.08,crítico
submit,2,5,0.008,0.01,0.08,crítico
arises,10,22,0.04,0.045,0.08,crítico
assess,59,122,0.237,0.247,0.08,crítico
benefiting,2,5,0.008,0.01,0.08,crítico
sensation,2,5,0.008,0.01,0.08,crítico
regimen,2,5,0.008,0.01,0.08,crítico
dissolution,2,5,0.008,0.01,0.08,crítico
rectify,2,5,0.008,0.01,0.08,crítico
austrian,2,5,0.008,0.01,0.08,crítico
course,25,53,0.1,0.107,0.08,crítico
probably,2,5,0.008,0.01,0.08,crítico
schemas,2,5,0.008,0.01,0.08,crítico
notification,2,5,0.008,0.01,0.08,crítico
modernization,2,5,0.008,0.01,0.08,crítico
circumventing,2,5,0.008,0.01,0.08,crítico
prosperity,2,5,0.008,0.01,0.08,crítico
portraits,2,5,0.008,0.01,0.08,crítico
annually,2,5,0.008,0.01,0.08,crítico
sad,2,5,0.008,0.01,0.08,crítico
delve,2,5,0.008,0.01,0.08,crítico
attenuated,2,5,0.008,0.01,0.08,crítico
ending,2,5,0.008,0.01,0.08,crítico
phenotype,2,5,0.008,0.01,0.08,crítico
martin,2,5,0.008,0.01,0.08,crítico
borne,2,5,0.008,0.01,0.08,crítico
reorganization,2,5,0.008,0.01,0.08,crítico
dates,2,5,0.008,0.01,0.08,crítico
departments,2,5,0.008,0.01,0.08,crítico
opting,2,5,0.008,0.01,0.08,crítico
university,54,102,0.217,0.207,0.08,técnico
personnel,10,22,0.04,0.045,0.08,crítico
successes,2,5,0.008,0.01,0.08,crítico
alignments,2,5,0.008,0.01,0.08,crítico
enrolling,2,5,0.008,0.01,0.08,crítico
unifying,2,5,0.008,0.01,0.08,crítico
passengers,2,5,0.008,0.01,0.08,crítico
educating,2,5,0.008,0.01,0.08,crítico
david,2,5,0.008,0.01,0.08,crítico
regularity,2,5,0.008,0.01,0.08,crítico
arrange,2,5,0.008,0.01,0.08,crítico
tackles,2,5,0.008,0.01,0.08,crítico
metacognitive,2,5,0.008,0.01,0.08,crítico
enjoyed,2,5,0.008,0.01,0.08,crítico
canon,2,5,0.008,0.01,0.08,crítico
dearth,2,5,0.008,0.01,0.08,crítico
orientated,2,5,0.008,0.01,0.08,crítico
educators,12,26,0.048,0.053,0.07,crítico
recursive,17,31,0.068,0.063,0.07,técnico
perfect,12,26,0.048,0.053,0.07,crítico
transition,35,73,0.14,0.148,0.07,crítico
once,30,56,0.12,0.114,0.07,técnico
hyper,11,24,0.044,0.049,0.07,crítico
mathematics,11,24,0.044,0.049,0.07,crítico
plausible,9,16,0.036,0.032,0.07,técnico
spiral,9,16,0.036,0.032,0.07,técnico
scarcity,9,16,0.036,0.032,0.07,técnico
cannot,81,166,0.325,0.336,0.07,crítico
ones,29,54,0.116,0.109,0.07,técnico
cycling,3,7,0.012,0.014,0.06,crítico
adequacy,3,7,0.012,0.014,0.06,crítico
tank,3,7,0.012,0.014,0.06,crítico
adds,10,18,0.04,0.036,0.06,técnico
teaming,3,7,0.012,0.014,0.06,crítico
reinforced,10,18,0.04,0.036,0.06,técnico
tackled,3,7,0.012,0.014,0.06,crítico
tv,15,32,0.06,0.065,0.06,crítico
profitability,3,7,0.012,0.014,0.06,crítico
fragmented,13,28,0.052,0.057,0.06,crítico
incongruent,3,7,0.012,0.014,0.06,crítico
nonprofit,3,7,0.012,0.014,0.06,crítico
internally,3,7,0.012,0.014,0.06,crítico
obfuscation,3,7,0.012,0.014,0.06,crítico
probing,3,7,0.012,0.014,0.06,crítico
perfectly,3,7,0.012,0.014,0.06,crítico
intangible,3,7,0.012,0.014,0.06,crítico
reproducible,3,7,0.012,0.014,0.06,crítico
yellow,3,7,0.012,0.014,0.06,crítico
heterogeneity,16,34,0.064,0.069,0.06,crítico
hierarchy,14,30,0.056,0.061,0.06,crítico
issued,3,7,0.012,0.014,0.06,crítico
categorizing,3,7,0.012,0.014,0.06,crítico
upholding,3,7,0.012,0.014,0.06,crítico
settlement,3,7,0.012,0.014,0.06,crítico
filled,3,7,0.012,0.014,0.06,crítico
thin,10,18,0.04,0.036,0.06,técnico
back,38,79,0.152,0.16,0.06,crítico
slightly,10,18,0.04,0.036,0.06,técnico
longevity,3,7,0.012,0.014,0.06,crítico
stock,10,18,0.04,0.036,0.06,técnico
embeds,3,7,0.012,0.014,0.06,crítico
elucidating,3,7,0.012,0.014,0.06,crítico
coexistence,10,18,0.04,0.036,0.06,técnico
coherent,15,32,0.06,0.065,0.06,crítico
impactful,3,7,0.012,0.014,0.06,crítico
struggling,3,7,0.012,0.014,0.06,crítico
reviewed,15,32,0.06,0.065,0.06,crítico
personalize,3,7,0.012,0.014,0.06,crítico
compares,14,30,0.056,0.061,0.06,crítico
agreement,13,28,0.052,0.057,0.06,crítico
editor,3,7,0.012,0.014,0.06,crítico
sophistication,3,7,0.012,0.014,0.06,crítico
unidirectional,3,7,0.012,0.014,0.06,crítico
pertains,3,5,0.012,0.01,0.05,técnico
portable,3,5,0.012,0.01,0.05,técnico
phased,3,5,0.012,0.01,0.05,técnico
polarisation,3,5,0.012,0.01,0.05,técnico
portals,3,5,0.012,0.01,0.05,técnico
intrinsically,3,5,0.012,0.01,0.05,técnico
principally,3,5,0.012,0.01,0.05,técnico
deaths,4,9,0.016,0.018,0.05,crítico
prolonged,3,5,0.012,0.01,0.05,técnico
forensics,4,9,0.016,0.018,0.05,crítico
categorization,11,20,0.044,0.041,0.05,técnico
civilization,3,5,0.012,0.01,0.05,técnico
circular,11,20,0.044,0.041,0.05,técnico
scored,3,5,0.012,0.01,0.05,técnico
choose,18,38,0.072,0.077,0.05,crítico
hubs,4,9,0.016,0.018,0.05,crítico
characterizes,4,9,0.016,0.018,0.05,crítico
stars,3,5,0.012,0.01,0.05,técnico
stabilizes,3,5,0.012,0.01,0.05,técnico
catching,3,5,0.012,0.01,0.05,técnico
streams,11,20,0.044,0.041,0.05,técnico
shortcoming,3,5,0.012,0.01,0.05,técnico
spite,4,9,0.016,0.018,0.05,crítico
heterogenous,3,5,0.012,0.01,0.05,técnico
buy,4,9,0.016,0.018,0.05,crítico
sixteen,3,5,0.012,0.01,0.05,técnico
hampered,3,5,0.012,0.01,0.05,técnico
breakthrough,3,5,0.012,0.01,0.05,técnico
breaks,3,5,0.012,0.01,0.05,técnico
rounds,3,5,0.012,0.01,0.05,técnico
clothing,4,9,0.016,0.018,0.05,crítico
addressed,37,70,0.148,0.142,0.05,técnico
conducting,22,46,0.088,0.093,0.05,crítico
provisions,3,5,0.012,0.01,0.05,técnico
atmosphere,3,5,0.012,0.01,0.05,técnico
consortium,3,5,0.012,0.01,0.05,técnico
symbiosis,3,5,0.012,0.01,0.05,técnico
augmenting,3,5,0.012,0.01,0.05,técnico
conjecture,3,5,0.012,0.01,0.05,técnico
reconstructs,4,9,0.016,0.018,0.05,crítico
confusion,11,20,0.044,0.041,0.05,técnico
conducive,4,9,0.016,0.018,0.05,crítico
accordingly,21,44,0.084,0.089,0.05,crítico
comply,3,5,0.012,0.01,0.05,técnico
summarizing,3,5,0.012,0.01,0.05,técnico
complications,3,5,0.012,0.01,0.05,técnico
inappropriate,4,9,0.016,0.018,0.05,crítico
reside,3,5,0.012,0.01,0.05,técnico
substantiated,3,5,0.012,0.01,0.05,técnico
resolving,3,5,0.012,0.01,0.05,técnico
communicated,4,9,0.016,0.018,0.05,crítico
functionalities,11,20,0.044,0.041,0.05,técnico
southern,4,9,0.016,0.018,0.05,crítico
loose,3,5,0.012,0.01,0.05,técnico
panels,3,5,0.012,0.01,0.05,técnico
multiply,3,5,0.012,0.01,0.05,técnico
echoes,4,9,0.016,0.018,0.05,crítico
liveness,3,5,0.012,0.01,0.05,técnico
expect,11,20,0.044,0.041,0.05,técnico
nested,3,5,0.012,0.01,0.05,técnico
urgently,4,9,0.016,0.018,0.05,crítico
valued,17,36,0.068,0.073,0.05,crítico
modulate,4,9,0.016,0.018,0.05,crítico
empowers,3,5,0.012,0.01,0.05,técnico
trigger,11,20,0.044,0.041,0.05,técnico
mountain,3,5,0.012,0.01,0.05,técnico
excellence,4,9,0.016,0.018,0.05,crítico
listed,3,5,0.012,0.01,0.05,técnico
everyone,4,9,0.016,0.018,0.05,crítico
mistakes,4,9,0.016,0.018,0.05,crítico
unlock,4,9,0.016,0.018,0.05,crítico
unrelated,4,9,0.016,0.018,0.05,crítico
trap,3,5,0.012,0.01,0.05,técnico
versions,17,36,0.068,0.073,0.05,crítico
misaligned,3,5,0.012,0.01,0.05,técnico
metacognition,3,5,0.012,0.01,0.05,técnico
confrontation,5,11,0.02,0.022,0.04,crítico
disentangle,4,7,0.016,0.014,0.04,técnico
replacement,13,24,0.052,0.049,0.04,técnico
interactive,45,86,0.18,0.174,0.04,técnico
try,13,24,0.052,0.049,0.04,técnico
wearing,4,7,0.016,0.014,0.04,técnico
lays,4,7,0.016,0.014,0.04,técnico
recommends,4,7,0.016,0.014,0.04,técnico
adas,4,7,0.016,0.014,0.04,técnico
foreground,12,22,0.048,0.045,0.04,técnico
testbed,4,7,0.016,0.014,0.04,técnico
terms,200,403,0.802,0.817,0.04,crítico
continual,5,11,0.02,0.022,0.04,crítico
prosthetic,4,7,0.016,0.014,0.04,técnico
processors,5,11,0.02,0.022,0.04,crítico
prevent,26,49,0.104,0.099,0.04,técnico
nevertheless,25,52,0.1,0.105,0.04,crítico
assimilation,5,11,0.02,0.022,0.04,crítico
decentralized,14,26,0.056,0.053,0.04,técnico
unconscious,4,7,0.016,0.014,0.04,técnico
merit,4,7,0.016,0.014,0.04,técnico
campus,4,7,0.016,0.014,0.04,técnico
bases,4,7,0.016,0.014,0.04,técnico
loops,12,22,0.048,0.045,0.04,técnico
strike,4,7,0.016,0.014,0.04,técnico
almost,26,49,0.104,0.099,0.04,técnico
undergo,4,7,0.016,0.014,0.04,técnico
progressively,5,9,0.02,0.018,0.03,técnico
takes,56,114,0.225,0.231,0.03,crítico
sequencing,5,9,0.02,0.018,0.03,técnico
add,17,32,0.068,0.065,0.03,técnico
athletes,6,13,0.024,0.026,0.03,crítico
observation,57,116,0.229,0.235,0.03,crítico
assurance,7,15,0.028,0.03,0.03,crítico
vulnerabilities,15,28,0.06,0.057,0.03,técnico
again,7,15,0.028,0.03,0.03,crítico
worse,5,9,0.02,0.018,0.03,técnico
write,8,17,0.032,0.034,0.03,crítico
hinder,7,15,0.028,0.03,0.03,crítico
lp,5,9,0.02,0.018,0.03,técnico
bottom,15,28,0.06,0.057,0.03,técnico
contours,6,13,0.024,0.026,0.03,crítico
chi,5,9,0.02,0.018,0.03,técnico
grant,5,9,0.02,0.018,0.03,técnico
imitation,5,9,0.02,0.018,0.03,técnico
substitute,6,13,0.024,0.026,0.03,crítico
competitors,5,9,0.02,0.018,0.03,técnico
gather,6,13,0.024,0.026,0.03,crítico
achievements,7,15,0.028,0.03,0.03,crítico
richer,6,13,0.024,0.026,0.03,crítico
completed,17,32,0.068,0.065,0.03,técnico
reject,6,13,0.024,0.026,0.03,crítico
formulations,5,9,0.02,0.018,0.03,técnico
closer,17,32,0.068,0.065,0.03,técnico
illustrative,6,13,0.024,0.026,0.03,crítico
lock,6,13,0.024,0.026,0.03,crítico
sustainable,46,94,0.184,0.191,0.03,crítico
stimulus,5,9,0.02,0.018,0.03,técnico
mitigate,40,82,0.16,0.166,0.03,crítico
revolutionize,5,9,0.02,0.018,0.03,técnico
manufactured,5,9,0.02,0.018,0.03,técnico
favorable,7,15,0.028,0.03,0.03,crítico
destination,5,9,0.02,0.018,0.03,técnico
facility,5,9,0.02,0.018,0.03,técnico
overcoming,7,15,0.028,0.03,0.03,crítico
crowd,9,19,0.036,0.039,0.03,crítico
disasters,8,17,0.032,0.034,0.03,crítico
surveyed,6,11,0.024,0.022,0.02,técnico
similarities,16,33,0.064,0.067,0.02,crítico
avoided,6,11,0.024,0.022,0.02,técnico
tackling,7,13,0.028,0.026,0.02,técnico
nasa,6,11,0.024,0.022,0.02,técnico
deliver,12,25,0.048,0.051,0.02,crítico
until,13,27,0.052,0.055,0.02,crítico
indicating,17,35,0.068,0.071,0.02,crítico
delivery,27,55,0.108,0.111,0.02,crítico
sending,6,11,0.024,0.022,0.02,técnico
determination,15,31,0.06,0.063,0.02,crítico
hidden,24,49,0.096,0.099,0.02,crítico
instant,6,11,0.024,0.022,0.02,técnico
van,6,11,0.024,0.022,0.02,técnico
engines,18,37,0.072,0.075,0.02,crítico
demonstrating,30,61,0.12,0.124,0.02,crítico
frequent,15,31,0.06,0.063,0.02,crítico
gaze,16,33,0.064,0.067,0.02,crítico
attractive,11,23,0.044,0.047,0.02,crítico
ce,6,11,0.024,0.022,0.02,técnico
symbol,6,11,0.024,0.022,0.02,técnico
considerable,26,53,0.104,0.107,0.02,crítico
journey,7,13,0.028,0.026,0.02,técnico
disadvantage,6,11,0.024,0.022,0.02,técnico
schema,7,13,0.028,0.026,0.02,técnico
clients,13,27,0.052,0.055,0.02,crítico
retain,7,13,0.028,0.026,0.02,técnico
hardly,6,11,0.024,0.022,0.02,técnico
virus,11,23,0.044,0.047,0.02,crítico
males,6,11,0.024,0.022,0.02,técnico
button,6,11,0.024,0.022,0.02,técnico
mutual,27,55,0.108,0.111,0.02,crítico
occurred,12,25,0.048,0.051,0.02,crítico
figure,23,44,0.092,0.089,0.02,técnico
perceptual,10,21,0.04,0.043,0.02,crítico
annual,6,11,0.024,0.022,0.02,técnico
resistant,6,11,0.024,0.022,0.02,técnico
behave,6,11,0.024,0.022,0.02,técnico
corpus,24,46,0.096,0.093,0.02,técnico
office,10,21,0.04,0.043,0.02,crítico
pilot,10,19,0.04,0.039,0.01,técnico
wild,8,15,0.032,0.03,0.01,técnico
motivation,26,50,0.104,0.101,0.01,técnico
generally,47,91,0.188,0.184,0.01,técnico
divergence,9,17,0.036,0.034,0.01,técnico
footprint,8,15,0.032,0.03,0.01,técnico
explanations,33,67,0.132,0.136,0.01,crítico
ignore,10,19,0.04,0.039,0.01,técnico
sources,112,224,0.449,0.454,0.01,crítico
statistically,11,21,0.044,0.043,0.01,técnico
gained,29,56,0.116,0.114,0.01,técnico
day,40,78,0.16,0.158,0.01,técnico
recommend,10,19,0.04,0.039,0.01,técnico
pathway,8,15,0.032,0.03,0.01,técnico
blind,11,21,0.044,0.043,0.01,técnico
fourth,12,23,0.048,0.047,0.01,técnico
carries,8,15,0.032,0.03,0.01,técnico
ca,9,17,0.036,0.034,0.01,técnico
zones,8,15,0.032,0.03,0.01,técnico
contained,12,23,0.048,0.047,0.01,técnico
construct,68,133,0.273,0.27,0.01,técnico
predicts,11,21,0.044,0.043,0.01,técnico
mimic,8,15,0.032,0.03,0.01,técnico
procedures,36,70,0.144,0.142,0.01,técnico
specialized,11,21,0.044,0.043,0.01,técnico
poland,4,8,0.016,0.016,0.0,crítico
exchanging,3,6,0.012,0.012,0.0,crítico
equal,14,28,0.056,0.057,0.0,crítico
broadens,2,4,0.008,0.008,0.0,crítico
deepfake,5,10,0.02,0.02,0.0,crítico
envisaged,2,4,0.008,0.008,0.0,crítico
epoch,4,8,0.016,0.016,0.0,crítico
stimulation,4,8,0.016,0.016,0.0,crítico
specification,6,12,0.024,0.024,0.0,crítico
stimulates,2,4,0.008,0.008,0.0,crítico
citing,2,4,0.008,0.008,0.0,crítico
thoughts,4,8,0.016,0.016,0.0,crítico
acceptable,16,31,0.064,0.063,0.0,técnico
modularity,3,6,0.012,0.012,0.0,crítico
scalar,4,8,0.016,0.016,0.0,crítico
minimally,2,4,0.008,0.008,0.0,crítico
classifies,5,10,0.02,0.02,0.0,crítico
evaluations,28,55,0.112,0.111,0.0,técnico
exerted,3,6,0.012,0.012,0.0,crítico
clustered,3,6,0.012,0.012,0.0,crítico
sourced,6,12,0.024,0.024,0.0,crítico
judging,2,4,0.008,0.008,0.0,crítico
answers,13,26,0.052,0.053,0.0,crítico
roughly,3,6,0.012,0.012,0.0,crítico
moon,2,4,0.008,0.008,0.0,crítico
streamline,2,4,0.008,0.008,0.0,crítico
underestimate,2,4,0.008,0.008,0.0,crítico
imbalances,6,12,0.024,0.024,0.0,crítico
ant,7,14,0.028,0.028,0.0,crítico
zoom,2,4,0.008,0.008,0.0,crítico
trajectories,30,59,0.12,0.12,0.0,técnico
specify,7,14,0.028,0.028,0.0,crítico
click,5,10,0.02,0.02,0.0,crítico
somehow,2,4,0.008,0.008,0.0,crítico
emulation,2,4,0.008,0.008,0.0,crítico
situations,48,95,0.192,0.193,0.0,crítico
guard,2,4,0.008,0.008,0.0,crítico
absorb,3,6,0.012,0.012,0.0,crítico
benefited,2,4,0.008,0.008,0.0,crítico
absorbed,4,8,0.016,0.016,0.0,crítico
painting,3,6,0.012,0.012,0.0,crítico
phenotypic,2,4,0.008,0.008,0.0,crítico
enforce,7,14,0.028,0.028,0.0,crítico
service,104,205,0.417,0.416,0.0,técnico
signed,3,6,0.012,0.012,0.0,crítico
blend,2,4,0.008,0.008,0.0,crítico
shadows,3,6,0.012,0.012,0.0,crítico
billions,3,6,0.012,0.012,0.0,crítico
mistaken,2,4,0.008,0.008,0.0,crítico
example,92,183,0.369,0.371,0.0,crítico
keen,2,4,0.008,0.008,0.0,crítico
feeding,5,10,0.02,0.02,0.0,crítico
showcase,8,16,0.032,0.032,0.0,crítico
chapter,7,14,0.028,0.028,0.0,crítico
ups,5,10,0.02,0.02,0.0,crítico
maintain,50,98,0.201,0.199,0.0,técnico
bench,4,8,0.016,0.016,0.0,crítico
vertically,2,4,0.008,0.008,0.0,crítico
passivity,3,6,0.012,0.012,0.0,crítico
stepping,3,6,0.012,0.012,0.0,crítico
upward,4,8,0.016,0.016,0.0,crítico
glucose,2,4,0.008,0.008,0.0,crítico
patent,5,10,0.02,0.02,0.0,crítico
island,4,8,0.016,0.016,0.0,crítico
belong,6,12,0.024,0.024,0.0,crítico
appreciated,2,4,0.008,0.008,0.0,crítico
depiction,4,8,0.016,0.016,0.0,crítico
hri,6,12,0.024,0.024,0.0,crítico
unification,2,4,0.008,0.008,0.0,crítico
graduate,3,6,0.012,0.012,0.0,crítico
section,30,59,0.12,0.12,0.0,técnico
tradeoffs,4,8,0.016,0.016,0.0,crítico
usefulness,14,28,0.056,0.057,0.0,crítico
programmed,4,8,0.016,0.016,0.0,crítico
architectural,16,32,0.064,0.065,0.0,crítico
obligatory,2,4,0.008,0.008,0.0,crítico
culminating,2,4,0.008,0.008,0.0,crítico
preserved,6,12,0.024,0.024,0.0,crítico
quota,2,4,0.008,0.008,0.0,crítico
ranging,24,47,0.096,0.095,0.0,técnico
inherent,47,93,0.188,0.189,0.0,crítico
curriculum,4,8,0.016,0.016,0.0,crítico
symbols,6,12,0.024,0.024,0.0,crítico
lend,2,4,0.008,0.008,0.0,crítico
disseminate,6,12,0.024,0.024,0.0,crítico
watchdog,2,4,0.008,0.008,0.0,crítico
auditory,4,8,0.016,0.016,0.0,crítico
inferred,4,8,0.016,0.016,0.0,crítico
recognizable,2,4,0.008,0.008,0.0,crítico
cv,4,8,0.016,0.016,0.0,crítico
acute,5,10,0.02,0.02,0.0,crítico
recommender,12,24,0.048,0.049,0.0,crítico
annotators,3,6,0.012,0.012,0.0,crítico
explained,21,41,0.084,0.083,0.0,técnico
ineffective,6,12,0.024,0.024,0.0,crítico
distilled,3,6,0.012,0.012,0.0,crítico
freely,5,10,0.02,0.02,0.0,crítico
librarians,5,10,0.02,0.02,0.0,crítico
surveying,4,8,0.016,0.016,0.0,crítico
preventing,12,24,0.048,0.049,0.0,crítico
inside,21,41,0.084,0.083,0.0,técnico
arrive,3,6,0.012,0.012,0.0,crítico
extension,22,43,0.088,0.087,0.0,técnico
manufacturers,7,14,0.028,0.028,0.0,crítico
corroborate,2,4,0.008,0.008,0.0,crítico
annotating,3,6,0.012,0.012,0.0,crítico
correlate,4,8,0.016,0.016,0.0,crítico
association,37,73,0.148,0.148,0.0,técnico
display,26,52,0.104,0.105,0.0,crítico
offensive,5,10,0.02,0.02,0.0,crítico
coverage,43,84,0.172,0.17,0.0,técnico
insufficient,20,39,0.08,0.079,0.0,técnico
landmark,2,4,0.008,0.008,0.0,crítico
observers,8,16,0.032,0.032,0.0,crítico
interfere,3,6,0.012,0.012,0.0,crítico
vastly,3,6,0.012,0.012,0.0,crítico
instruct,2,4,0.008,0.008,0.0,crítico
publish,3,6,0.012,0.012,0.0,crítico
crowdsourced,3,6,0.012,0.012,0.0,crítico
lag,3,6,0.012,0.012,0.0,crítico
observable,5,10,0.02,0.02,0.0,crítico
instantly,2,4,0.008,0.008,0.0,crítico
preventive,8,16,0.032,0.032,0.0,crítico
formalize,4,8,0.016,0.016,0.0,crítico
formalized,4,8,0.016,0.016,0.0,crítico
attached,8,16,0.032,0.032,0.0,crítico
aggregate,13,26,0.052,0.053,0.0,crítico
noteworthy,3,6,0.012,0.012,0.0,crítico
structural,122,240,0.489,0.486,0.0,técnico
faculties,4,8,0.016,0.016,0.0,crítico
education,119,237,0.477,0.48,0.0,crítico
existed,3,6,0.012,0.012,0.0,crítico
director,2,4,0.008,0.008,0.0,crítico
utilising,4,8,0.016,0.016,0.0,crítico
respecting,2,4,0.008,0.008,0.0,crítico
elaborated,6,12,0.024,0.024,0.0,crítico
submitting,2,4,0.008,0.008,0.0,crítico
lists,7,14,0.028,0.028,0.0,crítico
unchanged,3,6,0.012,0.012,0.0,crítico
retention,4,8,0.016,0.016,0.0,crítico
returned,2,4,0.008,0.008,0.0,crítico
returns,5,10,0.02,0.02,0.0,crítico
reusable,3,6,0.012,0.012,0.0,crítico
fail,33,66,0.132,0.134,0.0,crítico
orientation,45,90,0.18,0.182,0.0,crítico
diminished,7,14,0.028,0.028,0.0,crítico
financially,3,6,0.012,0.012,0.0,crítico
colorado,2,4,0.008,0.008,0.0,crítico
investigation,49,98,0.197,0.199,0.0,crítico
populated,3,6,0.012,0.012,0.0,crítico
colonies,3,6,0.012,0.012,0.0,crítico
therein,4,8,0.016,0.016,0.0,crítico
williams,3,6,0.012,0.012,0.0,crítico
compete,4,8,0.016,0.016,0.0,crítico
functioned,2,4,0.008,0.008,0.0,crítico
confidentiality,3,6,0.012,0.012,0.0,crítico
alters,3,6,0.012,0.012,0.0,crítico
analytically,10,20,0.04,0.041,0.0,crítico
authenticate,2,4,0.008,0.008,0.0,crítico
theft,3,6,0.012,0.012,0.0,crítico
orbital,3,6,0.012,0.012,0.0,crítico
pave,2,4,0.008,0.008,0.0,crítico
authorization,2,4,0.008,0.008,0.0,crítico
turning,18,35,0.072,0.071,0.0,técnico
dramatically,7,14,0.028,0.028,0.0,crítico
intractable,3,6,0.012,0.012,0.0,crítico
rejected,3,6,0.012,0.012,0.0,crítico
amongst,8,16,0.032,0.032,0.0,crítico
intricacies,2,4,0.008,0.008,0.0,crítico
neighborhoods,4,8,0.016,0.016,0.0,crítico
ear,2,4,0.008,0.008,0.0,crítico
repeating,3,6,0.012,0.012,0.0,crítico
suite,4,8,0.016,0.016,0.0,crítico
ordered,4,8,0.016,0.016,0.0,crítico
replaces,4,8,0.016,0.016,0.0,crítico
include,72,143,0.289,0.29,0.0,crítico
functional,27,53,0.108,0.107,0.0,técnico
laborious,2,4,0.008,0.008,0.0,crítico
representations,74,145,0.297,0.294,0.0,técnico
poster,3,6,0.012,0.012,0.0,crítico
implying,4,8,0.016,0.016,0.0,crítico
